timestamp,txn_id,payee_vpa,amount,day_of_week,hour_of_day,shopping_category,instrument_type,era,label,call_overlap_flag,call_minutes,screen_share_flag,otp_share_flag,session_language_mismatch_flag,fresh_device_flag,days_since_reinstall,payee_account_age_days,payee_name_match_score,user_prior_txn_count_90d,user_mean_amt_90d,user_p95_amt_90d,user_max_amt_90d,user_tenure_days,time_since_last_txn_hours,user_txn_count_last_1h,user_txn_count_last_24h,payee_velocity_24h,payee_novelty_days,user_payee_txn_count_90d,user_id,payee_id
2026-09-15 13:56:58.404705,TXNREGIME_B_CROSS_PROCESS0001249,choudhuryhenry@okicici,1344.57,1,13,food_delivery,upi_p2m,fit,0,0,0.0,0,1,0,0,,71.4,0.176,0.0,0.0,0.0,0.0,0.0,720.0,0.0,0.0,0.0,0.0,0.0,216,53
2026-09-15 14:06:18.273022,TXNREGIME_B_CROSS_PROCESS0000282,shravya63@okhdfc,1699.69,1,14,person_to_person,upi_p2p,fit,0,0,0.0,0,0,0,0,,435.5,0.907,0.0,0.0,0.0,0.0,0.0,720.0,0.0,0.0,0.0,0.0,0.0,253,123
2026-09-15 14:26:14.821600,TXNREGIME_B_CROSS_PROCESS0000570,pranit53@okicici,1650.13,1,14,utility_bill,upi_p2p,fit,0,0,0.0,0,0,0,0,,176.9,0.958,0.0,0.0,0.0,0.0,0.0,720.0,0.0,0.0,0.0,0.0,0.0,267,38
2026-09-15 16:47:49.746247,TXNREGIME_B_CROSS_PROCESS0000605,warhidesai@paytm,8444.78,1,16,groceries,upi_p2m,fit,0,0,0.0,0,0,0,0,,432.6,0.895,0.0,0.0,0.0,0.0,0.0,720.0,0.0,0.0,0.0,0.0,0.0,18,160
2026-09-15 17:06:19.422166,TXNREGIME_B_CROSS_PROCESS0001183,rushildhingra@okicici,328.18,1,17,utility_bill,upi_p2m,fit,0,0,0.0,0,0,0,0,,574.4,0.962,0.0,0.0,0.0,0.0,0.0,720.0,0.0,0.0,0.0,0.0,0.0,164,89
2026-09-15 17:35:17.688417,TXNREGIME_B_CROSS_PROCESS0000365,upkaarmahajan@oksbi,4334.57,1,17,other,upi_p2p,fit,0,0,0.0,0,0,0,0,,361.6,0.596,0.0,0.0,0.0,0.0,0.0,720.0,0.0,0.0,0.0,0.0,0.0,293,86
2026-09-15 19:32:14.913826,TXNREGIME_B_CROSS_PROCESS0001288,vshukla@okhdfc,173.34,1,19,person_to_person,upi_p2p,fit,0,0,0.0,0,0,0,0,,48.4,0.992,0.0,0.0,0.0,0.0,0.0,720.0,0.0,0.0,0.0,0.0,0.0,6,136
2026-09-15 19:36:02.476516,TXNREGIME_B_CROSS_PROCESS0000542,jackkhurana@oksbi,329.33,1,19,recharge,upi_p2p,fit,0,0,0.0,0,0,0,0,,77.7,0.836,0.0,0.0,0.0,0.0,0.0,720.0,0.0,0.0,0.0,0.0,0.0,230,66
2026-09-15 20:29:41.230892,TXNREGIME_B_CROSS_PROCESS0000470,qdar@oksbi,384.2,1,20,recharge,upi_p2p,fit,0,0,0.0,0,0,0,0,,498.4,0.803,0.0,0.0,0.0,0.0,0.0,720.0,0.0,0.0,0.0,0.0,0.0,49,1
2026-09-15 21:48:39.002104,TXNREGIME_B_CROSS_PROCESS0001042,aravi@okicici,149.17,1,21,e_commerce,upi_p2p,fit,0,1,2.8,0,0,0,0,,118.5,0.935,0.0,0.0,0.0,0.0,0.0,720.0,0.0,0.0,0.0,0.0,0.0,121,2
2026-09-15 21:58:39.586684,TXNREGIME_B_CROSS_PROCESS0000418,sagarchanchal@okicici,1431.5,1,21,groceries,upi_p2p,fit,0,0,0.0,0,0,0,0,,36.3,0.947,0.0,0.0,0.0,0.0,0.0,720.0,0.0,0.0,0.0,0.0,0.0,67,158
2026-09-15 22:21:43.571748,TXNREGIME_B_CROSS_PROCESS0000894,goswamihemangini@okhdfc,1099.66,1,22,recharge,upi_p2p,fit,0,0,0.0,0,0,0,0,,85.2,0.792,0.0,0.0,0.0,0.0,0.0,720.0,0.0,0.0,0.0,0.0,0.0,246,119
2026-09-15 22:56:11.155963,TXNREGIME_B_CROSS_PROCESS0001227,manbir96@oksbi,1979.89,1,22,travel,upi_p2m,fit,0,0,0.0,0,0,0,0,,241.0,0.987,0.0,0.0,0.0,0.0,0.0,720.0,0.0,0.0,0.0,0.0,0.0,151,44
2026-09-15 23:10:37.132585,TXNREGIME_B_CROSS_PROCESS0000694,tripathinachiket@okicici,2972.19,1,23,e_commerce,upi_p2m,fit,0,0,0.0,0,0,0,0,,129.3,0.765,0.0,0.0,0.0,0.0,0.0,720.0,0.0,0.0,0.0,0.0,0.0,255,149
2026-09-15 23:29:20.976313,TXNREGIME_B_CROSS_PROCESS0001137,chandagirindra@okhdfc,839.44,1,23,food_delivery,upi_p2m,fit,0,0,0.0,0,0,0,0,,189.6,0.787,1.0,1979.89,1979.89,1979.89,0.0,0.552727875,1.0,1.0,0.0,0.0,0.0,151,116
2026-09-16 00:06:49.962075,TXNREGIME_B_CROSS_PROCESS0000166,chanchal93@okhdfc,569.61,2,0,food_delivery,upi_p2p,fit,0,0,0.0,0,0,0,0,,561.1,0.99,0.0,0.0,0.0,0.0,0.0,720.0,0.0,0.0,0.0,0.0,0.0,115,16
2026-09-16 00:20:47.016320,TXNREGIME_B_CROSS_PROCESS0001095,bobalvamakshi@ybl,1963.75,2,0,food_delivery,upi_p2p,fit,0,0,0.0,0,0,0,0,,275.6,0.989,1.0,1650.13,1650.13,1650.13,0.0,9.908942977777778,0.0,1.0,0.0,0.0,0.0,267,22
2026-09-16 01:40:18.506861,TXNREGIME_B_CROSS_PROCESS0000562,aachal41@okicici,258.73,2,1,recharge,upi_p2p,fit,1,0,0.0,0,0,0,0,,211.1,0.942,0.0,0.0,0.0,0.0,0.0,720.0,0.0,0.0,0.0,0.0,0.0,2,70
2026-09-16 01:51:44.432936,TXNREGIME_B_CROSS_PROCESS0001448,narasimhanarunima@okhdfc,255.7,2,1,recharge,upi_p2m,fit,1,0,0.0,0,0,0,0,,6.2,0.462,0.0,0.0,0.0,0.0,0.0,720.0,0.0,0.0,0.0,0.0,0.0,77,164
2026-09-16 03:03:56.330731,TXNREGIME_B_CROSS_PROCESS0001030,aayush79@okicici,318.83,2,3,groceries,upi_p2p,fit,0,0,0.0,0,0,0,0,,247.5,0.889,0.0,0.0,0.0,0.0,0.0,720.0,0.0,0.0,0.0,0.0,0.0,57,113
2026-09-16 03:36:04.242817,TXNREGIME_B_CROSS_PROCESS0000010,pranit53@okicici,2490.38,2,3,groceries,upi_p2m,fit,0,0,0.0,0,0,0,0,,218.0,0.912,0.0,0.0,0.0,0.0,0.0,720.0,0.0,0.0,1.0,0.0,0.0,33,38
2026-09-16 04:29:54.333478,TXNREGIME_B_CROSS_PROCESS0000488,shenoybishakha@okhdfc,653.69,2,4,utility_bill,upi_p2m,fit,0,0,0.0,0,0,0,0,,282.9,0.862,0.0,0.0,0.0,0.0,0.0,720.0,0.0,0.0,0.0,0.0,0.0,84,51
2026-09-16 05:24:07.500105,TXNREGIME_B_CROSS_PROCESS0000791,nimratdayal@oksbi,3018.69,2,5,travel,upi_p2p,fit,0,0,0.0,0,0,0,0,,149.4,0.765,0.0,0.0,0.0,0.0,0.0,720.0,0.0,0.0,0.0,0.0,0.0,314,104
2026-09-16 07:28:14.450084,TXNREGIME_B_CROSS_PROCESS0000012,wbedi@oksbi,1482.35,2,7,food_delivery,upi_p2p,fit,0,0,0.0,0,0,0,0,,65.7,0.848,0.0,0.0,0.0,0.0,0.0,720.0,0.0,0.0,0.0,0.0,0.0,247,40
2026-09-16 11:10:24.831825,TXNREGIME_B_CROSS_PROCESS0000576,llanka@okhdfc,223.49,2,11,e_commerce,upi_p2p,fit,0,0,0.0,0,0,0,0,,13.1,0.083,0.0,0.0,0.0,0.0,0.0,720.0,0.0,0.0,0.0,0.0,0.0,85,169
2026-09-16 11:44:08.504697,TXNREGIME_B_CROSS_PROCESS0000669,chamelikrishnan@ybl,2114.69,2,11,food_delivery,upi_p2m,fit,0,0,0.0,0,0,0,0,,83.9,0.856,0.0,0.0,0.0,0.0,0.0,720.0,0.0,0.0,0.0,0.0,0.0,263,67
2026-09-16 12:34:26.416605,TXNREGIME_B_CROSS_PROCESS0000887,fmodi@okhdfc,3620.25,2,12,person_to_person,upi_p2p,fit,0,1,0.2,0,0,0,0,,190.7,0.97,0.0,0.0,0.0,0.0,0.0,720.0,0.0,0.0,0.0,0.0,0.0,163,91
2026-09-16 12:57:29.904006,TXNREGIME_B_CROSS_PROCESS0000512,zayyan87@paytm,734.91,2,12,person_to_person,upi_p2m,fit,0,0,0.0,0,0,0,0,,441.5,0.755,0.0,0.0,0.0,0.0,0.0,720.0,0.0,0.0,0.0,0.0,0.0,94,135
2026-09-16 13:04:47.216278,TXNREGIME_B_CROSS_PROCESS0000552,vshukla@okhdfc,1308.35,2,13,food_delivery,upi_p2p,fit,0,0,0.0,0,0,0,0,,282.7,0.847,0.0,0.0,0.0,0.0,0.0,720.0,0.0,0.0,1.0,0.0,0.0,298,136
2026-09-16 13:46:20.324072,TXNREGIME_B_CROSS_PROCESS0000147,gaurikavala@okicici,1317.84,2,13,travel,upi_p2m,fit,0,0,0.0,0,0,0,0,,96.8,0.729,0.0,0.0,0.0,0.0,0.0,720.0,0.0,0.0,0.0,0.0,0.0,301,127
2026-09-16 14:42:54.135507,TXNREGIME_B_CROSS_PROCESS0000172,qaurora@paytm,431.62,2,14,utility_bill,upi_p2m,fit,0,0,0.0,0,0,0,0,,294.3,0.806,0.0,0.0,0.0,0.0,0.0,720.0,0.0,0.0,0.0,0.0,0.0,234,57
2026-09-16 15:54:36.163301,TXNREGIME_B_CROSS_PROCESS0000355,omkaar75@ybl,733.51,2,15,recharge,upi_p2p,fit,0,0,0.0,0,0,0,0,,53.2,0.779,0.0,0.0,0.0,0.0,0.0,720.0,0.0,0.0,0.0,0.0,0.0,102,55
2026-09-16 16:03:39.485984,TXNREGIME_B_CROSS_PROCESS0001102,sai75@okhdfc,1016.59,2,16,utility_bill,upi_p2m,fit,0,0,0.0,0,0,0,0,,184.6,0.904,0.0,0.0,0.0,0.0,0.0,720.0,0.0,0.0,0.0,0.0,0.0,39,42
2026-09-16 16:18:12.175456,TXNREGIME_B_CROSS_PROCESS0000868,simonsankaran@paytm,157.17,2,16,groceries,upi_p2p,fit,0,0,0.0,0,0,0,0,,82.3,0.622,0.0,0.0,0.0,0.0,0.0,720.0,0.0,0.0,0.0,0.0,0.0,106,94
2026-09-16 16:35:25.794764,TXNREGIME_B_CROSS_PROCESS0001480,jananibail@okicici,580.48,2,16,utility_bill,upi_p2m,fit,0,0,0.0,0,0,0,0,,405.0,0.919,1.0,1099.66,1099.66,1099.66,0.0,18.228395282222223,0.0,1.0,0.0,0.0,0.0,246,48
2026-09-16 16:36:15.549976,TXNREGIME_B_CROSS_PROCESS0000068,bobalvamakshi@ybl,207.46,2,16,travel,upi_p2p,fit,0,0,0.0,0,0,0,0,,522.9,0.674,0.0,0.0,0.0,0.0,0.0,720.0,0.0,0.0,1.0,0.0,0.0,193,22
2026-09-16 16:49:48.164946,TXNREGIME_B_CROSS_PROCESS0000530,orinderkaur@ybl,518.62,2,16,groceries,upi_p2m,fit,0,0,0.0,0,0,0,0,,32.2,0.84,0.0,0.0,0.0,0.0,0.0,720.0,0.0,0.0,0.0,0.0,0.0,289,105
2026-09-16 16:51:56.264724,TXNREGIME_B_CROSS_PROCESS0000687,yuvrajbrar@okhdfc,363.75,2,16,other,upi_autopay,fit,0,0,0.0,0,0,0,0,,144.2,0.636,0.0,0.0,0.0,0.0,0.0,720.0,0.0,0.0,0.0,0.0,0.0,79,134
2026-09-16 17:07:09.863700,TXNREGIME_B_CROSS_PROCESS0000056,abarman@okicici,778.67,2,17,person_to_person,upi_p2m,fit,0,0,0.0,0,0,0,0,,66.3,0.947,0.0,0.0,0.0,0.0,0.0,720.0,0.0,0.0,0.0,0.0,0.0,177,46
2026-09-16 19:05:14.876403,TXNREGIME_B_CROSS_PROCESS0000482,qaurora@paytm,845.24,2,19,e_commerce,upi_p2m,fit,0,0,0.0,0,0,0,0,,219.0,0.854,0.0,0.0,0.0,0.0,0.0,720.0,0.0,0.0,1.0,0.0,0.0,104,57
2026-09-16 19:36:17.222173,TXNREGIME_B_CROSS_PROCESS0001266,nimratdayal@oksbi,1673.26,2,19,e_commerce,upi_autopay,fit,0,0,0.0,0,0,0,0,,94.0,0.925,0.0,0.0,0.0,0.0,0.0,720.0,0.0,0.0,1.0,0.0,0.0,83,104
2026-09-16 19:38:02.854580,TXNREGIME_B_CROSS_PROCESS0001022,qaurora@paytm,355.42,2,19,e_commerce,upi_p2p,fit,0,0,0.6,0,0,1,0,,73.4,0.939,1.0,431.62,431.62,431.62,0.0,4.919088631388889,0.0,1.0,2.0,0.0,1.0,234,57
2026-09-16 19:44:03.575946,TXNREGIME_B_CROSS_PROCESS0000599,qtalwar@oksbi,3679.03,2,19,utility_bill,upi_p2m,fit,0,0,0.0,0,0,0,0,,129.5,0.805,0.0,0.0,0.0,0.0,0.0,720.0,0.0,0.0,0.0,0.0,0.0,103,137
2026-09-16 21:13:45.270046,TXNREGIME_B_CROSS_PROCESS0000199,nsaha@paytm,3695.0,2,21,travel,upi_p2p,fit,0,0,0.0,0,0,0,0,,132.4,0.479,1.0,258.73,258.73,258.73,0.0,19.55743421805556,0.0,1.0,0.0,0.0,0.0,2,24
2026-09-16 21:41:26.446491,TXNREGIME_B_CROSS_PROCESS0000187,vrittimallick@okhdfc,222.99,2,21,groceries,upi_p2p,fit,0,0,0.1,0,0,0,1,4.469192615210614,651.9,0.92,0.0,0.0,0.0,0.0,0.0,720.0,0.0,0.0,0.0,0.0,0.0,325,115
2026-09-16 21:58:34.109340,TXNREGIME_B_CROSS_PROCESS0000543,upkaarmahajan@oksbi,1686.68,2,21,groceries,upi_p2m,fit,0,0,0.0,1,0,0,0,,629.0,0.806,1.0,1673.26,1673.26,1673.26,0.0,2.371357546388889,0.0,1.0,0.0,0.0,0.0,83,86
2026-09-16 22:04:54.819170,TXNREGIME_B_CROSS_PROCESS0001125,mannandevansh@oksbi,398.64,2,22,food_delivery,upi_p2p,fit,0,0,0.0,0,0,0,0,,318.9,0.932,1.0,223.49,223.49,223.49,0.0,10.908329818055556,0.0,1.0,0.0,0.0,0.0,85,7
2026-09-16 22:28:17.072890,TXNREGIME_B_CROSS_PROCESS0000156,mannandevansh@oksbi,2427.85,2,22,utility_bill,upi_p2m,fit,0,0,0.0,0,0,0,0,,212.0,0.683,1.0,845.24,845.24,845.24,0.0,3.3839434686111107,0.0,1.0,1.0,0.0,0.0,104,7
2026-09-16 22:35:24.665713,TXNREGIME_B_CROSS_PROCESS0000079,rushildhingra@okicici,6179.34,2,22,recharge,upi_p2m,fit,0,0,0.0,0,0,0,0,,70.6,0.972,1.0,734.91,734.91,734.91,0.0,9.631878251944444,0.0,1.0,0.0,0.0,0.0,94,89
2026-09-16 22:44:40.163888,TXNREGIME_B_CROSS_PROCESS0000332,mannandevansh@oksbi,523.06,2,22,person_to_person,upi_p2m,fit,0,0,0.0,0,0,0,0,,786.7,0.835,0.0,0.0,0.0,0.0,0.0,720.0,0.0,0.0,2.0,0.0,0.0,28,7
2026-09-16 23:02:09.938863,TXNREGIME_B_CROSS_PROCESS0000899,abarman@okicici,62.0,2,23,recharge,upi_p2p,fit,0,0,0.0,0,0,0,0,,95.0,0.803,1.0,778.67,778.67,778.67,0.0,5.916687545277778,0.0,1.0,1.0,0.0,1.0,177,46
2026-09-17 00:28:23.015150,TXNREGIME_B_CROSS_PROCESS0001357,nkothari@okhdfc,1034.78,3,0,person_to_person,upi_p2p,fit,0,0,0.0,0,0,0,0,,224.6,0.913,0.0,0.0,0.0,0.0,0.0,720.0,0.0,0.0,0.0,0.0,0.0,334,117
2026-09-17 04:27:15.404996,TXNREGIME_B_CROSS_PROCESS0001364,pmukherjee@okhdfc,352.29,3,4,person_to_person,upi_p2p,fit,0,0,0.0,0,0,0,0,,265.6,0.963,0.0,0.0,0.0,0.0,0.0,720.0,0.0,0.0,0.0,0.0,0.0,270,28
2026-09-17 05:02:39.743224,TXNREGIME_B_CROSS_PROCESS0000267,borderidhi@okhdfc,530.9,3,5,person_to_person,upi_p2m,fit,0,0,0.0,0,0,0,0,,271.2,0.599,0.0,0.0,0.0,0.0,0.0,720.0,0.0,0.0,0.0,0.0,0.0,111,62
2026-09-17 05:17:21.630733,TXNREGIME_B_CROSS_PROCESS0000455,vshukla@okhdfc,3840.51,3,5,e_commerce,upi_p2p,fit,0,0,0.0,0,0,0,0,,54.2,0.819,0.0,0.0,0.0,0.0,0.0,720.0,0.0,0.0,1.0,0.0,0.0,311,136
2026-09-17 05:19:35.882831,TXNREGIME_B_CROSS_PROCESS0000403,siyachoudhary@ybl,4350.25,3,5,utility_bill,upi_p2m,fit,0,0,0.0,0,0,0,0,,244.5,0.864,1.0,1431.5,1431.5,1431.5,1.0,31.348971151944443,0.0,0.0,0.0,0.0,0.0,67,75
2026-09-17 05:57:54.523481,TXNREGIME_B_CROSS_PROCESS0001496,sagarchanchal@okicici,922.28,3,5,food_delivery,upi_p2p,fit,0,0,0.0,0,0,0,0,,193.4,0.62,0.0,0.0,0.0,0.0,0.0,720.0,0.0,0.0,0.0,0.0,0.0,147,158
2026-09-17 06:27:57.301865,TXNREGIME_B_CROSS_PROCESS0000110,lucky21@okicici,741.49,3,6,e_commerce,upi_p2p,fit,0,0,0.0,0,1,0,0,,46.9,0.82,0.0,0.0,0.0,0.0,0.0,720.0,0.0,0.0,0.0,0.0,0.0,150,25
2026-09-17 07:02:25.898249,TXNREGIME_B_CROSS_PROCESS0000295,vrittimallick@okhdfc,416.12,3,7,food_delivery,upi_p2p,fit,0,0,0.0,0,0,0,0,,160.2,0.775,0.0,0.0,0.0,0.0,0.0,720.0,0.0,0.0,1.0,0.0,0.0,231,115
2026-09-17 10:13:01.773997,TXNREGIME_B_CROSS_PROCESS0000545,viswanathanoscar@oksbi,2105.16,3,10,other,upi_p2p,fit,0,0,0.0,0,0,0,0,,159.2,0.555,1.0,149.17,149.17,149.17,1.0,36.40632552583333,0.0,0.0,0.0,0.0,0.0,121,54
2026-09-17 10:39:21.358866,TXNREGIME_B_CROSS_PROCESS0001150,tripathinachiket@okicici,417.66,3,10,groceries,upi_p2p,fit,0,0,0.0,0,0,0,0,,80.7,0.882,0.0,0.0,0.0,0.0,0.0,720.0,0.0,0.0,0.0,0.0,0.0,233,149
2026-09-17 10:41:09.653173,TXNREGIME_B_CROSS_PROCESS0000999,jackkhurana@oksbi,923.57,3,10,food_delivery,upi_p2p,fit,0,0,0.0,0,0,0,0,,656.6,0.328,1.0,1016.59,1016.59,1016.59,0.0,18.62504644138889,0.0,1.0,0.0,0.0,0.0,39,66
2026-09-17 11:09:43.934981,TXNREGIME_B_CROSS_PROCESS0000802,noah04@paytm,1755.28,3,11,e_commerce,upi_autopay,fit,0,0,0.0,0,0,0,0,,43.3,0.869,0.0,0.0,0.0,0.0,0.0,720.0,0.0,0.0,0.0,0.0,0.0,182,8
2026-09-17 11:44:49.346248,TXNREGIME_B_CROSS_PROCESS0001006,mannandevansh@oksbi,523.61,3,11,e_commerce,upi_p2m,fit,0,0,0.0,0,0,0,0,,89.2,0.939,2.0,311.065,389.8825,398.64,1.0,13.665146410555556,0.0,1.0,3.0,0.0,1.0,85,7
2026-09-17 12:22:47.105275,TXNREGIME_B_CROSS_PROCESS0000865,simonsankaran@paytm,57.48,3,12,person_to_person,upi_p2p,fit,0,0,0.0,0,0,0,1,8.475482459099144,312.0,0.905,0.0,0.0,0.0,0.0,0.0,720.0,0.0,0.0,1.0,0.0,0.0,175,94
2026-09-17 15:08:21.573509,TXNREGIME_B_CROSS_PROCESS0000176,omkaar75@ybl,118.02,3,15,person_to_person,upi_p2m,fit,0,0,0.0,0,0,0,0,,920.9,0.66,2.0,1409.665,1922.8675,1979.89,1.0,39.650165887777774,0.0,0.0,1.0,0.0,0.0,151,55
2026-09-17 15:26:37.754866,TXNREGIME_B_CROSS_PROCESS0000192,tripathinachiket@okicici,5678.5,3,15,e_commerce,upi_p2p,fit,0,0,0.0,0,0,0,1,1.5885938861275513,73.8,0.934,0.0,0.0,0.0,0.0,0.0,720.0,0.0,0.0,1.0,0.0,0.0,202,149
2026-09-17 18:13:52.633552,TXNREGIME_B_CROSS_PROCESS0001207,yutikasaran@okhdfc,1088.03,3,18,travel,upi_p2m,fit,0,0,0.0,0,0,0,0,,615.8,0.829,0.0,0.0,0.0,0.0,0.0,720.0,0.0,0.0,0.0,0.0,0.0,46,114
2026-09-17 19:24:33.384106,TXNREGIME_B_CROSS_PROCESS0000451,satheleela@okhdfc,5557.83,3,19,person_to_person,upi_p2p,fit,1,0,0.0,0,0,0,0,,594.7,0.673,0.0,0.0,0.0,0.0,0.0,720.0,0.0,0.0,0.0,0.0,0.0,91,19
2026-09-17 20:01:58.109662,TXNREGIME_B_CROSS_PROCESS0000952,goswamihemangini@okhdfc,818.62,3,20,groceries,upi_p2m,fit,0,0,0.0,1,0,0,0,,729.7,0.798,0.0,0.0,0.0,0.0,0.0,720.0,0.0,0.0,0.0,0.0,0.0,194,119
2026-09-17 20:19:20.899135,TXNREGIME_B_CROSS_PROCESS0000807,mohammed68@okhdfc,946.16,3,20,person_to_person,upi_p2m,fit,0,0,0.0,0,0,0,0,,78.8,0.817,0.0,0.0,0.0,0.0,0.0,720.0,0.0,0.0,0.0,0.0,0.0,287,98
2026-09-17 20:22:38.788256,TXNREGIME_B_CROSS_PROCESS0000072,siyachoudhary@ybl,1628.64,3,20,groceries,upi_autopay,fit,0,0,0.0,0,0,0,0,,848.7,0.409,1.0,384.2,384.2,384.2,1.0,47.88265482333333,0.0,0.0,1.0,0.0,0.0,49,75
2026-09-18 00:10:37.845900,TXNREGIME_B_CROSS_PROCESS0001100,abarman@okicici,501.01,4,0,other,upi_p2m,fit,0,0,0.0,0,0,0,0,,758.9,0.879,1.0,222.99,222.99,222.99,1.0,26.486499835833335,0.0,0.0,0.0,0.0,0.0,325,46
2026-09-18 00:53:12.761623,TXNREGIME_B_CROSS_PROCESS0001188,viswanathanoscar@oksbi,559.34,4,0,travel,upi_autopay,fit,0,0,0.0,0,0,0,0,,20.8,0.601,0.0,0.0,0.0,0.0,0.0,720.0,0.0,0.0,1.0,0.0,0.0,211,54
2026-09-18 01:06:18.136293,TXNREGIME_B_CROSS_PROCESS0000871,sai75@okhdfc,1988.49,4,1,groceries,upi_p2p,fit,0,0,0.0,0,0,0,0,,167.1,0.932,2.0,970.08,1011.9390000000001,1016.59,1.0,14.419023088888888,0.0,1.0,0.0,1.0,1.0,39,42
2026-09-18 01:08:15.487855,TXNREGIME_B_CROSS_PROCESS0000224,satheleela@okhdfc,144.72,4,1,food_delivery,upi_p2m,fit,0,0,0.0,0,0,0,0,,372.3,0.794,3.0,979.1166666666668,1865.845,1979.89,2.0,9.998309540555555,0.0,1.0,1.0,0.0,0.0,151,19
2026-09-18 02:33:40.335109,TXNREGIME_B_CROSS_PROCESS0000641,jbhat@okhdfc,848.5,4,2,recharge,upi_p2p,fit,0,0,0.0,0,0,0,0,,3.2,0.23,1.0,3018.69,3018.69,3018.69,1.0,45.159120834444444,0.0,0.0,0.0,0.0,0.0,314,168
2026-09-18 02:41:50.261175,TXNREGIME_B_CROSS_PROCESS0000302,bansalisaac@okhdfc,437.76,4,2,e_commerce,upi_p2p,fit,0,0,0.0,0,0,0,0,,48.2,0.787,0.0,0.0,0.0,0.0,0.0,720.0,0.0,0.0,0.0,0.0,0.0,31,154
2026-09-18 02:49:22.529445,TXNREGIME_B_CROSS_PROCESS0000231,nimratdayal@oksbi,4020.75,4,2,groceries,upi_p2p,fit,0,0,0.0,0,0,0,0,,234.8,0.806,2.0,1933.595,2910.1805,3018.69,1.0,0.2617206488888889,1.0,1.0,0.0,1.0,1.0,314,104
2026-09-18 04:23:06.671361,TXNREGIME_B_CROSS_PROCESS0000578,tripathinachiket@okicici,1123.35,4,4,food_delivery,upi_p2m,fit,0,0,0.0,0,0,0,0,,125.1,0.888,1.0,5678.5,5678.5,5678.5,0.0,12.941365693055555,0.0,1.0,2.0,0.0,1.0,202,149
2026-09-18 04:23:39.821178,TXNREGIME_B_CROSS_PROCESS0000666,mannandevansh@oksbi,407.75,4,4,person_to_person,upi_p2p,fit,0,0,0.0,0,0,0,0,,75.3,0.7,2.0,1636.545,2348.7195,2427.85,1.0,29.922985635555555,0.0,0.0,1.0,1.0,1.0,104,7
2026-09-18 05:58:32.758659,TXNREGIME_B_CROSS_PROCESS0000904,nkothari@okhdfc,769.21,4,5,food_delivery,upi_p2m,fit,0,0,0.0,0,0,0,0,,72.7,0.775,0.0,0.0,0.0,0.0,0.0,720.0,0.0,0.0,0.0,0.0,0.0,87,117
2026-09-18 07:16:16.126224,TXNREGIME_B_CROSS_PROCESS0000916,borderidhi@okhdfc,4935.64,4,7,food_delivery,upi_p2p,fit,0,0,0.0,0,0,0,0,,225.2,0.935,0.0,0.0,0.0,0.0,0.0,720.0,0.0,0.0,0.0,0.0,0.0,307,62
2026-09-18 09:05:15.554827,TXNREGIME_B_CROSS_PROCESS0001120,samuelnayar@ybl,608.76,4,9,utility_bill,upi_p2p,fit,0,0,0.0,0,0,0,0,,21.1,0.532,0.0,0.0,0.0,0.0,0.0,720.0,0.0,0.0,0.0,0.0,0.0,249,20
2026-09-18 09:05:33.855942,TXNREGIME_B_CROSS_PROCESS0000013,lpatla@ybl,1059.54,4,9,person_to_person,upi_p2m,fit,0,0,0.0,0,0,0,0,,51.1,0.939,0.0,0.0,0.0,0.0,0.0,720.0,0.0,0.0,0.0,0.0,0.0,268,26
2026-09-18 10:23:13.409828,TXNREGIME_B_CROSS_PROCESS0001278,mastereesha@oksbi,1737.43,4,10,person_to_person,upi_p2p,fit,0,0,0.0,0,0,0,0,,169.5,0.471,0.0,0.0,0.0,0.0,0.0,720.0,0.0,0.0,0.0,0.0,0.0,112,18
2026-09-18 11:03:52.357513,TXNREGIME_B_CROSS_PROCESS0001388,vrittimallick@okhdfc,5809.19,4,11,e_commerce,upi_p2m,fit,0,0,0.0,0,0,0,0,,830.5,0.889,0.0,0.0,0.0,0.0,0.0,720.0,0.0,0.0,0.0,0.0,0.0,214,115
2026-09-18 11:10:14.812625,TXNREGIME_B_CROSS_PROCESS0001023,pingleviraj@oksbi,258.75,4,11,recharge,upi_p2m,fit,0,0,0.0,0,0,0,0,,187.3,0.991,0.0,0.0,0.0,0.0,0.0,720.0,0.0,0.0,0.0,0.0,0.0,240,17
2026-09-18 11:30:35.958652,TXNREGIME_B_CROSS_PROCESS0000177,liambhargava@okhdfc,1287.3,4,11,e_commerce,upi_p2m,fit,0,0,0.0,0,0,0,0,,28.7,0.879,2.0,1679.97,1686.009,1686.68,1.0,37.533847031111115,0.0,0.0,0.0,0.0,0.0,83,84
2026-09-18 13:53:15.181757,TXNREGIME_B_CROSS_PROCESS0001083,jackkhurana@oksbi,3421.93,4,13,other,upi_p2p,fit,0,0,0.0,0,0,0,0,,433.1,0.859,0.0,0.0,0.0,0.0,0.0,720.0,0.0,0.0,0.0,0.0,0.0,19,66
2026-09-18 13:54:50.978421,TXNREGIME_B_CROSS_PROCESS0000077,chandagirindra@okhdfc,4384.5,4,13,utility_bill,upi_p2p,fit,0,0,0.0,0,0,0,0,,439.4,0.787,0.0,0.0,0.0,0.0,0.0,720.0,0.0,0.0,0.0,0.0,0.0,278,116
2026-09-18 15:05:51.447661,TXNREGIME_B_CROSS_PROCESS0001251,vshukla@okhdfc,599.49,4,15,person_to_person,upi_p2p,fit,0,0,0.0,0,0,0,0,,94.0,0.779,1.0,2490.38,2490.38,2490.38,2.0,59.496445789999996,0.0,0.0,0.0,0.0,0.0,33,136
2026-09-18 17:54:54.413031,TXNREGIME_B_CROSS_PROCESS0000507,samuelnayar@ybl,2355.29,4,17,travel,upi_p2p,fit,0,0,0.0,0,0,0,0,,195.5,0.912,1.0,608.76,608.76,608.76,0.0,8.827460612222222,0.0,1.0,1.0,0.0,1.0,249,20
2026-09-18 18:04:11.932332,TXNREGIME_B_CROSS_PROCESS0000882,pranit53@okicici,2477.03,4,18,food_delivery,upi_p2p,fit,0,0,0.0,0,0,0,0,,109.9,0.614,0.0,0.0,0.0,0.0,0.0,720.0,0.0,0.0,0.0,0.0,0.0,134,38
2026-09-18 21:01:20.895596,TXNREGIME_B_CROSS_PROCESS0000314,viraj10@okhdfc,344.79,4,21,utility_bill,upi_p2m,fit,0,0,0.0,0,0,0,0,,441.8,0.916,0.0,0.0,0.0,0.0,0.0,720.0,0.0,0.0,0.0,0.0,0.0,275,32
2026-09-18 21:44:44.545449,TXNREGIME_B_CROSS_PROCESS0000782,manyaraj@okhdfc,674.11,4,21,travel,upi_p2p,fit,0,0,0.0,0,0,0,0,,117.3,0.848,0.0,0.0,0.0,0.0,0.0,720.0,0.0,0.0,0.0,0.0,0.0,149,12
2026-09-18 21:48:33.182737,TXNREGIME_B_CROSS_PROCESS0001186,aishani60@ybl,1344.67,4,21,food_delivery,upi_p2p,fit,0,0,0.0,0,0,0,0,,30.0,0.82,0.0,0.0,0.0,0.0,0.0,720.0,0.0,0.0,0.0,0.0,0.0,71,47
2026-09-18 22:17:52.690584,TXNREGIME_B_CROSS_PROCESS0001457,noah04@paytm,1730.72,4,22,person_to_person,upi_p2p,fit,0,0,0.0,0,0,0,0,,85.7,0.9,0.0,0.0,0.0,0.0,0.0,720.0,0.0,0.0,0.0,0.0,0.0,137,8
2026-09-19 00:12:57.918200,TXNREGIME_B_CROSS_PROCESS0001045,buchchakradhar@paytm,621.81,5,0,recharge,upi_p2p,fit,0,0,0.0,0,0,0,0,,333.0,0.783,0.0,0.0,0.0,0.0,0.0,720.0,0.0,0.0,0.0,0.0,0.0,66,30
2026-09-19 00:22:43.259713,TXNREGIME_B_CROSS_PROCESS0000434,samuelnayar@ybl,1567.51,5,0,food_delivery,upi_p2p,fit,0,0,0.0,0,0,0,0,,258.0,0.773,0.0,0.0,0.0,0.0,0.0,720.0,0.0,0.0,2.0,0.0,0.0,218,20
2026-09-19 00:45:50.229085,TXNREGIME_B_CROSS_PROCESS0001468,rushildhingra@okicici,1927.5,5,0,groceries,upi_p2p,fit,0,0,0.0,1,0,0,0,,730.8,0.961,0.0,0.0,0.0,0.0,0.0,720.0,0.0,0.0,0.0,0.0,0.0,36,89
2026-09-19 01:27:13.132218,TXNREGIME_B_CROSS_PROCESS0000059,zilmilmalhotra@okicici,573.69,5,1,other,upi_p2m,fit,0,0,0.0,0,0,1,0,,328.9,0.779,0.0,0.0,0.0,0.0,0.0,720.0,0.0,0.0,0.0,0.0,0.0,259,31
2026-09-19 02:23:28.168387,TXNREGIME_B_CROSS_PROCESS0001328,siyachoudhary@ybl,338.8,5,2,groceries,upi_p2p,fit,0,0,0.0,0,0,0,0,,55.4,0.865,0.0,0.0,0.0,0.0,0.0,720.0,0.0,0.0,0.0,0.0,0.0,283,75
2026-09-19 03:35:41.941055,TXNREGIME_B_CROSS_PROCESS0001253,liambhargava@okhdfc,598.49,5,3,utility_bill,upi_p2m,fit,0,0,0.0,0,0,0,0,,171.3,0.938,1.0,173.34,173.34,173.34,3.0,80.05750756361111,0.0,0.0,1.0,0.0,0.0,6,84
2026-09-19 03:42:18.438503,TXNREGIME_B_CROSS_PROCESS0000076,gautam10@okhdfc,753.53,5,3,person_to_person,upi_p2p,fit,0,0,0.0,0,0,0,0,,129.8,0.871,1.0,1344.57,1344.57,1344.57,3.0,85.7555649438889,0.0,0.0,0.0,0.0,0.0,216,37
2026-09-19 03:50:17.143886,TXNREGIME_B_CROSS_PROCESS0000289,lucky21@okicici,3128.88,5,3,food_delivery,upi_p2p,fit,0,0,0.0,0,0,0,0,,248.0,0.834,0.0,0.0,0.0,0.0,0.0,720.0,0.0,0.0,0.0,0.0,0.0,271,25
2026-09-19 05:09:09.426801,TXNREGIME_B_CROSS_PROCESS0000812,darabhavna@paytm,386.28,5,5,groceries,upi_p2m,fit,0,0,0.0,0,0,0,0,,227.4,0.818,0.0,0.0,0.0,0.0,0.0,720.0,0.0,0.0,0.0,0.0,0.0,135,97
2026-09-19 10:02:39.667470,TXNREGIME_B_CROSS_PROCESS0001161,lpatla@ybl,364.19,5,10,groceries,upi_p2p,fit,0,0,0.0,0,0,0,0,,81.2,0.439,0.0,0.0,0.0,0.0,0.0,720.0,0.0,0.0,0.0,0.0,0.0,310,26
2026-09-19 12:08:17.549121,TXNREGIME_B_CROSS_PROCESS0000844,mannandevansh@oksbi,511.64,5,12,groceries,upi_p2m,fit,0,0,0.0,0,0,0,0,,246.1,0.854,3.0,1226.9466666666665,2269.589,2427.85,2.0,31.743813317500003,0.0,0.0,0.0,2.0,2.0,104,7
2026-09-19 12:25:46.211552,TXNREGIME_B_CROSS_PROCESS0000815,damini37@ybl,200.35,5,12,travel,upi_autopay,fit,0,0,0.0,0,0,0,0,,241.0,0.869,0.0,0.0,0.0,0.0,0.0,720.0,0.0,0.0,0.0,0.0,0.0,185,73
2026-09-19 13:20:45.953368,TXNREGIME_B_CROSS_PROCESS0001048,damini37@ybl,1555.85,5,13,food_delivery,upi_p2m,fit,0,0,0.0,0,0,0,0,,106.9,0.656,1.0,417.66,417.66,417.66,2.0,50.690165139444446,0.0,0.0,1.0,0.0,0.0,233,73
2026-09-19 14:38:15.187641,TXNREGIME_B_CROSS_PROCESS0001246,aayush79@okicici,3718.04,5,14,e_commerce,upi_p2p,fit,0,0,0.0,0,0,0,0,,159.7,0.594,0.0,0.0,0.0,0.0,0.0,720.0,0.0,0.0,0.0,0.0,0.0,105,113
2026-09-19 15:08:08.329872,TXNREGIME_B_CROSS_PROCESS0001265,mannandevansh@oksbi,542.63,5,15,utility_bill,upi_p2p,fit,0,0,0.0,0,0,0,0,,993.2,0.949,1.0,523.06,523.06,523.06,2.0,64.39115721777777,0.0,0.0,1.0,2.0,1.0,28,7
2026-09-19 16:02:24.718481,TXNREGIME_B_CROSS_PROCESS0001332,pmukherjee@okhdfc,982.14,5,16,utility_bill,upi_p2p,fit,0,0,0.0,0,0,0,0,,123.5,0.698,0.0,0.0,0.0,0.0,0.0,720.0,0.0,0.0,0.0,0.0,0.0,124,28
2026-09-19 18:05:03.478858,TXNREGIME_B_CROSS_PROCESS0001189,borderidhi@okhdfc,351.48,5,18,other,upi_p2m,fit,0,0,0.0,0,0,0,0,,487.4,0.766,1.0,530.9,530.9,530.9,2.0,61.039926565,0.0,0.0,0.0,2.0,1.0,111,62
2026-09-19 19:23:23.053278,TXNREGIME_B_CROSS_PROCESS0000083,noah04@paytm,1312.67,5,19,groceries,upi_p2m,fit,0,0,0.0,0,0,0,1,0.1378325075638092,350.0,0.849,0.0,0.0,0.0,0.0,0.0,720.0,0.0,0.0,1.0,0.0,0.0,221,8
2026-09-19 22:20:28.457612,TXNREGIME_B_CROSS_PROCESS0000121,choudhuryhenry@okicici,880.9,5,22,utility_bill,upi_autopay,fit,0,0,0.0,0,0,0,0,,92.5,0.838,0.0,0.0,0.0,0.0,0.0,720.0,0.0,0.0,0.0,0.0,0.0,119,53
2026-09-19 22:36:56.004296,TXNREGIME_B_CROSS_PROCESS0001197,idash@paytm,1336.61,5,22,person_to_person,upi_p2p,fit,0,1,3.4,0,0,0,0,,432.9,0.844,0.0,0.0,0.0,0.0,0.0,720.0,0.0,0.0,0.0,0.0,0.0,14,76
2026-09-19 22:55:41.842004,TXNREGIME_B_CROSS_PROCESS0000738,vshukla@okhdfc,1600.34,5,22,e_commerce,upi_p2p,fit,0,0,1.4,0,0,0,0,,183.2,0.819,1.0,3840.51,3840.51,3840.51,2.0,65.63894757527778,0.0,0.0,0.0,2.0,1.0,311,136
2026-09-19 23:55:50.991238,TXNREGIME_B_CROSS_PROCESS0001089,devikaravi@okicici,1341.6,5,23,utility_bill,upi_p2p,fit,0,0,1.9,0,0,0,0,,92.0,0.844,0.0,0.0,0.0,0.0,0.0,720.0,0.0,0.0,0.0,0.0,0.0,1,125
2026-09-20 00:18:44.802945,TXNREGIME_B_CROSS_PROCESS0000054,zayyan87@paytm,989.55,6,0,recharge,upi_p2m,fit,0,0,0.0,0,0,0,0,,659.3,0.927,2.0,3457.125,5907.1185,6179.34,3.0,73.72226034222223,0.0,0.0,0.0,3.0,1.0,94,135
2026-09-20 03:04:55.157042,TXNREGIME_B_CROSS_PROCESS0001146,sai75@okhdfc,359.94,6,3,person_to_person,upi_p2m,fit,0,0,0.0,0,0,0,1,0.8064140495883947,193.7,0.68,1.0,255.7,255.7,255.7,4.0,97.219645585,0.0,0.0,0.0,0.0,0.0,77,42
2026-09-20 03:07:37.964338,TXNREGIME_B_CROSS_PROCESS0000310,fmodi@okhdfc,967.11,6,3,food_delivery,upi_p2m,fit,0,0,0.0,0,0,0,0,,92.5,0.72,0.0,0.0,0.0,0.0,0.0,720.0,0.0,0.0,0.0,0.0,0.0,212,91
2026-09-20 03:23:43.420312,TXNREGIME_B_CROSS_PROCESS0000535,prashadprisha@okhdfc,1192.97,6,3,e_commerce,upi_p2m,fit,0,0,0.0,0,0,0,1,0.22378458782578797,214.7,0.642,1.0,3718.04,3718.04,3718.04,0.0,12.757842408611111,0.0,1.0,0.0,0.0,0.0,105,151
2026-09-20 03:27:21.430392,TXNREGIME_B_CROSS_PROCESS0001202,dbadal@paytm,1157.94,6,3,e_commerce,upi_p2m,fit,0,0,0.0,0,0,0,0,,129.9,0.998,0.0,0.0,0.0,0.0,0.0,720.0,0.0,0.0,0.0,0.0,0.0,229,87
2026-09-20 04:25:51.004335,TXNREGIME_B_CROSS_PROCESS0000300,nimratdayal@oksbi,470.95,6,4,utility_bill,upi_p2p,fit,0,0,0.0,0,0,0,0,,665.4,0.982,1.0,559.34,559.34,559.34,2.0,51.54395630888889,0.0,0.0,0.0,0.0,0.0,211,104
2026-09-20 05:08:30.295637,TXNREGIME_B_CROSS_PROCESS0000789,devikaravi@okicici,317.13,6,5,person_to_person,upi_p2p,fit,0,0,0.0,0,0,0,1,1.125134422321302,391.0,0.9,1.0,364.19,364.19,364.19,0.0,19.097396713055556,0.0,1.0,1.0,0.0,0.0,310,125
2026-09-20 05:53:49.832668,TXNREGIME_B_CROSS_PROCESS0000943,shravya63@okhdfc,990.34,6,5,groceries,upi_p2p,fit,0,0,0.0,0,0,0,0,,242.9,0.58,1.0,1699.69,1699.69,1699.69,4.0,111.79209990166666,0.0,0.0,0.0,4.0,1.0,253,123
2026-09-20 08:14:13.379350,TXNREGIME_B_CROSS_PROCESS0001462,zilmilmalhotra@okicici,2783.7,6,8,groceries,upi_p2p,fit,0,0,0.0,0,0,0,0,,196.2,0.625,1.0,328.18,328.18,328.18,4.0,111.13165477333334,0.0,0.0,0.0,0.0,0.0,164,31
2026-09-20 08:16:22.706053,TXNREGIME_B_CROSS_PROCESS0000525,omkaar75@ybl,373.21,6,8,recharge,upi_p2p,fit,0,0,0.0,0,0,0,0,,328.4,0.774,2.0,515.145,554.9205000000001,559.34,2.0,3.842139366111111,0.0,1.0,0.0,0.0,0.0,211,55
2026-09-20 10:20:45.712853,TXNREGIME_B_CROSS_PROCESS0000432,rushildhingra@okicici,1540.66,6,10,person_to_person,upi_p2p,fit,0,0,1.3,0,0,0,0,,22.0,0.925,1.0,2114.69,2114.69,2114.69,3.0,94.6103355988889,0.0,0.0,0.0,0.0,0.0,263,89
2026-09-20 12:32:24.907260,TXNREGIME_B_CROSS_PROCESS0001296,yutikasaran@okhdfc,1194.7,6,12,travel,upi_p2p,fit,0,0,0.0,0,0,0,0,,886.1,0.931,1.0,437.76,437.76,437.76,2.0,57.84295724583333,0.0,0.0,0.0,0.0,0.0,31,114
2026-09-20 12:56:50.936916,TXNREGIME_B_CROSS_PROCESS0000021,simonsankaran@paytm,966.34,6,12,person_to_person,upi_p2m,fit,1,0,0.0,0,0,0,0,,24.6,0.861,1.0,338.8,338.8,338.8,1.0,34.556324591388886,0.0,0.0,0.0,0.0,0.0,283,94
2026-09-20 15:02:47.900395,TXNREGIME_B_CROSS_PROCESS0000306,sai75@okhdfc,1496.58,6,15,recharge,upi_p2p,fit,0,0,0.0,0,0,0,0,,562.5,0.851,3.0,1309.55,1891.3,1988.49,3.0,61.941601139444444,0.0,0.0,1.0,3.0,2.0,39,42
2026-09-20 15:04:30.733763,TXNREGIME_B_CROSS_PROCESS0000592,qaurora@paytm,1024.4,6,15,food_delivery,upi_p2p,fit,0,0,0.0,0,0,0,0,,375.5,0.878,0.0,0.0,0.0,0.0,0.0,720.0,0.0,0.0,0.0,0.0,0.0,169,57
2026-09-20 16:40:06.809471,TXNREGIME_B_CROSS_PROCESS0001122,qarin08@okhdfc,283.65,6,16,utility_bill,upi_p2p,fit,0,0,2.5,0,0,0,0,,54.4,0.922,0.0,0.0,0.0,0.0,0.0,720.0,0.0,0.0,0.0,0.0,0.0,8,13
2026-09-20 17:00:08.794816,TXNREGIME_B_CROSS_PROCESS0000723,jbhatti@okhdfc,3723.26,6,17,person_to_person,upi_p2p,fit,0,0,0.8,0,0,0,0,,261.1,0.854,4.0,1356.3075,1914.7034999999998,1988.49,4.0,1.9558040058333332,0.0,1.0,0.0,0.0,0.0,39,5
2026-09-20 18:24:39.998290,TXNREGIME_B_CROSS_PROCESS0001258,riyabrar@paytm,1018.19,6,18,recharge,upi_autopay,fit,0,0,0.0,0,0,0,0,,108.2,0.947,0.0,0.0,0.0,0.0,0.0,720.0,0.0,0.0,0.0,0.0,0.0,139,6
2026-09-20 21:04:48.081261,TXNREGIME_B_CROSS_PROCESS0000476,watikabedi@okicici,1450.44,6,21,food_delivery,upi_p2m,fit,0,0,0.0,0,0,0,0,,348.8,0.809,1.0,363.75,363.75,363.75,4.0,100.2143934825,0.0,0.0,0.0,0.0,0.0,79,27
2026-09-20 22:01:39.869614,TXNREGIME_B_CROSS_PROCESS0001066,zilmilmalhotra@okicici,2823.79,6,22,utility_bill,upi_p2m,fit,0,0,0.0,0,0,0,0,,167.8,0.978,2.0,393.52,427.81,431.62,4.0,98.39361528722222,0.0,0.0,1.0,0.0,0.0,234,31
2026-09-20 23:50:31.409703,TXNREGIME_B_CROSS_PROCESS0000486,siyachoudhary@ybl,2548.46,6,23,recharge,upi_p2p,fit,0,0,0.0,0,0,0,0,,504.3,0.802,5.0,1829.6979999999999,3376.3059999999996,3723.26,4.0,6.839615246388889,0.0,2.0,0.0,0.0,0.0,39,75
2026-09-21 00:03:44.167251,TXNREGIME_B_CROSS_PROCESS0001481,aishani60@ybl,260.2,0,0,utility_bill,upi_p2p,fit,0,0,0.0,0,0,0,0,,32.6,0.702,0.0,0.0,0.0,0.0,0.0,720.0,0.0,0.0,0.0,0.0,0.0,122,47
2026-09-21 00:04:13.447515,TXNREGIME_B_CROSS_PROCESS0000929,devikaravi@okicici,2988.32,0,0,e_commerce,upi_p2p,fit,0,0,0.0,0,0,0,0,,116.2,0.765,1.0,1341.6,1341.6,1341.6,1.0,24.139571188055555,0.0,0.0,1.0,1.0,1.0,1,125
2026-09-21 01:15:26.367320,TXNREGIME_B_CROSS_PROCESS0001029,lpatla@ybl,3538.2,0,1,groceries,upi_autopay,fit,0,0,0.0,0,0,0,0,,51.3,0.734,0.0,0.0,0.0,0.0,0.0,720.0,0.0,0.0,0.0,0.0,0.0,286,26
2026-09-21 01:15:45.118473,TXNREGIME_B_CROSS_PROCESS0000499,gautam10@okhdfc,1575.47,0,1,e_commerce,upi_p2p,fit,0,0,0.0,0,0,0,0,,109.8,0.828,1.0,1059.54,1059.54,1059.54,2.0,64.1697951475,0.0,0.0,0.0,0.0,0.0,268,37
2026-09-21 01:48:52.447369,TXNREGIME_B_CROSS_PROCESS0000957,bhattinidhi@okicici,448.88,0,1,groceries,upi_p2m,fit,0,0,0.0,0,0,0,1,1.8511975763780255,53.7,0.961,0.0,0.0,0.0,0.0,0.0,720.0,0.0,0.0,0.0,0.0,0.0,179,129
2026-09-21 03:56:35.954034,TXNREGIME_B_CROSS_PROCESS0000378,pingleviraj@oksbi,734.59,0,3,travel,upi_p2m,fit,0,0,0.0,0,0,0,0,,307.9,0.691,1.0,258.75,258.75,258.75,2.0,64.77253928027778,0.0,0.0,0.0,2.0,1.0,240,17
2026-09-21 04:32:48.619733,TXNREGIME_B_CROSS_PROCESS0001096,aayush79@okicici,900.11,0,4,person_to_person,upi_p2p,fit,0,0,0.0,0,0,0,1,1.885612788616874,82.2,0.786,1.0,741.49,741.49,741.49,3.0,94.08092163,0.0,0.0,0.0,0.0,0.0,150,113
2026-09-21 07:07:16.299640,TXNREGIME_B_CROSS_PROCESS0001003,siyachoudhary@ybl,2050.95,0,7,groceries,upi_autopay,fit,0,0,0.6,0,0,0,0,,280.9,0.554,2.0,420.335,742.8364999999999,778.67,4.0,104.08510021583334,0.0,0.0,1.0,0.0,0.0,177,75
2026-09-21 09:07:04.809559,TXNREGIME_B_CROSS_PROCESS0000523,pingleviraj@oksbi,982.53,0,9,other,upi_p2m,fit,0,0,0.0,0,0,0,0,,210.4,0.764,0.0,0.0,0.0,0.0,0.0,720.0,0.0,0.0,1.0,0.0,0.0,54,17
2026-09-21 10:02:24.761642,TXNREGIME_B_CROSS_PROCESS0000344,samuelnayar@ybl,1090.53,0,10,person_to_person,upi_p2m,fit,0,0,0.0,0,0,0,0,,159.2,0.637,0.0,0.0,0.0,0.0,0.0,720.0,0.0,0.0,0.0,0.0,0.0,333,20
2026-09-21 10:06:48.071319,TXNREGIME_B_CROSS_PROCESS0000675,yutikasaran@okhdfc,638.0,0,10,person_to_person,upi_p2p,fit,0,0,0.5,0,0,0,0,,539.9,0.874,0.0,0.0,0.0,0.0,0.0,720.0,0.0,0.0,1.0,0.0,0.0,204,114
2026-09-21 11:34:17.037826,TXNREGIME_B_CROSS_PROCESS0000731,qarin08@okhdfc,3652.45,0,11,person_to_person,upi_p2p,fit,0,0,0.0,0,0,0,0,,181.2,0.824,0.0,0.0,0.0,0.0,0.0,720.0,0.0,0.0,1.0,0.0,0.0,318,13
2026-09-21 11:40:37.011131,TXNREGIME_B_CROSS_PROCESS0000683,pmukherjee@okhdfc,6122.72,0,11,recharge,upi_p2p,fit,0,0,0.0,0,0,0,0,,112.9,0.877,1.0,352.29,352.29,352.29,4.0,103.22266837083333,0.0,0.0,0.0,4.0,1.0,270,28
2026-09-21 11:43:13.917227,TXNREGIME_B_CROSS_PROCESS0000236,jackkhurana@oksbi,16719.16,0,11,e_commerce,upi_p2m,fit,1,0,0.0,0,0,0,0,,99.4,0.974,0.0,0.0,0.0,0.0,0.0,720.0,0.0,0.0,0.0,0.0,0.0,65,66
2026-09-21 13:22:22.560980,TXNREGIME_B_CROSS_PROCESS0000521,devikaravi@okicici,14802.47,0,13,person_to_person,upi_p2p,fit,0,0,0.0,0,0,0,0,,224.8,0.862,2.0,2164.96,2905.9840000000004,2988.32,1.0,13.302531518055556,0.0,1.0,1.0,1.0,2.0,1,125
2026-09-21 13:54:13.704638,TXNREGIME_B_CROSS_PROCESS0001124,chandagirindra@okhdfc,2593.56,0,13,travel,upi_p2p,fit,0,0,0.0,0,0,0,0,,168.2,0.844,0.0,0.0,0.0,0.0,0.0,720.0,0.0,0.0,0.0,0.0,0.0,252,116
2026-09-21 14:47:34.089927,TXNREGIME_B_CROSS_PROCESS0001292,lpatla@ybl,907.53,0,14,groceries,upi_p2p,fit,0,0,0.0,0,0,0,0,,116.4,0.901,1.0,638.0,638.0,638.0,0.0,4.6794496133333325,0.0,1.0,1.0,0.0,0.0,204,26
2026-09-21 15:38:37.297564,TXNREGIME_B_CROSS_PROCESS0000527,jackkhurana@oksbi,151.1,0,15,travel,upi_p2p,fit,0,0,0.0,0,0,0,0,,33.9,0.849,0.0,0.0,0.0,0.0,0.0,720.0,0.0,0.0,1.0,0.0,0.0,256,66
2026-09-21 16:43:08.619873,TXNREGIME_B_CROSS_PROCESS0000030,qaurora@paytm,818.67,0,16,person_to_person,upi_p2m,fit,0,0,0.0,0,0,0,0,,139.1,0.422,4.0,1048.12,2190.4584999999993,2427.85,4.0,52.58085298666666,0.0,0.0,0.0,4.0,1.0,104,57
2026-09-21 16:51:43.843574,TXNREGIME_B_CROSS_PROCESS0000454,choudhuryhenry@okicici,585.71,0,16,person_to_person,upi_p2m,fit,0,0,0.0,0,0,0,0,,82.7,0.969,1.0,880.9,880.9,880.9,1.0,42.520940545,0.0,0.0,0.0,1.0,1.0,119,53
2026-09-21 17:27:03.416994,TXNREGIME_B_CROSS_PROCESS0000951,yutikasaran@okhdfc,662.32,0,17,food_delivery,upi_p2m,fit,0,0,0.0,0,0,0,0,,1172.9,0.619,0.0,0.0,0.0,0.0,0.0,720.0,0.0,0.0,1.0,0.0,0.0,42,114
2026-09-21 17:46:38.984710,TXNREGIME_B_CROSS_PROCESS0000087,natarajantamanna@oksbi,562.47,0,17,utility_bill,upi_p2p,fit,0,0,0.0,0,0,0,0,,424.3,0.866,0.0,0.0,0.0,0.0,0.0,720.0,0.0,0.0,0.0,0.0,0.0,81,93
2026-09-21 18:03:20.046624,TXNREGIME_B_CROSS_PROCESS0001365,qseshadri@okicici,1353.38,0,18,person_to_person,upi_p2p,fit,0,0,0.0,0,0,0,0,,214.0,0.532,1.0,4384.5,4384.5,4384.5,3.0,76.14140783416667,0.0,0.0,0.0,0.0,0.0,278,74
2026-09-21 18:15:04.031703,TXNREGIME_B_CROSS_PROCESS0001410,hrao@okicici,3689.35,0,18,utility_bill,upi_p2m,fit,0,0,0.0,0,0,0,0,,76.0,0.783,1.0,16719.16,16719.16,16719.16,0.0,6.530587354444444,0.0,1.0,0.0,0.0,0.0,65,106
2026-09-21 19:34:54.260855,TXNREGIME_B_CROSS_PROCESS0001371,aachal41@okicici,4696.33,0,19,person_to_person,upi_p2m,fit,0,0,0.0,0,0,0,0,,420.3,0.898,0.0,0.0,0.0,0.0,0.0,720.0,0.0,0.0,0.0,0.0,0.0,48,70
2026-09-21 19:42:51.265851,TXNREGIME_B_CROSS_PROCESS0000250,samraneelima@ybl,320.7,0,19,other,upi_p2m,fit,0,0,0.0,0,0,0,0,,27.7,0.944,0.0,0.0,0.0,0.0,0.0,720.0,0.0,0.0,0.0,0.0,0.0,146,128
2026-09-21 21:35:42.896703,TXNREGIME_B_CROSS_PROCESS0001011,choudhuryhenry@okicici,3437.54,0,21,e_commerce,upi_p2m,fit,0,0,0.0,0,0,0,0,,462.7,0.42,1.0,207.46,207.46,207.46,5.0,124.99092964638889,0.0,0.0,1.0,0.0,0.0,193,53
2026-09-21 23:16:19.774098,TXNREGIME_B_CROSS_PROCESS0001315,liambhargava@okhdfc,690.93,0,23,utility_bill,upi_p2m,fit,0,0,0.0,0,0,0,0,,473.1,0.855,2.0,385.915,577.2325,598.49,6.0,67.67717584527777,0.0,0.0,0.0,2.0,1.0,6,84
2026-09-22 01:16:50.834152,TXNREGIME_B_CROSS_PROCESS0000264,aishani60@ybl,258.0,1,1,recharge,upi_p2m,fit,0,0,0.6,0,0,0,0,,402.3,0.957,0.0,0.0,0.0,0.0,0.0,720.0,0.0,0.0,0.0,0.0,0.0,241,47
2026-09-22 04:11:01.599190,TXNREGIME_B_CROSS_PROCESS0000298,shenoybishakha@okhdfc,736.07,1,4,person_to_person,upi_p2m,fit,0,0,0.0,0,0,0,0,,53.1,0.944,0.0,0.0,0.0,0.0,0.0,720.0,0.0,0.0,0.0,0.0,0.0,238,51
2026-09-22 04:36:41.078491,TXNREGIME_B_CROSS_PROCESS0000222,devikaravi@okicici,1232.93,1,4,person_to_person,upi_p2p,fit,0,0,0.0,0,0,0,1,0.4737164640455104,339.6,0.953,1.0,922.28,922.28,922.28,4.0,118.64626528055555,0.0,0.0,1.0,0.0,0.0,147,125
2026-09-22 05:15:20.564000,TXNREGIME_B_CROSS_PROCESS0001063,siyachoudhary@ybl,3884.6,1,5,groceries,upi_p2m,fit,0,0,0.0,0,0,0,0,,34.4,0.746,3.0,963.8733333333333,1923.7219999999998,2050.95,5.0,22.13451787777778,0.0,1.0,1.0,0.0,1.0,177,75
2026-09-22 06:45:13.605312,TXNREGIME_B_CROSS_PROCESS0000174,jackkhurana@oksbi,1863.2,1,6,person_to_person,upi_p2p,fit,0,0,0.0,0,0,0,0,,58.8,0.435,2.0,772.765,894.0535,907.53,0.0,15.960976495833332,0.0,2.0,2.0,0.0,0.0,204,66
2026-09-22 09:55:38.454251,TXNREGIME_B_CROSS_PROCESS0001198,zilmilmalhotra@okicici,1852.61,1,9,utility_bill,upi_p2p,fit,0,0,0.0,0,0,0,1,1.4838504898983584,143.4,0.562,2.0,2868.94,4232.9439999999995,4384.5,3.0,15.871779896388889,0.0,1.0,0.0,0.0,0.0,278,31
2026-09-22 10:04:47.177760,TXNREGIME_B_CROSS_PROCESS0000753,chamelikrishnan@ybl,1740.11,1,10,food_delivery,upi_p2m,fit,0,0,0.0,0,0,0,0,,1565.4,0.855,0.0,0.0,0.0,0.0,0.0,720.0,0.0,0.0,0.0,0.0,0.0,226,67
2026-09-22 10:53:31.993189,TXNREGIME_B_CROSS_PROCESS0001090,borderidhi@okhdfc,320.1,1,10,recharge,upi_p2m,fit,0,0,0.0,0,0,0,0,,710.8,0.898,2.0,532.845,541.6514999999999,542.63,5.0,67.7565731436111,0.0,0.0,0.0,0.0,0.0,28,62
2026-09-22 11:05:27.937571,TXNREGIME_B_CROSS_PROCESS0001129,riyabrar@paytm,2749.31,1,11,groceries,upi_p2m,fit,0,0,0.0,0,0,0,0,,69.1,0.924,2.0,307.82,354.728,359.94,6.0,56.0091057025,0.0,0.0,0.0,0.0,0.0,77,6
2026-09-22 11:09:32.600779,TXNREGIME_B_CROSS_PROCESS0001262,borderidhi@okhdfc,2406.83,1,11,travel,upi_p2m,fit,0,0,0.0,0,0,0,0,,129.9,0.701,1.0,4935.64,4935.64,4935.64,4.0,99.88790959861112,0.0,0.0,1.0,4.0,1.0,307,62
2026-09-22 12:51:36.904793,TXNREGIME_B_CROSS_PROCESS0000528,mannandevansh@oksbi,1922.07,1,12,food_delivery,upi_p2m,fit,0,0,0.0,0,0,0,0,,241.4,0.876,3.0,381.91333333333336,511.113,523.61,6.0,121.11321070694444,0.0,0.0,0.0,5.0,2.0,85,7
2026-09-22 13:16:14.627122,TXNREGIME_B_CROSS_PROCESS0000040,riyabrar@paytm,2880.52,1,13,person_to_person,upi_p2p,fit,0,0,0.0,0,0,0,0,,66.0,0.726,0.0,0.0,0.0,0.0,0.0,720.0,0.0,0.0,1.0,0.0,0.0,144,6
2026-09-22 15:25:04.358426,TXNREGIME_B_CROSS_PROCESS0001403,dominic99@oksbi,407.12,1,15,recharge,upi_p2p,fit,0,0,0.0,0,0,0,0,,484.0,0.748,3.0,1136.2433333333333,1767.6329999999998,1863.2,1.0,8.664098087222222,0.0,1.0,0.0,0.0,0.0,204,59
2026-09-22 15:26:10.522352,TXNREGIME_B_CROSS_PROCESS0000655,unnativarkey@okicici,759.49,1,15,utility_bill,upi_p2p,fit,0,0,0.0,0,0,0,0,,142.7,0.562,0.0,0.0,0.0,0.0,0.0,720.0,0.0,0.0,0.0,0.0,0.0,76,130
2026-09-22 15:26:46.151658,TXNREGIME_B_CROSS_PROCESS0001252,manyaraj@okhdfc,858.17,1,15,e_commerce,upi_p2m,fit,0,0,0.0,0,0,1,0,,265.7,0.921,1.0,674.11,674.11,674.11,3.0,89.70044616916667,0.0,0.0,0.0,3.0,1.0,149,12
2026-09-22 15:38:03.295397,TXNREGIME_B_CROSS_PROCESS0001345,qvala@oksbi,366.58,1,15,food_delivery,upi_autopay,fit,0,0,0.0,0,0,0,0,,419.3,0.791,0.0,0.0,0.0,0.0,0.0,720.0,0.0,0.0,0.0,0.0,0.0,130,161
2026-09-22 16:24:38.621979,TXNREGIME_B_CROSS_PROCESS0001134,gaurikavala@okicici,7281.59,1,16,groceries,upi_p2p,fit,0,0,0.0,0,0,0,0,,184.3,0.846,1.0,320.7,320.7,320.7,0.0,20.696487813333334,0.0,1.0,0.0,0.0,0.0,146,127
2026-09-22 16:43:55.298102,TXNREGIME_B_CROSS_PROCESS0000775,lpatla@ybl,507.68,1,16,travel,upi_p2p,fit,0,0,0.0,0,0,0,0,,111.5,0.926,0.0,0.0,0.0,0.0,0.0,720.0,0.0,0.0,0.0,0.0,0.0,183,26
2026-09-22 17:45:01.909206,TXNREGIME_B_CROSS_PROCESS0000922,zayyan87@paytm,375.55,1,17,groceries,upi_p2p,fit,0,0,0.0,0,0,0,0,,66.3,0.648,0.0,0.0,0.0,0.0,0.0,720.0,0.0,0.0,0.0,0.0,0.0,281,135
2026-09-22 17:56:50.351134,TXNREGIME_B_CROSS_PROCESS0000749,tanveermand@oksbi,490.27,1,17,groceries,upi_autopay,fit,1,0,0.0,0,0,0,0,,6.9,0.273,2.0,1827.6750000000002,2085.9885,2114.69,6.0,55.601288411388886,0.0,0.0,0.0,0.0,0.0,263,163
2026-09-22 18:52:00.355194,TXNREGIME_B_CROSS_PROCESS0000978,siyachoudhary@ybl,2357.34,1,18,groceries,upi_autopay,fit,0,0,0.0,0,0,0,0,,695.4,0.552,2.0,2890.875,4204.3125,4350.25,6.0,133.54013121194444,0.0,0.0,1.0,5.0,1.0,67,75
2026-09-22 19:03:20.070890,TXNREGIME_B_CROSS_PROCESS0000394,jananibail@okicici,1553.4,1,19,groceries,upi_p2m,fit,0,0,0.0,0,0,0,0,,134.1,0.838,0.0,0.0,0.0,0.0,0.0,720.0,0.0,0.0,0.0,0.0,0.0,60,48
2026-09-22 19:57:57.570744,TXNREGIME_B_CROSS_PROCESS0000959,qvala@oksbi,315.58,1,19,groceries,upi_p2m,fit,0,0,0.0,0,0,0,1,1.7662955052516232,23.7,0.838,0.0,0.0,0.0,0.0,0.0,720.0,0.0,0.0,1.0,0.0,0.0,262,161
2026-09-22 20:01:52.482083,TXNREGIME_B_CROSS_PROCESS0001274,aishani60@ybl,383.46,1,20,groceries,upi_p2p,fit,0,0,0.0,0,0,0,0,,721.4,0.619,1.0,258.0,258.0,258.0,0.0,18.750457758611113,0.0,1.0,1.0,0.0,1.0,241,47
2026-09-22 20:58:42.290508,TXNREGIME_B_CROSS_PROCESS0001382,fmodi@okhdfc,1282.06,1,20,other,upi_p2p,fit,0,0,0.0,0,0,0,1,1.3859906089270861,73.1,0.852,0.0,0.0,0.0,0.0,0.0,720.0,0.0,0.0,0.0,0.0,0.0,38,91
2026-09-22 21:20:34.838734,TXNREGIME_B_CROSS_PROCESS0000391,samuelnayar@ybl,1587.94,1,21,person_to_person,upi_p2m,fit,0,0,0.0,0,0,0,0,,39.1,0.706,0.0,0.0,0.0,0.0,0.0,720.0,0.0,0.0,0.0,0.0,0.0,174,20
2026-09-22 21:55:25.828070,TXNREGIME_B_CROSS_PROCESS0000912,qdar@oksbi,207.7,1,21,groceries,upi_p2p,fit,0,0,0.0,1,1,0,0,,327.2,0.85,0.0,0.0,0.0,0.0,0.0,720.0,0.0,0.0,0.0,0.0,0.0,142,1
2026-09-22 21:59:38.826000,TXNREGIME_B_CROSS_PROCESS0000131,bhattinidhi@okicici,363.08,1,21,other,upi_autopay,fit,0,0,0.0,0,0,0,0,,127.1,0.862,0.0,0.0,0.0,0.0,0.0,720.0,0.0,0.0,0.0,0.0,0.0,264,129
2026-09-22 22:27:29.220114,TXNREGIME_B_CROSS_PROCESS0000673,chanchal93@okhdfc,5760.38,1,22,e_commerce,upi_p2p,fit,0,0,0.0,0,0,0,0,,52.7,0.869,1.0,569.61,569.61,569.61,6.0,166.34423834416665,0.0,0.0,0.0,6.0,1.0,115,16
2026-09-23 00:11:58.438784,TXNREGIME_B_CROSS_PROCESS0000127,jackkhurana@oksbi,820.14,2,0,groceries,upi_p2p,fit,0,0,0.0,0,0,0,0,,747.0,0.646,1.0,1282.06,1282.06,1282.06,0.0,3.2211522988888888,0.0,1.0,1.0,0.0,0.0,38,66
2026-09-23 01:52:30.833142,TXNREGIME_B_CROSS_PROCESS0000660,simonsankaran@paytm,544.36,2,1,recharge,upi_p2m,fit,0,0,0.0,0,0,0,0,,227.8,0.594,1.0,736.07,736.07,736.07,0.0,21.691453875555553,0.0,1.0,0.0,0.0,0.0,238,94
2026-09-23 02:22:34.983072,TXNREGIME_B_CROSS_PROCESS0000420,satheleela@okhdfc,263.09,2,2,food_delivery,upi_p2p,fit,0,0,0.0,0,0,0,0,,177.3,0.865,4.0,770.5175,1808.8224999999998,1979.89,7.0,121.23874867138889,0.0,0.0,0.0,5.0,1.0,151,19
2026-09-23 03:37:58.056252,TXNREGIME_B_CROSS_PROCESS0001347,sai75@okhdfc,2563.99,2,3,food_delivery,upi_p2m,fit,0,0,0.0,0,0,0,0,,286.6,0.936,0.0,0.0,0.0,0.0,0.0,720.0,0.0,0.0,0.0,0.0,0.0,131,42
2026-09-23 04:32:31.424881,TXNREGIME_B_CROSS_PROCESS0000653,samuelnayar@ybl,520.26,2,4,utility_bill,upi_p2m,fit,0,0,0.0,0,0,0,0,,392.6,0.931,1.0,1567.51,1567.51,1567.51,4.0,100.16337921333333,0.0,0.0,1.0,4.0,1.0,218,20
2026-09-23 07:24:52.026770,TXNREGIME_B_CROSS_PROCESS0001387,upkaarmahajan@oksbi,1070.84,2,7,e_commerce,upi_p2p,fit,0,0,0.0,0,0,0,0,,45.6,0.855,1.0,4334.57,4334.57,4334.57,7.0,181.82620509805557,0.0,0.0,0.0,7.0,1.0,293,86
2026-09-23 10:04:49.446598,TXNREGIME_B_CROSS_PROCESS0000232,qaurora@paytm,1265.47,2,10,utility_bill,upi_p2p,fit,0,0,0.0,0,0,0,0,,237.2,0.871,5.0,1002.2299999999999,2111.3279999999995,2427.85,6.0,41.36134075694444,0.0,0.0,0.0,6.0,2.0,104,57
2026-09-23 10:05:26.247454,TXNREGIME_B_CROSS_PROCESS0000801,lpatla@ybl,6379.66,2,10,groceries,upi_p2m,fit,0,0,0.4,0,0,0,0,,38.6,0.801,1.0,573.69,573.69,573.69,4.0,104.63697645444444,0.0,0.0,1.0,0.0,0.0,259,26
2026-09-23 10:51:00.557840,TXNREGIME_B_CROSS_PROCESS0001064,shaurya10@paytm,199.8,2,10,food_delivery,upi_p2p,fit,0,0,0.0,0,0,0,0,,510.1,0.916,3.0,2713.03,4150.959,4350.25,7.0,15.983389623888888,0.0,1.0,0.0,0.0,0.0,67,155
2026-09-23 11:18:18.175506,TXNREGIME_B_CROSS_PROCESS0001325,wbedi@oksbi,3328.17,2,11,e_commerce,upi_p2m,fit,0,0,0.0,0,0,0,0,,232.1,0.668,0.0,0.0,0.0,0.0,0.0,720.0,0.0,0.0,0.0,0.0,0.0,159,40
2026-09-23 11:39:36.399014,TXNREGIME_B_CROSS_PROCESS0001239,pmukherjee@okhdfc,245.14,2,11,recharge,upi_autopay,fit,0,0,0.0,0,1,0,0,,281.2,0.653,1.0,982.14,982.14,982.14,3.0,91.61991125916666,0.0,0.0,0.0,3.0,1.0,124,28
2026-09-23 12:37:11.862730,TXNREGIME_B_CROSS_PROCESS0001348,masonkhosla@oksbi,4047.18,2,12,e_commerce,upi_p2p,fit,0,0,0.0,0,0,0,0,,192.8,0.831,1.0,3538.2,3538.2,3538.2,2.0,59.36263761388889,0.0,0.0,0.0,0.0,0.0,286,71
2026-09-23 14:42:18.339314,TXNREGIME_B_CROSS_PROCESS0001076,qaurora@paytm,3682.56,2,14,groceries,upi_p2m,fit,0,0,0.0,0,0,0,0,,583.2,0.808,3.0,2629.3133333333335,3920.544,4020.75,7.0,131.88216940805555,0.0,0.0,1.0,0.0,0.0,314,57
2026-09-23 14:50:29.150063,TXNREGIME_B_CROSS_PROCESS0000396,sai75@okhdfc,1657.01,2,14,groceries,upi_p2m,fit,0,0,0.0,0,0,0,0,,244.2,0.639,6.0,1949.4916666666668,3429.5600000000004,3723.26,6.0,62.99937232222222,0.0,0.0,1.0,6.0,3.0,39,42
2026-09-23 15:34:16.886000,TXNREGIME_B_CROSS_PROCESS0000855,gautam10@okhdfc,1203.15,2,15,person_to_person,upi_p2p,fit,0,0,0.0,0,0,0,0,,636.4,0.564,0.0,0.0,0.0,0.0,0.0,720.0,0.0,0.0,0.0,0.0,0.0,20,37
2026-09-23 16:13:45.538708,TXNREGIME_B_CROSS_PROCESS0001368,ychoudhury@okhdfc,3436.04,2,16,e_commerce,upi_autopay,fit,0,1,0.5,1,0,0,0,,450.7,0.765,0.0,0.0,0.0,0.0,0.0,720.0,0.0,0.0,0.0,0.0,0.0,197,11
2026-09-23 16:32:11.434666,TXNREGIME_B_CROSS_PROCESS0000960,nkothari@okhdfc,424.17,2,16,utility_bill,upi_p2p,fit,0,0,0.0,0,0,0,0,,69.0,0.993,0.0,0.0,0.0,0.0,0.0,720.0,0.0,0.0,0.0,0.0,0.0,128,117
2026-09-23 18:41:37.719566,TXNREGIME_B_CROSS_PROCESS0000792,gaurikavala@okicici,1084.47,2,18,e_commerce,upi_p2m,fit,0,0,0.0,0,0,0,0,,74.8,0.618,1.0,1737.43,1737.43,1737.43,5.0,128.306752705,0.0,0.0,0.0,0.0,0.0,112,127
2026-09-23 18:56:52.898810,TXNREGIME_B_CROSS_PROCESS0001393,satheleela@okhdfc,474.41,2,18,groceries,upi_p2m,fit,0,0,0.0,0,0,0,0,,433.5,0.848,1.0,562.47,562.47,562.47,2.0,49.17053169444444,0.0,0.0,1.0,0.0,0.0,81,19
2026-09-23 19:21:34.012144,TXNREGIME_B_CROSS_PROCESS0000748,fmodi@okhdfc,2280.57,2,19,recharge,upi_p2p,fit,0,0,0.0,0,0,0,0,,106.2,0.632,0.0,0.0,0.0,0.0,0.0,720.0,0.0,0.0,1.0,0.0,0.0,228,91
2026-09-23 20:00:10.652909,TXNREGIME_B_CROSS_PROCESS0000038,simonsankaran@paytm,597.12,2,20,groceries,upi_p2m,fit,0,0,0.0,0,0,0,0,,53.4,0.809,1.0,621.81,621.81,621.81,4.0,115.7868707525,0.0,0.0,1.0,0.0,0.0,66,94
2026-09-23 21:27:59.480818,TXNREGIME_B_CROSS_PROCESS0001372,rushildhingra@okicici,113.56,2,21,food_delivery,upi_p2p,fit,0,0,0.0,0,0,0,0,,78.6,0.831,0.0,0.0,0.0,0.0,0.0,720.0,0.0,0.0,0.0,0.0,0.0,210,89
2026-09-23 22:43:23.252591,TXNREGIME_B_CROSS_PROCESS0000084,lpatla@ybl,673.37,2,22,person_to_person,upi_p2m,fit,0,0,0.0,0,0,0,1,4.518314350652727,81.8,0.831,0.0,0.0,0.0,0.0,0.0,720.0,0.0,0.0,1.0,0.0,0.0,282,26
2026-09-23 23:58:32.796872,TXNREGIME_B_CROSS_PROCESS0001222,qarin60@okhdfc,1983.68,2,23,groceries,upi_p2p,fit,0,0,0.0,0,0,0,0,,904.6,0.729,1.0,733.51,733.51,733.51,7.0,176.06573154749998,0.0,0.0,0.0,0.0,0.0,102,36
2026-09-24 01:47:09.545602,TXNREGIME_B_CROSS_PROCESS0001231,sagarchanchal@okicici,2355.97,3,1,groceries,upi_p2p,fit,0,0,0.0,0,0,0,0,,81.2,0.81,1.0,3128.88,3128.88,3128.88,4.0,117.94788936555555,0.0,0.0,0.0,0.0,0.0,271,158
2026-09-24 02:55:42.744598,TXNREGIME_B_CROSS_PROCESS0001247,owenramesh@oksbi,958.53,3,2,recharge,upi_p2m,fit,0,0,0.0,0,0,0,0,,65.2,0.854,2.0,1043.885,1515.1475,1567.51,5.0,22.38647769916667,0.0,1.0,0.0,0.0,0.0,218,121
2026-09-24 03:18:32.882098,TXNREGIME_B_CROSS_PROCESS0000291,sagarchanchal@okicici,211.29,3,3,recharge,upi_p2m,fit,0,0,0.0,0,0,0,0,,431.4,0.376,0.0,0.0,0.0,0.0,0.0,720.0,0.0,0.0,1.0,0.0,0.0,181,158
2026-09-24 04:42:07.070732,TXNREGIME_B_CROSS_PROCESS0001106,ayushmandhingra@oksbi,1319.8,3,4,food_delivery,upi_p2p,fit,0,0,0.0,0,0,0,0,,581.5,0.542,1.0,3620.25,3620.25,3620.25,7.0,184.12795947972222,0.0,0.0,0.0,0.0,0.0,163,99
2026-09-24 05:10:45.464187,TXNREGIME_B_CROSS_PROCESS0001414,devikaravi@okicici,1762.1,3,5,travel,upi_p2p,fit,0,0,0.0,0,0,0,0,,309.8,0.558,1.0,424.17,424.17,424.17,0.0,12.642785978055555,0.0,1.0,0.0,0.0,0.0,128,125
2026-09-24 05:47:18.478616,TXNREGIME_B_CROSS_PROCESS0000251,viswanathanoscar@oksbi,325.08,3,5,e_commerce,upi_p2m,fit,0,0,0.0,0,0,0,0,,272.1,0.749,2.0,1976.865,3523.1865,3695.0,8.0,176.5592246027778,0.0,0.0,0.0,0.0,0.0,2,54
2026-09-24 07:02:39.913419,TXNREGIME_B_CROSS_PROCESS0000478,aishani60@ybl,776.65,3,7,utility_bill,upi_p2p,fit,1,0,0.0,0,0,0,0,,21.5,0.789,0.0,0.0,0.0,0.0,0.0,720.0,0.0,0.0,0.0,0.0,0.0,187,47
2026-09-24 07:08:40.745832,TXNREGIME_B_CROSS_PROCESS0000234,gaurikavala@okicici,1114.55,3,7,groceries,upi_p2p,fit,0,0,0.0,0,0,0,0,,57.4,0.675,0.0,0.0,0.0,0.0,0.0,720.0,0.0,0.0,1.0,0.0,0.0,329,127
2026-09-24 08:24:18.077000,TXNREGIME_B_CROSS_PROCESS0000777,bhattinidhi@okicici,1935.7,3,8,e_commerce,upi_autopay,fit,0,0,0.0,0,0,0,0,,304.7,0.849,0.0,0.0,0.0,0.0,0.0,720.0,0.0,0.0,0.0,0.0,0.0,9,129
2026-09-24 10:32:18.870594,TXNREGIME_B_CROSS_PROCESS0000870,viswanathanoscar@oksbi,380.79,3,10,utility_bill,upi_p2p,fit,0,0,0.0,0,0,0,0,,653.7,0.944,2.0,1127.165,2007.3604999999998,2105.16,8.0,168.3214157213889,0.0,0.0,1.0,7.0,1.0,121,54
2026-09-24 11:21:54.086091,TXNREGIME_B_CROSS_PROCESS0000919,aishani60@ybl,271.2,3,11,food_delivery,upi_p2p,fit,0,0,0.0,0,0,0,0,,122.2,0.946,1.0,1553.4,1553.4,1553.4,1.0,40.30944866694445,0.0,0.0,1.0,0.0,0.0,60,47
2026-09-24 12:49:37.018248,TXNREGIME_B_CROSS_PROCESS0000863,ati06@paytm,2221.53,3,12,food_delivery,upi_p2p,fit,0,0,0.0,0,0,0,0,,77.1,0.75,0.0,0.0,0.0,0.0,0.0,720.0,0.0,0.0,0.0,0.0,0.0,58,79
2026-09-24 13:23:34.020592,TXNREGIME_B_CROSS_PROCESS0001036,liambhargava@okhdfc,1232.05,3,13,travel,upi_p2p,fit,0,0,0.0,0,0,0,0,,707.7,0.591,0.0,0.0,0.0,0.0,0.0,720.0,0.0,0.0,0.0,0.0,0.0,95,84
2026-09-24 14:19:39.737815,TXNREGIME_B_CROSS_PROCESS0000259,vrittimallick@okhdfc,618.12,3,14,utility_bill,upi_p2m,fit,0,0,0.0,0,0,0,0,,620.6,0.876,0.0,0.0,0.0,0.0,0.0,720.0,0.0,0.0,0.0,0.0,0.0,52,115
2026-09-24 15:06:09.525650,TXNREGIME_B_CROSS_PROCESS0001284,bansalisaac@okhdfc,1213.24,3,15,person_to_person,upi_p2p,fit,0,0,0.0,0,0,0,1,0.3805966259932699,72.8,0.768,0.0,0.0,0.0,0.0,0.0,720.0,0.0,0.0,0.0,0.0,0.0,116,154
2026-09-24 16:00:30.838958,TXNREGIME_B_CROSS_PROCESS0000139,tripathinachiket@okicici,641.84,3,16,travel,upi_p2p,fit,0,0,0.0,0,0,0,1,1.147504477971113,904.7,0.579,0.0,0.0,0.0,0.0,0.0,720.0,0.0,0.0,0.0,0.0,0.0,143,149
2026-09-24 16:43:05.347321,TXNREGIME_B_CROSS_PROCESS0001322,riyabrar@paytm,1729.39,3,16,person_to_person,upi_p2p,fit,0,0,0.0,0,0,0,0,,710.3,0.985,1.0,2880.52,2880.52,2880.52,2.0,51.4474222775,0.0,0.0,0.0,2.0,1.0,144,6
2026-09-24 17:31:08.870964,TXNREGIME_B_CROSS_PROCESS0000734,aayush79@okicici,3216.79,3,17,utility_bill,upi_p2p,fit,0,0,0.0,0,0,0,0,,29.7,0.788,2.0,840.07,1073.701,1099.66,8.0,192.92863227777778,0.0,0.0,0.0,0.0,0.0,246,113
2026-09-24 17:51:23.644289,TXNREGIME_B_CROSS_PROCESS0001490,balhaartank@paytm,424.35,3,17,e_commerce,upi_p2p,fit,0,1,6.1,0,0,0,0,,35.5,0.69,3.0,1632.3100000000002,3005.077,3216.79,8.0,0.33743703472222225,1.0,1.0,0.0,0.0,0.0,246,101
2026-09-24 19:32:54.538502,TXNREGIME_B_CROSS_PROCESS0000297,zayyan87@paytm,2884.99,3,19,e_commerce,upi_p2m,fit,0,0,0.0,0,0,0,0,,587.9,0.773,0.0,0.0,0.0,0.0,0.0,720.0,0.0,0.0,0.0,0.0,0.0,295,135
2026-09-24 20:13:13.139591,TXNREGIME_B_CROSS_PROCESS0000783,pmukherjee@okhdfc,374.92,3,20,e_commerce,upi_p2p,fit,0,0,0.0,0,0,0,0,,330.2,0.81,2.0,613.64,945.29,982.14,5.0,32.560205715833334,0.0,0.0,0.0,5.0,2.0,124,28
2026-09-24 21:38:40.249608,TXNREGIME_B_CROSS_PROCESS0000954,riyabrar@paytm,1730.68,3,21,recharge,upi_p2m,fit,0,0,0.0,1,0,0,0,,300.4,0.97,2.0,2455.505,3591.7864999999993,3718.04,5.0,114.24911924888889,0.0,0.0,1.0,0.0,0.0,105,6
2026-09-24 22:21:40.579363,TXNREGIME_B_CROSS_PROCESS0000719,satheleela@okhdfc,890.12,3,22,recharge,upi_p2m,fit,0,0,0.5,0,0,0,0,,345.9,0.857,0.0,0.0,0.0,0.0,0.0,720.0,0.0,0.0,0.0,0.0,0.0,75,19
2026-09-24 22:37:43.417315,TXNREGIME_B_CROSS_PROCESS0000226,balhaartank@paytm,7673.27,3,22,utility_bill,upi_p2m,fit,0,0,0.0,0,0,1,0,,118.9,0.557,3.0,2530.1633333333334,4131.311,4384.5,6.0,60.70137862888889,0.0,0.0,1.0,0.0,0.0,278,101
2026-09-25 00:32:21.839255,TXNREGIME_B_CROSS_PROCESS0000435,shravya63@okhdfc,1394.05,4,0,other,upi_p2m,fit,0,0,0.0,0,0,0,0,,231.1,0.804,2.0,1345.015,1664.2224999999999,1699.69,9.0,114.64222405194444,0.0,0.0,0.0,9.0,2.0,253,123
2026-09-25 01:15:19.001305,TXNREGIME_B_CROSS_PROCESS0001223,qseshadri@okicici,2240.94,4,1,utility_bill,upi_p2p,fit,0,0,0.0,0,0,0,0,,515.8,0.66,1.0,375.55,375.55,375.55,2.0,55.50474780527778,0.0,0.0,0.0,0.0,0.0,281,74
2026-09-25 01:51:50.229290,TXNREGIME_B_CROSS_PROCESS0000270,aishani60@ybl,202.4,4,1,groceries,upi_p2p,fit,0,0,0.0,0,0,0,0,,66.3,0.8,3.0,878.3733333333333,1932.7229999999997,2105.16,9.0,15.325377415555556,0.0,1.0,2.0,0.0,0.0,121,47
2026-09-25 02:53:59.632129,TXNREGIME_B_CROSS_PROCESS0000112,ychoudhury@okhdfc,2146.16,4,2,recharge,upi_p2m,fit,0,0,0.0,0,0,0,0,,205.0,0.555,0.0,0.0,0.0,0.0,0.0,720.0,0.0,0.0,0.0,0.0,0.0,206,11
2026-09-25 03:43:24.240386,TXNREGIME_B_CROSS_PROCESS0001113,samuelnayar@ybl,219.96,4,3,food_delivery,upi_p2p,fit,0,0,0.0,0,0,0,0,,93.1,0.94,1.0,1090.53,1090.53,1090.53,3.0,89.68318854,0.0,0.0,0.0,3.0,1.0,333,20
2026-09-25 04:03:59.604765,TXNREGIME_B_CROSS_PROCESS0001334,borderidhi@okhdfc,262.9,4,4,person_to_person,upi_p2m,fit,0,0,0.0,0,0,0,0,,147.4,0.673,2.0,3671.235,4809.199500000001,4935.64,6.0,64.90750110722222,0.0,0.0,0.0,6.0,2.0,307,62
2026-09-25 04:10:29.920257,TXNREGIME_B_CROSS_PROCESS0000338,tripathinachiket@okicici,454.52,4,4,groceries,upi_p2p,fit,0,0,0.0,0,0,0,0,,447.6,0.65,1.0,641.84,641.84,641.84,0.0,12.166411471944445,0.0,1.0,1.0,0.0,1.0,143,149
2026-09-25 04:23:15.643789,TXNREGIME_B_CROSS_PROCESS0001069,shravya63@okhdfc,4836.94,4,4,utility_bill,upi_autopay,fit,0,0,0.0,0,0,0,0,,172.3,0.829,3.0,1361.36,1669.126,1699.69,9.0,3.8482790372222224,0.0,1.0,1.0,9.0,3.0,253,123
2026-09-25 04:25:22.698645,TXNREGIME_B_CROSS_PROCESS0001058,bhattinidhi@okicici,1514.1,4,4,food_delivery,upi_p2m,fit,0,0,0.0,0,0,0,0,,597.3,0.792,0.0,0.0,0.0,0.0,0.0,720.0,0.0,0.0,1.0,0.0,0.0,10,129
2026-09-25 05:03:33.789818,TXNREGIME_B_CROSS_PROCESS0000987,chamelikrishnan@ybl,1191.35,4,5,person_to_person,upi_p2m,fit,0,0,0.0,0,0,0,0,,109.5,0.747,1.0,2146.16,2146.16,2146.16,0.0,2.1594882469444445,0.0,1.0,0.0,0.0,0.0,206,67
2026-09-25 05:05:16.111001,TXNREGIME_B_CROSS_PROCESS0001495,shenoybishakha@okhdfc,857.85,4,5,other,upi_p2p,fit,0,1,3.8,0,0,0,0,,270.0,0.861,0.0,0.0,0.0,0.0,0.0,720.0,0.0,0.0,0.0,0.0,0.0,207,51
2026-09-25 05:16:13.125638,TXNREGIME_B_CROSS_PROCESS0001460,bkumar@ybl,50000.0,4,5,groceries,upi_p2p,fit,1,0,0.0,0,1,0,0,,1054.1,0.383,0.0,0.0,0.0,0.0,0.0,720.0,0.0,0.0,0.0,0.0,0.0,302,120
2026-09-25 08:13:53.382343,TXNREGIME_B_CROSS_PROCESS0001199,pingleviraj@oksbi,1287.59,4,8,person_to_person,upi_p2m,fit,0,0,0.0,0,0,0,0,,118.1,0.978,2.0,496.67,710.798,734.59,6.0,100.28817453027777,0.0,0.0,0.0,6.0,2.0,240,17
2026-09-25 09:09:23.504426,TXNREGIME_B_CROSS_PROCESS0001144,tanveermand@oksbi,1258.03,4,9,recharge,upi_p2m,fit,0,0,0.0,0,0,0,0,,3.2,0.063,0.0,0.0,0.0,0.0,0.0,720.0,0.0,0.0,0.0,0.0,0.0,152,163
2026-09-25 09:20:47.755495,TXNREGIME_B_CROSS_PROCESS0001498,ira22@ybl,6701.0,4,9,recharge,upi_p2p,fit,0,1,7.5,0,0,0,0,,145.4,0.889,2.0,1093.135,1695.2034999999998,1762.1,1.0,28.167303141111113,0.0,0.0,0.0,0.0,0.0,128,112
2026-09-25 10:54:22.924650,TXNREGIME_B_CROSS_PROCESS0000522,owenramesh@oksbi,203.46,4,10,groceries,upi_p2p,fit,0,0,0.0,0,0,0,0,,47.3,0.851,0.0,0.0,0.0,0.0,0.0,720.0,0.0,0.0,0.0,0.0,0.0,97,121
2026-09-25 11:22:05.077583,TXNREGIME_B_CROSS_PROCESS0000991,manbir96@oksbi,1234.6,4,11,food_delivery,upi_autopay,fit,0,0,0.0,0,0,0,0,,159.5,0.946,0.0,0.0,0.0,0.0,0.0,720.0,0.0,0.0,0.0,0.0,0.0,291,44
2026-09-25 11:36:39.387117,TXNREGIME_B_CROSS_PROCESS0001473,vrittimallick@okhdfc,109.93,4,11,groceries,upi_p2p,fit,0,0,0.0,0,0,0,0,,159.9,0.866,2.0,362.0,487.109,501.01,8.0,179.43376144916667,0.0,0.0,1.0,8.0,1.0,325,115
2026-09-25 12:33:33.858129,TXNREGIME_B_CROSS_PROCESS0000645,bkumar@ybl,1161.81,4,12,food_delivery,upi_p2p,fit,0,0,0.0,0,0,0,1,1.1297666696983244,217.0,0.875,0.0,0.0,0.0,0.0,0.0,720.0,0.0,0.0,1.0,0.0,0.0,254,120
2026-09-25 14:42:48.166025,TXNREGIME_B_CROSS_PROCESS0000080,shenoybishakha@okhdfc,734.29,4,14,travel,upi_p2m,fit,0,0,0.0,0,0,0,0,,262.0,0.78,2.0,1806.94,1948.069,1963.75,10.0,230.36698602916667,0.0,0.0,1.0,0.0,0.0,267,51
2026-09-25 15:32:23.831140,TXNREGIME_B_CROSS_PROCESS0001485,balendra71@paytm,1928.12,4,15,food_delivery,upi_p2m,fit,0,0,0.0,0,0,0,0,,78.8,0.782,0.0,0.0,0.0,0.0,0.0,720.0,0.0,0.0,0.0,0.0,0.0,126,33
2026-09-25 15:34:19.162077,TXNREGIME_B_CROSS_PROCESS0001136,samuelnayar@ybl,296.92,4,15,food_delivery,upi_p2m,fit,0,0,0.0,0,0,0,0,,390.6,0.894,4.0,2892.625,3970.0215,4020.75,9.0,48.866895211944446,0.0,0.0,1.0,0.0,0.0,314,20
2026-09-25 17:19:58.619572,TXNREGIME_B_CROSS_PROCESS0000897,ychoudhury@okhdfc,306.24,4,17,utility_bill,upi_p2p,fit,0,0,0.0,0,0,0,0,,218.3,0.957,2.0,1668.7549999999999,2098.4195,2146.16,0.0,12.273563820555555,0.0,2.0,1.0,0.0,1.0,206,11
2026-09-25 17:28:28.529100,TXNREGIME_B_CROSS_PROCESS0000626,rushildhingra@okicici,3207.58,4,17,groceries,upi_p2m,fit,0,0,0.0,0,0,0,0,,393.4,0.818,1.0,1234.6,1234.6,1234.6,0.0,6.106514310277778,0.0,1.0,0.0,0.0,0.0,291,89
2026-09-25 19:57:44.929132,TXNREGIME_B_CROSS_PROCESS0000043,abarman@okicici,365.24,4,19,person_to_person,upi_p2p,fit,0,0,0.0,0,0,0,0,,58.1,0.885,1.0,3421.93,3421.93,3421.93,7.0,174.0749298263889,0.0,0.0,0.0,0.0,0.0,19,46
2026-09-25 20:35:45.440054,TXNREGIME_B_CROSS_PROCESS0000368,shenoybishakha@okhdfc,85.83,4,20,groceries,upi_p2m,fit,0,0,0.0,0,0,0,0,,192.3,0.466,1.0,8444.78,8444.78,8444.78,10.0,243.79880383527777,0.0,0.0,2.0,0.0,0.0,18,51
2026-09-25 21:26:57.154764,TXNREGIME_B_CROSS_PROCESS0000671,gautam10@okhdfc,1468.28,4,21,e_commerce,upi_p2m,fit,0,0,0.0,0,0,0,0,,293.6,0.794,0.0,0.0,0.0,0.0,0.0,720.0,0.0,0.0,0.0,0.0,0.0,196,37
2026-09-25 22:41:32.982502,TXNREGIME_B_CROSS_PROCESS0001306,balhaartank@paytm,220.14,4,22,food_delivery,upi_p2m,fit,0,0,0.0,0,0,0,0,,557.2,0.925,3.0,1449.39,1932.388,1963.75,10.0,7.979115688055556,0.0,1.0,0.0,0.0,0.0,267,101
2026-09-25 22:57:47.480553,TXNREGIME_B_CROSS_PROCESS0001289,pingleviraj@oksbi,141.01,4,22,groceries,upi_p2p,fit,0,0,0.0,0,0,0,0,,76.2,0.798,1.0,982.53,982.53,982.53,4.0,109.84518638722221,0.0,0.0,1.0,4.0,1.0,54,17
2026-09-26 00:27:08.598738,TXNREGIME_B_CROSS_PROCESS0000517,qtalwar@oksbi,821.03,5,0,utility_bill,upi_p2p,fit,0,0,0.0,0,0,0,0,,738.0,0.694,1.0,857.85,857.85,857.85,0.0,19.364579926944444,0.0,1.0,0.0,0.0,0.0,207,137
2026-09-26 00:59:17.975870,TXNREGIME_B_CROSS_PROCESS0000490,choudhuryhenry@okicici,1379.99,5,0,groceries,upi_p2p,fit,0,0,0.6,0,0,0,0,,147.6,0.793,3.0,1015.4333333333334,1506.612,1567.51,7.0,46.05978646444444,0.0,0.0,0.0,0.0,0.0,218,53
2026-09-26 01:35:06.435674,TXNREGIME_B_CROSS_PROCESS0001081,vrittimallick@okhdfc,630.98,5,1,person_to_person,upi_p2m,fit,0,0,0.0,0,0,0,0,,615.6,0.587,1.0,1317.84,1317.84,1317.84,9.0,227.81280877833333,0.0,0.0,1.0,0.0,0.0,301,115
2026-09-26 03:20:12.787514,TXNREGIME_B_CROSS_PROCESS0001255,aishani60@ybl,2680.93,5,3,person_to_person,upi_p2p,fit,0,0,0.0,0,0,0,0,,281.1,0.562,1.0,1336.61,1336.61,1336.61,6.0,148.72132867166667,0.0,0.0,0.0,0.0,0.0,14,47
2026-09-26 04:18:21.177829,TXNREGIME_B_CROSS_PROCESS0000793,upkaarmahajan@oksbi,83.02,5,4,food_delivery,upi_p2p,fit,0,0,0.0,0,0,0,0,,507.4,0.614,0.0,0.0,0.0,0.0,0.0,720.0,0.0,0.0,0.0,0.0,0.0,332,86
2026-09-26 07:24:30.540661,TXNREGIME_B_CROSS_PROCESS0000834,manbir96@oksbi,451.83,5,7,person_to_person,upi_p2p,fit,0,0,0.0,0,0,1,0,,268.4,0.988,0.0,0.0,0.0,0.0,0.0,720.0,0.0,0.0,1.0,0.0,0.0,171,44
2026-09-26 07:25:16.732461,TXNREGIME_B_CROSS_PROCESS0000169,aachal41@okicici,746.66,5,7,recharge,upi_p2m,fit,0,0,0.0,0,0,0,0,,731.6,0.673,0.0,0.0,0.0,0.0,0.0,720.0,0.0,0.0,0.0,0.0,0.0,44,70
2026-09-26 07:31:57.047976,TXNREGIME_B_CROSS_PROCESS0000211,qarin60@okhdfc,2133.59,5,7,utility_bill,upi_p2m,fit,0,0,0.0,0,0,0,0,,31.4,0.624,0.0,0.0,0.0,0.0,0.0,720.0,0.0,0.0,0.0,0.0,0.0,26,36
2026-09-26 08:22:41.514600,TXNREGIME_B_CROSS_PROCESS0001454,aachal41@okicici,4952.96,5,8,other,upi_p2m,fit,0,0,0.0,0,0,0,0,,55.2,0.782,0.0,0.0,0.0,0.0,0.0,720.0,0.0,0.0,1.0,0.0,0.0,327,70
2026-09-26 08:27:06.245308,TXNREGIME_B_CROSS_PROCESS0000612,nkothari@okhdfc,3170.7,5,8,person_to_person,upi_p2p,fit,0,0,0.0,0,0,0,0,,104.3,0.787,1.0,318.83,318.83,318.83,10.0,245.3860873825,0.0,0.0,0.0,0.0,0.0,57,117
2026-09-26 08:31:10.622232,TXNREGIME_B_CROSS_PROCESS0000533,mannandevansh@oksbi,603.0,5,8,travel,upi_p2m,fit,0,0,0.0,0,0,0,0,,186.5,0.797,4.0,766.9525,1712.3009999999995,1922.07,9.0,91.65936595527776,0.0,0.0,0.0,9.0,3.0,85,7
2026-09-26 09:21:18.397822,TXNREGIME_B_CROSS_PROCESS0001276,chackohitesh@okhdfc,3689.25,5,9,groceries,upi_p2p,fit,0,0,0.0,0,0,0,0,,179.2,0.961,1.0,769.21,769.21,769.21,8.0,195.37934421194447,0.0,0.0,0.0,0.0,0.0,87,124
2026-09-26 09:53:19.848810,TXNREGIME_B_CROSS_PROCESS0001351,gaurikavala@okicici,967.68,5,9,person_to_person,upi_p2m,fit,0,0,0.0,0,0,0,0,,281.9,0.882,2.0,974.41,1283.4969999999998,1317.84,9.0,8.30372587111111,0.0,1.0,0.0,9.0,1.0,301,127
2026-09-26 13:19:24.095573,TXNREGIME_B_CROSS_PROCESS0000213,satheleela@okhdfc,574.06,5,13,e_commerce,upi_p2m,fit,0,0,0.0,0,0,0,0,,157.5,0.692,3.0,2962.4233333333336,6207.109999999999,6701.0,2.0,27.976761132777774,0.0,0.0,0.0,0.0,0.0,128,19
2026-09-26 14:40:03.121556,TXNREGIME_B_CROSS_PROCESS0001445,devikaravi@okicici,686.04,5,14,travel,upi_p2m,fit,0,0,0.0,0,0,0,0,,143.4,0.645,2.0,1077.605,1217.3975,1232.93,9.0,106.0561230736111,0.0,0.0,0.0,4.0,1.0,147,125
2026-09-26 15:06:53.397152,TXNREGIME_B_CROSS_PROCESS0000713,mannandevansh@oksbi,3771.91,5,15,other,upi_p2m,fit,0,0,0.0,0,0,0,0,,39.8,0.911,6.0,1046.1033333333332,2137.255,2427.85,9.0,77.03443070944444,0.0,0.0,1.0,9.0,3.0,104,7
2026-09-26 15:32:49.187394,TXNREGIME_B_CROSS_PROCESS0000948,viswanathanoscar@oksbi,716.35,5,15,groceries,upi_p2p,fit,0,0,0.0,0,0,0,0,,37.4,0.891,1.0,1088.03,1088.03,1088.03,8.0,213.31570940055553,0.0,0.0,0.0,0.0,0.0,46,54
2026-09-26 15:32:53.115397,TXNREGIME_B_CROSS_PROCESS0001369,ychoudhury@okhdfc,537.5,5,15,e_commerce,upi_p2p,fit,0,0,0.0,0,0,0,0,,532.7,0.92,2.0,609.4649999999999,620.5754999999999,621.81,7.0,67.54512846888889,0.0,0.0,1.0,0.0,0.0,66,11
2026-09-26 17:31:32.781512,TXNREGIME_B_CROSS_PROCESS0001175,buchchakradhar@paytm,790.39,5,17,e_commerce,upi_p2p,fit,0,0,0.0,0,0,0,1,4.0635470099275395,145.5,0.772,0.0,0.0,0.0,0.0,0.0,720.0,0.0,0.0,0.0,0.0,0.0,100,30
2026-09-26 19:00:43.256678,TXNREGIME_B_CROSS_PROCESS0000909,wbedi@oksbi,165.7,5,19,e_commerce,upi_p2p,fit,0,0,0.8,0,0,0,0,,333.6,0.733,1.0,946.16,946.16,946.16,8.0,214.68954376194446,0.0,0.0,0.0,0.0,0.0,287,40
2026-09-26 20:07:14.710562,TXNREGIME_B_CROSS_PROCESS0000821,narasimhanarunima@okhdfc,961.42,5,20,recharge,upi_p2p,fit,0,0,0.0,0,0,0,0,,6.1,0.265,2.0,2720.425,3728.5015000000003,3840.51,9.0,165.19246348833332,0.0,0.0,0.0,0.0,0.0,311,164
2026-09-26 21:17:56.288774,TXNREGIME_B_CROSS_PROCESS0001201,parikhyamini@oksbi,12421.66,5,21,recharge,upi_p2m,fit,0,1,58.1,0,0,0,0,,13.6,0.0,4.0,2084.7225,4051.3134999999993,4350.25,10.0,82.44881414833333,0.0,0.0,0.0,0.0,0.0,67,167
2026-09-26 21:19:32.410807,TXNREGIME_B_CROSS_PROCESS0000712,yutikasaran@okhdfc,204.77,5,21,groceries,upi_p2p,fit,0,0,0.0,0,0,0,0,,303.4,0.827,1.0,2884.99,2884.99,2884.99,2.0,49.77718675138889,0.0,0.0,0.0,0.0,0.0,295,114
2026-09-27 01:55:53.320205,TXNREGIME_B_CROSS_PROCESS0001195,wbedi@oksbi,759.11,6,1,e_commerce,upi_p2m,fit,0,0,0.0,0,0,0,0,,123.3,0.869,1.0,1482.35,1482.35,1482.35,10.0,258.4607972558333,0.0,0.0,1.0,10.0,1.0,247,40
2026-09-27 08:49:33.636319,TXNREGIME_B_CROSS_PROCESS0000201,jbhat@okhdfc,1962.97,6,8,travel,upi_p2p,fit,0,0,0.0,0,0,0,0,,42.9,0.454,3.0,2634.6,5660.361,6179.34,10.0,176.51356482611112,0.0,0.0,0.0,0.0,0.0,94,168
2026-09-27 10:50:07.505168,TXNREGIME_B_CROSS_PROCESS0000326,dev92@okhdfc,2594.06,6,10,person_to_person,upi_p2m,fit,0,0,0.0,0,0,0,0,,268.2,0.838,4.0,709.38,1846.5044999999993,2105.16,11.0,56.971465521666666,0.0,0.0,0.0,0.0,0.0,121,108
2026-09-27 11:14:23.679831,TXNREGIME_B_CROSS_PROCESS0000340,zilmilmalhotra@okicici,286.28,6,11,groceries,upi_p2m,fit,0,0,0.0,0,0,0,0,,1625.4,0.795,0.0,0.0,0.0,0.0,0.0,720.0,0.0,0.0,0.0,0.0,0.0,156,31
2026-09-27 12:12:03.554266,TXNREGIME_B_CROSS_PROCESS0000283,qarin08@okhdfc,3813.14,6,12,utility_bill,upi_p2m,fit,0,0,0.0,0,0,0,0,,181.6,0.654,2.0,2470.025,3505.2275,3620.25,10.0,79.49902320388888,0.0,0.0,0.0,0.0,0.0,163,13
2026-09-27 12:31:08.671426,TXNREGIME_B_CROSS_PROCESS0000107,vrittimallick@okhdfc,645.74,6,12,e_commerce,upi_p2m,fit,0,1,0.9,0,0,0,0,,175.2,0.644,3.0,1381.8733333333332,2057.2870000000003,2114.69,11.0,114.57175563666667,0.0,0.0,0.0,0.0,0.0,263,115
2026-09-27 13:28:54.435506,TXNREGIME_B_CROSS_PROCESS0000215,abarman@okicici,1635.76,6,13,groceries,upi_p2p,fit,0,0,0.0,0,0,0,0,,459.8,0.955,4.0,1694.0549999999998,3609.5524999999993,3884.6,10.0,128.22607541833332,0.0,0.0,0.0,10.0,2.0,177,46
2026-09-27 14:34:09.443580,TXNREGIME_B_CROSS_PROCESS0000617,aayush79@okicici,329.77,6,14,person_to_person,upi_p2m,fit,0,0,0.0,0,0,0,0,,67.8,0.963,2.0,1744.7649999999999,3028.1065,3170.7,11.0,30.117555075555554,0.0,0.0,0.0,11.0,1.0,57,113
2026-09-27 14:43:39.881100,TXNREGIME_B_CROSS_PROCESS0000062,abarman@okicici,527.53,6,14,utility_bill,upi_p2m,fit,0,0,0.0,0,0,0,0,,302.8,0.866,5.0,1682.396,3517.87,3884.6,10.0,1.2459571094444444,0.0,1.0,1.0,10.0,3.0,177,46
2026-09-27 16:11:18.633128,TXNREGIME_B_CROSS_PROCESS0000966,lpatla@ybl,1670.65,6,16,food_delivery,upi_p2p,fit,0,0,0.0,0,0,0,0,,427.3,0.541,1.0,2280.57,2280.57,2280.57,3.0,92.82906138444444,0.0,0.0,0.0,0.0,0.0,228,26
2026-09-27 17:05:52.369661,TXNREGIME_B_CROSS_PROCESS0000284,natarajantamanna@oksbi,1235.93,6,17,food_delivery,upi_p2p,fit,0,0,0.0,0,0,0,0,,1715.3,0.878,0.0,0.0,0.0,0.0,0.0,720.0,0.0,0.0,0.0,0.0,0.0,118,93
2026-09-27 19:16:59.349094,TXNREGIME_B_CROSS_PROCESS0000210,qseshadri@okicici,236.5,6,19,other,upi_p2m,fit,0,0,0.0,0,0,0,0,,209.1,0.931,2.0,1308.2450000000001,2147.6705,2240.94,5.0,66.02787438583333,0.0,0.0,0.0,2.0,1.0,281,74
2026-09-27 19:17:19.492001,TXNREGIME_B_CROSS_PROCESS0000874,noah04@paytm,130.09,6,19,e_commerce,upi_p2p,fit,0,0,0.0,0,0,0,0,,263.4,0.99,0.0,0.0,0.0,0.0,0.0,720.0,0.0,0.0,0.0,0.0,0.0,47,8
2026-09-27 19:59:44.634470,TXNREGIME_B_CROSS_PROCESS0000279,aayush79@okicici,2617.14,6,19,food_delivery,upi_p2m,fit,0,0,0.0,0,0,0,0,,730.3,0.891,0.0,0.0,0.0,0.0,0.0,720.0,0.0,0.0,1.0,0.0,0.0,300,113
2026-09-27 20:04:16.194404,TXNREGIME_B_CROSS_PROCESS0001406,yuvrajbrar@okhdfc,760.07,6,20,food_delivery,upi_p2m,fit,0,0,0.0,0,0,0,0,,139.0,0.961,1.0,776.65,776.65,776.65,3.0,85.02674471805557,0.0,0.0,0.0,0.0,0.0,187,134
2026-09-27 20:33:29.375949,TXNREGIME_B_CROSS_PROCESS0000133,unnativarkey@okicici,207.64,6,20,person_to_person,upi_p2m,fit,0,0,0.0,0,0,0,0,,146.6,0.749,0.0,0.0,0.0,0.0,0.0,720.0,0.0,0.0,0.0,0.0,0.0,165,130
2026-09-27 21:21:24.162322,TXNREGIME_B_CROSS_PROCESS0001440,abarman@okicici,275.68,6,21,groceries,upi_p2p,fit,0,0,1.2,0,0,0,0,,710.4,0.65,6.0,1489.9183333333333,3426.1875,3884.6,11.0,6.628967006111112,0.0,2.0,2.0,11.0,4.0,177,46
2026-09-27 21:27:29.127877,TXNREGIME_B_CROSS_PROCESS0000698,ira22@ybl,2056.12,6,21,person_to_person,upi_p2p,fit,0,0,0.0,0,0,0,0,,442.0,0.785,2.0,3164.995,5500.8414999999995,5760.38,11.0,118.99997437861111,0.0,0.0,0.0,0.0,0.0,115,112
2026-09-27 22:42:55.527766,TXNREGIME_B_CROSS_PROCESS0001415,llanka@okhdfc,515.07,6,22,e_commerce,upi_p2m,fit,0,0,0.0,0,0,0,0,,3.8,0.17,1.0,1161.81,1161.81,1161.81,2.0,58.15601934361111,0.0,0.0,0.0,0.0,0.0,254,169
2026-09-27 23:10:28.076540,TXNREGIME_B_CROSS_PROCESS0001240,viswanathanoscar@oksbi,577.68,6,23,groceries,upi_p2m,fit,0,0,0.4,0,0,1,0,,367.4,0.775,5.0,1086.316,2496.2799999999997,2594.06,12.0,12.339047603333333,0.0,1.0,0.0,10.0,2.0,121,54
2026-09-28 00:23:10.679859,TXNREGIME_B_CROSS_PROCESS0000007,dbadal@paytm,612.19,0,0,travel,upi_p2m,fit,0,0,0.0,0,0,1,0,,512.0,0.701,1.0,1203.15,1203.15,1203.15,4.0,104.81494273861112,0.0,0.0,0.0,0.0,0.0,20,87
2026-09-28 04:37:07.719400,TXNREGIME_B_CROSS_PROCESS0001483,zilmilmalhotra@okicici,935.19,0,4,food_delivery,upi_p2m,fit,0,0,0.0,0,0,0,0,,1135.3,0.977,4.0,3815.94,7179.9545,7673.27,9.0,77.9900839125,0.0,0.0,1.0,5.0,1.0,278,31
2026-09-28 04:43:56.994774,TXNREGIME_B_CROSS_PROCESS0000153,nimratdayal@oksbi,411.89,0,4,person_to_person,upi_p2m,fit,0,0,0.0,0,0,0,0,,53.6,0.816,3.0,6377.463333333333,13621.054999999998,14802.47,8.0,159.35956494277775,0.0,0.0,0.0,0.0,0.0,1,104
2026-09-28 04:46:53.627284,TXNREGIME_B_CROSS_PROCESS0000967,gaurikavala@okicici,150.55,0,4,person_to_person,upi_p2p,fit,0,0,0.0,0,0,0,0,,715.7,0.551,0.0,0.0,0.0,0.0,0.0,720.0,0.0,0.0,0.0,0.0,0.0,195,127
2026-09-28 05:40:49.667265,TXNREGIME_B_CROSS_PROCESS0000412,sai75@okhdfc,6672.04,0,5,e_commerce,upi_p2p,fit,0,0,0.0,0,0,0,1,1.6808481958477008,1065.9,0.908,0.0,0.0,0.0,0.0,0.0,720.0,0.0,0.0,0.0,0.0,0.0,299,42
2026-09-28 08:44:16.238705,TXNREGIME_B_CROSS_PROCESS0000676,gautam10@okhdfc,6626.45,0,8,person_to_person,upi_p2m,fit,0,0,0.0,0,0,0,0,,623.6,0.911,1.0,207.64,207.64,207.64,0.0,12.17968409888889,0.0,1.0,0.0,0.0,0.0,165,37
2026-09-28 09:37:00.269499,TXNREGIME_B_CROSS_PROCESS0000970,natarajantamanna@oksbi,286.59,0,9,recharge,upi_autopay,fit,0,0,0.0,0,0,0,0,,239.8,0.865,0.0,0.0,0.0,0.0,0.0,720.0,0.0,0.0,1.0,0.0,0.0,209,93
2026-09-28 09:39:26.785792,TXNREGIME_B_CROSS_PROCESS0001191,hnayar@ybl,795.37,0,9,person_to_person,upi_p2m,fit,0,0,0.0,0,0,0,0,,190.8,0.899,0.0,0.0,0.0,0.0,0.0,720.0,0.0,0.0,0.0,0.0,0.0,244,21
2026-09-28 10:28:41.326384,TXNREGIME_B_CROSS_PROCESS0000770,vrittimallick@okhdfc,4104.73,0,10,food_delivery,upi_p2m,fit,0,0,0.0,0,0,0,0,,224.7,0.521,1.0,5809.19,5809.19,5809.19,9.0,239.41360246416667,0.0,0.0,1.0,9.0,1.0,214,115
2026-09-28 11:15:38.542668,TXNREGIME_B_CROSS_PROCESS0001050,devikaravi@okicici,972.12,0,11,recharge,upi_p2m,fit,0,0,0.0,0,0,0,0,,179.0,0.984,2.0,340.65999999999997,361.837,364.19,9.0,198.11895750861112,0.0,0.0,0.0,8.0,1.0,310,125
2026-09-28 12:29:56.159616,TXNREGIME_B_CROSS_PROCESS0000762,tripathinachiket@okicici,213.56,0,12,groceries,upi_p2p,fit,0,0,0.0,1,0,0,0,,362.6,0.567,1.0,2972.19,2972.19,2972.19,12.0,301.32195195305553,0.0,0.0,0.0,12.0,1.0,255,149
2026-09-28 13:20:54.103848,TXNREGIME_B_CROSS_PROCESS0000729,jackkhurana@oksbi,142.54,0,13,recharge,upi_p2p,fit,0,0,0.0,0,0,0,0,,519.1,0.947,1.0,1157.94,1157.94,1157.94,8.0,201.89240929333334,0.0,0.0,0.0,0.0,0.0,229,66
2026-09-28 13:30:38.698037,TXNREGIME_B_CROSS_PROCESS0000179,nkothari@okhdfc,1944.78,0,13,food_delivery,upi_p2p,fit,0,0,0.0,0,0,0,0,,339.7,0.539,2.0,555.93,907.137,946.16,10.0,42.49873371083333,0.0,0.0,0.0,0.0,0.0,287,117
2026-09-28 14:19:40.072381,TXNREGIME_B_CROSS_PROCESS0001187,mastereesha@oksbi,837.34,0,14,recharge,upi_p2m,fit,0,0,0.0,0,0,0,0,,22.4,0.509,1.0,673.37,673.37,673.37,4.0,111.60467216388888,0.0,0.0,0.0,0.0,0.0,282,18
2026-09-28 14:19:40.465355,TXNREGIME_B_CROSS_PROCESS0000621,kaledaniel@oksbi,256.61,0,14,food_delivery,upi_p2p,fit,0,1,5.4,0,0,0,0,,208.4,0.881,0.0,0.0,0.0,0.0,0.0,720.0,0.0,0.0,0.0,0.0,0.0,225,49
2026-09-28 15:11:05.634332,TXNREGIME_B_CROSS_PROCESS0001049,upkaarmahajan@oksbi,1638.71,0,15,other,upi_p2m,fit,0,0,0.0,0,0,0,0,,37.6,0.523,1.0,130.09,130.09,130.09,0.0,19.896150647499997,0.0,1.0,0.0,0.0,0.0,47,86
2026-09-28 17:05:07.659260,TXNREGIME_B_CROSS_PROCESS0000582,viswanathanoscar@oksbi,919.78,0,17,recharge,upi_p2p,fit,0,0,0.0,0,0,0,0,,66.6,0.897,6.0,1001.5433333333334,2471.835,2594.06,12.0,17.9109952,0.0,1.0,1.0,11.0,3.0,121,54
2026-09-28 17:53:10.974634,TXNREGIME_B_CROSS_PROCESS0000136,yutikasaran@okhdfc,757.52,0,17,person_to_person,upi_p2m,fit,0,0,0.0,0,0,0,0,,95.6,0.821,4.0,953.9625,1719.8494999999998,1863.2,7.0,146.46850450222223,0.0,0.0,0.0,7.0,1.0,204,114
2026-09-28 19:17:57.757974,TXNREGIME_B_CROSS_PROCESS0000313,sagarchanchal@okicici,999.51,0,19,person_to_person,upi_p2p,fit,0,0,0.0,0,0,0,0,,112.2,0.97,2.0,2742.425,3090.2345,3128.88,9.0,113.51339232555554,0.0,0.0,0.0,4.0,1.0,271,158
2026-09-28 21:08:02.925563,TXNREGIME_B_CROSS_PROCESS0000923,viswanathanoscar@oksbi,3694.37,0,21,e_commerce,upi_p2p,fit,0,0,0.0,0,0,0,0,,38.4,0.667,2.0,902.19,1069.446,1088.03,11.0,53.587149491388885,0.0,0.0,2.0,2.0,1.0,46,54
2026-09-28 22:07:50.409249,TXNREGIME_B_CROSS_PROCESS0000544,prashadprisha@okhdfc,749.47,0,22,groceries,upi_p2p,fit,0,0,0.0,0,0,0,0,,310.7,0.402,1.0,315.58,315.58,315.58,6.0,146.1646773625,0.0,0.0,0.0,0.0,0.0,262,151
2026-09-28 23:30:51.713018,TXNREGIME_B_CROSS_PROCESS0001052,chamelikrishnan@ybl,1140.0,0,23,e_commerce,upi_p2m,fit,0,0,0.0,0,0,0,0,,131.5,0.656,1.0,203.46,203.46,203.46,3.0,84.6079967688889,0.0,0.0,0.0,0.0,0.0,97,67
2026-09-29 00:25:42.484569,TXNREGIME_B_CROSS_PROCESS0000061,gaurikavala@okicici,2197.75,1,0,utility_bill,upi_p2p,fit,0,0,0.0,0,0,0,0,,242.9,0.857,3.0,1018.88,1844.918,1944.78,11.0,10.91771848111111,0.0,1.0,1.0,0.0,0.0,287,127
2026-09-29 01:17:31.668391,TXNREGIME_B_CROSS_PROCESS0000309,mannandevansh@oksbi,2276.12,1,1,food_delivery,upi_p2p,fit,0,0,0.0,0,0,0,0,,117.4,0.734,5.0,734.162,1658.2559999999996,1922.07,12.0,64.77251282194445,0.0,0.0,0.0,12.0,4.0,85,7
2026-09-29 01:50:14.434692,TXNREGIME_B_CROSS_PROCESS0001433,yutikasaran@okhdfc,210.55,1,1,person_to_person,upi_p2m,fit,0,0,0.0,0,0,0,0,,236.2,0.909,1.0,662.32,662.32,662.32,7.0,176.38639380499998,0.0,0.0,1.0,7.0,1.0,42,114
2026-09-29 02:39:58.611464,TXNREGIME_B_CROSS_PROCESS0000170,aishani60@ybl,524.66,1,2,food_delivery,upi_p2p,fit,0,0,0.0,0,0,0,0,,86.3,0.868,2.0,768.36,775.821,776.65,4.0,30.595115850000003,0.0,0.0,0.0,4.0,1.0,187,47
2026-09-29 04:34:40.773953,TXNREGIME_B_CROSS_PROCESS0000566,fmodi@okhdfc,1843.41,1,4,utility_bill,upi_p2p,fit,0,0,0.0,0,0,0,0,,500.9,0.94,3.0,534.0666666666667,921.4179999999999,982.14,9.0,104.35767621166666,0.0,0.0,0.0,0.0,0.0,124,91
2026-09-29 06:44:49.769029,TXNREGIME_B_CROSS_PROCESS0000115,ati06@paytm,1604.83,1,6,recharge,upi_p2p,fit,0,0,0.0,0,0,0,0,,238.6,0.671,1.0,2221.53,2221.53,2221.53,4.0,113.92020855027778,0.0,0.0,0.0,4.0,1.0,58,79
2026-09-29 08:40:29.201303,TXNREGIME_B_CROSS_PROCESS0000337,llanka@okhdfc,400.86,1,8,food_delivery,upi_p2m,fit,0,0,0.0,0,0,1,0,,28.6,0.007,2.0,1913.18,2190.695,2221.53,4.0,1.927620076111111,0.0,1.0,0.0,0.0,0.0,58,169
2026-09-29 10:31:04.654404,TXNREGIME_B_CROSS_PROCESS0001041,chamelikrishnan@ybl,275.56,1,10,food_delivery,upi_p2p,fit,0,0,0.0,0,0,0,1,0.4660099262091201,745.2,0.591,2.0,820.8,892.179,900.11,12.0,197.97112074194445,0.0,0.0,1.0,0.0,0.0,150,67
2026-09-29 13:00:17.246044,TXNREGIME_B_CROSS_PROCESS0000559,manbir96@oksbi,649.62,1,13,groceries,upi_p2p,fit,0,0,0.0,0,0,0,0,,168.5,0.704,1.0,451.83,451.83,451.83,3.0,77.59630705083335,0.0,0.0,0.0,3.0,1.0,171,44
2026-09-29 13:39:19.266621,TXNREGIME_B_CROSS_PROCESS0001013,llanka@okhdfc,10834.23,1,13,person_to_person,upi_p2p,fit,0,1,0.2,1,1,0,0,,3.5,0.0,5.0,669.032,1751.7999999999997,1979.89,13.0,155.2789676525,0.0,0.0,1.0,0.0,0.0,151,169
2026-09-29 13:41:19.879297,TXNREGIME_B_CROSS_PROCESS0000841,wgupta@okicici,871.47,1,13,other,upi_p2p,fit,0,0,0.0,0,0,0,0,,405.6,0.531,1.0,57.48,57.48,57.48,12.0,289.309103895,0.0,0.0,0.0,0.0,0.0,175,83
2026-09-29 14:47:49.583917,TXNREGIME_B_CROSS_PROCESS0000369,kaledaniel@oksbi,1133.85,1,14,groceries,upi_p2m,fit,0,0,0.0,0,1,0,0,,86.3,0.667,6.0,2363.2316666666666,8620.645,10834.23,13.0,1.1417548044444445,0.0,1.0,0.0,0.0,0.0,151,49
2026-09-29 16:45:34.108056,TXNREGIME_B_CROSS_PROCESS0001436,ychoudhury@okhdfc,1008.26,1,16,e_commerce,upi_p2p,fit,0,0,0.0,0,0,0,0,,668.8,0.61,1.0,967.11,967.11,967.11,9.0,229.6322621438889,0.0,0.0,0.0,0.0,0.0,212,11
2026-09-29 17:06:16.482794,TXNREGIME_B_CROSS_PROCESS0001236,aishani60@ybl,5631.65,1,17,other,upi_p2m,fit,0,0,0.0,0,0,0,0,,758.9,0.869,0.0,0.0,0.0,0.0,0.0,720.0,0.0,0.0,1.0,0.0,0.0,274,47
2026-09-29 18:09:33.561344,TXNREGIME_B_CROSS_PROCESS0001432,sai75@okhdfc,2496.25,1,18,recharge,upi_p2m,fit,0,0,0.0,0,0,0,0,,323.0,0.951,1.0,1235.93,1235.93,1235.93,2.0,49.06144213416667,0.0,0.0,0.0,0.0,0.0,118,42
2026-09-29 18:22:26.044399,TXNREGIME_B_CROSS_PROCESS0000329,mannandevansh@oksbi,1954.32,1,18,person_to_person,upi_p2m,fit,0,0,0.0,0,0,0,0,,346.0,0.663,7.0,1435.5042857142855,3368.691999999999,3771.91,12.0,75.25906867972223,0.0,0.0,1.0,12.0,4.0,104,7
2026-09-29 18:46:10.324391,TXNREGIME_B_CROSS_PROCESS0000202,orinderkaur@ybl,2829.89,1,18,person_to_person,upi_p2m,fit,0,0,0.0,0,0,1,0,,203.1,0.935,1.0,518.62,518.62,518.62,13.0,313.93948873472226,0.0,0.0,0.0,13.0,1.0,289,105
2026-09-29 18:58:23.600465,TXNREGIME_B_CROSS_PROCESS0000305,clanka@okicici,355.22,1,18,groceries,upi_p2p,fit,0,0,0.0,0,0,0,0,,760.8,0.706,0.0,0.0,0.0,0.0,0.0,720.0,0.0,0.0,0.0,0.0,0.0,335,80
2026-09-29 19:23:41.770189,TXNREGIME_B_CROSS_PROCESS0001213,vrittimallick@okhdfc,130.92,1,19,person_to_person,upi_p2m,fit,0,0,0.0,0,0,0,0,,49.6,0.824,2.0,907.095,1396.1055,1450.44,13.0,214.31491359111112,0.0,0.0,0.0,0.0,0.0,79,115
2026-09-29 20:37:54.592051,TXNREGIME_B_CROSS_PROCESS0000020,aayush79@okicici,393.55,1,20,food_delivery,upi_p2m,fit,0,0,0.0,0,0,0,0,,37.6,0.798,3.0,2213.896666666667,3519.304,3718.04,10.0,118.98731734527777,0.0,0.0,0.0,10.0,1.0,105,113
2026-09-29 21:13:54.322514,TXNREGIME_B_CROSS_PROCESS0000024,aishani60@ybl,933.07,1,21,recharge,upi_p2p,fit,1,0,0.0,0,0,0,0,,65.9,0.904,2.0,320.73,377.18699999999995,383.46,7.0,169.20051123083334,0.0,0.0,2.0,7.0,2.0,241,47
2026-09-29 21:48:01.394847,TXNREGIME_B_CROSS_PROCESS0000276,masonkhosla@oksbi,5850.98,1,21,travel,upi_p2p,fit,0,0,0.0,0,0,0,0,,114.0,0.746,7.0,1316.4557142857143,3334.5049999999983,3884.6,13.0,48.44367570138889,0.0,0.0,0.0,0.0,0.0,177,71
2026-09-29 22:44:58.037589,TXNREGIME_B_CROSS_PROCESS0000781,riyabrar@paytm,2841.44,1,22,utility_bill,upi_p2m,fit,0,0,0.9,0,0,0,0,,1595.2,0.952,0.0,0.0,0.0,0.0,0.0,720.0,0.0,0.0,0.0,0.0,0.0,239,6
2026-09-29 23:19:07.983382,TXNREGIME_B_CROSS_PROCESS0000634,aishani60@ybl,404.71,1,23,groceries,upi_p2p,fit,0,0,0.0,0,0,0,0,,267.0,0.649,2.0,2702.705,4171.383499999999,4334.57,14.0,159.90443239222222,0.0,0.0,3.0,0.0,0.0,293,47
2026-09-30 00:50:53.140796,TXNREGIME_B_CROSS_PROCESS0000615,kaledaniel@oksbi,400.24,2,0,e_commerce,upi_p2p,fit,0,0,0.0,0,0,0,0,,115.0,0.737,0.0,0.0,0.0,0.0,0.0,720.0,0.0,0.0,1.0,0.0,0.0,64,49
2026-09-30 01:11:34.357151,TXNREGIME_B_CROSS_PROCESS0001142,aayush79@okicici,786.66,2,1,food_delivery,upi_p2m,fit,0,0,0.0,0,0,0,0,,331.5,0.935,2.0,3476.675,6089.361499999999,6379.66,10.0,159.10225269361112,0.0,0.0,1.0,0.0,0.0,259,113
2026-09-30 01:12:28.816069,TXNREGIME_B_CROSS_PROCESS0001062,devikaravi@okicici,1635.99,2,1,food_delivery,upi_p2p,fit,0,0,0.0,0,0,0,0,,157.6,0.657,4.0,4886.07,13030.347499999994,14802.47,10.0,44.47550591527778,0.0,0.0,0.0,10.0,3.0,1,125
2026-09-30 02:31:59.406908,TXNREGIME_B_CROSS_PROCESS0000681,pavanioommen@oksbi,1651.85,2,2,recharge,upi_p2p,fit,0,0,0.0,0,0,0,0,,532.4,0.876,2.0,1410.95,1704.7820000000002,1737.43,11.0,151.839357595,0.0,0.0,0.0,0.0,0.0,112,102
2026-09-30 03:05:08.533215,TXNREGIME_B_CROSS_PROCESS0001059,simonsankaran@paytm,718.29,2,3,utility_bill,upi_p2p,fit,0,0,0.0,0,0,0,0,,195.3,0.982,3.0,1273.1,2886.6069999999995,3170.7,14.0,60.51641378750001,0.0,0.0,0.0,0.0,0.0,57,94
2026-09-30 03:29:17.687304,TXNREGIME_B_CROSS_PROCESS0000796,simonsankaran@paytm,659.14,2,3,groceries,upi_p2p,fit,0,0,0.0,0,0,0,0,,158.0,0.552,0.0,0.0,0.0,0.0,0.0,720.0,0.0,0.0,1.0,0.0,0.0,321,94
2026-09-30 03:30:33.183638,TXNREGIME_B_CROSS_PROCESS0000144,riyabrar@paytm,3846.53,2,3,utility_bill,upi_p2m,fit,0,1,4.4,0,0,0,0,,133.9,0.984,1.0,3328.17,3328.17,3328.17,6.0,160.20416892555556,0.0,0.0,1.0,0.0,0.0,159,6
2026-09-30 04:16:08.887686,TXNREGIME_B_CROSS_PROCESS0000986,damini37@ybl,1431.73,2,4,person_to_person,upi_p2p,fit,0,1,0.5,0,0,0,0,,871.7,0.801,3.0,1409.0733333333335,2159.86,2221.53,5.0,19.59435732861111,0.0,2.0,0.0,0.0,0.0,58,73
2026-09-30 04:52:30.145417,TXNREGIME_B_CROSS_PROCESS0000945,riyabrar@paytm,697.09,2,4,e_commerce,upi_p2p,fit,0,0,0.0,0,0,0,0,,260.0,0.669,2.0,3587.3500000000004,3820.612,3846.53,6.0,1.365822716388889,0.0,1.0,2.0,0.0,1.0,159,6
2026-09-30 05:17:59.896787,TXNREGIME_B_CROSS_PROCESS0000491,ychoudhury@okhdfc,583.69,2,5,e_commerce,upi_autopay,fit,0,0,0.0,0,0,0,0,,169.3,0.934,3.0,585.4766666666666,619.3409999999999,621.81,11.0,85.75188371944445,0.0,0.0,1.0,3.0,1.0,66,11
2026-09-30 06:47:00.138284,TXNREGIME_B_CROSS_PROCESS0001039,riyabrar@paytm,1434.0,2,6,travel,upi_p2m,fit,0,0,0.0,0,0,0,0,,202.0,0.896,3.0,1491.25,1728.872,1737.43,11.0,4.25020316,0.0,1.0,3.0,0.0,0.0,112,6
2026-09-30 08:10:19.824269,TXNREGIME_B_CROSS_PROCESS0001056,siyachoudhary@ybl,471.48,2,8,recharge,upi_autopay,fit,0,0,0.0,0,0,0,0,,111.7,0.675,8.0,1883.2712499999998,5162.7469999999985,5850.98,13.0,10.371785950555555,0.0,1.0,0.0,9.0,2.0,177,75
2026-09-30 10:48:26.002492,TXNREGIME_B_CROSS_PROCESS0000888,nimratdayal@oksbi,303.18,2,10,recharge,upi_p2p,fit,0,0,0.0,0,0,0,0,,74.9,0.763,5.0,2373.484,3953.112,4020.75,14.0,115.23523344861111,0.0,0.0,0.0,14.0,2.0,314,104
2026-09-30 11:05:12.399454,TXNREGIME_B_CROSS_PROCESS0000292,siyachoudhary@ybl,642.24,2,11,groceries,upi_p2p,fit,0,0,0.0,0,0,0,0,,226.2,0.845,2.0,1006.4200000000001,1566.4180000000001,1628.64,14.0,302.70933644388884,0.0,0.0,1.0,12.0,1.0,49,75
2026-09-30 11:41:49.041662,TXNREGIME_B_CROSS_PROCESS0000935,shravya63@okhdfc,591.39,2,11,groceries,upi_p2p,fit,0,0,0.0,0,0,0,0,,810.8,0.716,2.0,1822.5,3276.0359999999996,3437.54,13.0,206.10170693305557,0.0,0.0,0.0,0.0,0.0,193,123
2026-09-30 14:55:35.563694,TXNREGIME_B_CROSS_PROCESS0000188,jasmit07@ybl,391.48,2,14,person_to_person,upi_p2m,fit,0,0,0.0,0,0,1,0,,72.7,0.842,2.0,4956.959999999999,5723.967,5809.19,12.0,52.448399252777776,0.0,0.0,0.0,0.0,0.0,214,0
2026-09-30 16:17:07.337964,TXNREGIME_B_CROSS_PROCESS0000571,manbir96@oksbi,190.16,2,16,food_delivery,upi_p2m,fit,0,0,0.0,0,0,0,0,,64.5,0.931,2.0,550.725,639.7305,649.62,4.0,27.28058108888889,0.0,0.0,0.0,4.0,2.0,171,44
2026-09-30 16:51:04.689152,TXNREGIME_B_CROSS_PROCESS0000510,bkumar@ybl,622.99,2,16,e_commerce,upi_p2m,fit,0,0,0.0,0,0,0,1,1.4354602626550395,173.5,0.929,2.0,838.44,1129.473,1161.81,5.0,66.13587816277777,0.0,0.0,0.0,5.0,1.0,254,120
2026-09-30 17:08:31.531995,TXNREGIME_B_CROSS_PROCESS0000743,abarman@okicici,1337.4,2,17,e_commerce,upi_p2p,fit,0,0,0.0,0,0,0,0,,178.3,0.69,1.0,366.58,366.58,366.58,8.0,193.50784349944445,0.0,0.0,0.0,0.0,0.0,130,46
2026-09-30 18:27:59.868380,TXNREGIME_B_CROSS_PROCESS0000375,pranit53@okicici,429.83,2,18,recharge,upi_autopay,fit,0,0,0.0,0,0,0,0,,779.5,0.654,2.0,1544.935,2395.8355,2490.38,14.0,291.3690057552778,0.0,0.0,0.0,14.0,1.0,33,38
2026-09-30 18:50:20.614861,TXNREGIME_B_CROSS_PROCESS0001285,aishani60@ybl,895.84,2,18,person_to_person,upi_p2p,fit,0,0,0.0,0,0,0,0,,207.2,0.923,0.0,0.0,0.0,0.0,0.0,720.0,0.0,0.0,2.0,0.0,0.0,21,47
2026-09-30 19:01:17.723728,TXNREGIME_B_CROSS_PROCESS0001439,qarin60@okhdfc,1535.32,2,19,utility_bill,upi_p2m,fit,0,1,0.2,0,0,0,0,,445.8,0.705,2.0,766.14,848.967,858.17,11.0,195.57543668611112,0.0,0.0,0.0,0.0,0.0,149,36
2026-09-30 19:51:03.609049,TXNREGIME_B_CROSS_PROCESS0000033,omkaar75@ybl,1704.78,2,19,utility_bill,upi_p2p,fit,0,0,0.0,0,0,0,0,,360.0,0.918,7.0,2187.6057142857144,8177.927999999994,10834.23,14.0,29.053895869999998,0.0,0.0,0.0,13.0,1.0,151,55
2026-09-30 19:57:53.062892,TXNREGIME_B_CROSS_PROCESS0000515,aayush79@okicici,759.71,2,19,utility_bill,upi_p2m,fit,0,0,0.0,0,0,0,0,,673.2,0.499,2.0,652.57,934.963,966.34,11.0,247.01725721555556,0.0,0.0,2.0,0.0,0.0,283,113
2026-09-30 20:53:01.428680,TXNREGIME_B_CROSS_PROCESS0000846,khalsapranav@okhdfc,1602.58,2,20,person_to_person,upi_p2m,fit,0,0,0.0,0,0,0,0,,173.1,0.829,2.0,912.3000000000001,1489.29,1553.4,8.0,153.51870627472223,0.0,0.0,0.0,0.0,0.0,60,29
2026-09-30 21:43:19.473641,TXNREGIME_B_CROSS_PROCESS0000940,borderidhi@okhdfc,2318.87,2,21,food_delivery,upi_p2p,fit,0,0,1.0,0,0,0,0,,414.4,0.789,2.0,1592.875,2834.2585,2972.19,14.0,57.22314278472222,0.0,0.0,0.0,0.0,0.0,255,62
2026-09-30 22:27:31.760435,TXNREGIME_B_CROSS_PROCESS0001287,wbedi@oksbi,149.4,2,22,groceries,upi_p2m,fit,0,0,0.0,0,0,0,0,,182.0,0.941,2.0,1975.6100000000001,2250.074,2280.57,7.0,78.27031314083332,0.0,0.0,0.0,0.0,0.0,228,40
2026-09-30 22:37:53.793084,TXNREGIME_B_CROSS_PROCESS0001259,simonsankaran@paytm,376.73,2,22,other,upi_p2p,fit,0,0,0.0,0,0,1,0,,57.0,0.829,1.0,1232.05,1232.05,1232.05,6.0,153.23882569222224,0.0,0.0,2.0,0.0,0.0,95,94
2026-09-30 22:38:51.588002,TXNREGIME_B_CROSS_PROCESS0000203,gaurikavala@okicici,1953.89,2,22,groceries,upi_p2p,fit,0,0,0.0,0,0,0,0,,40.3,0.868,3.0,2535.1233333333334,4682.759,4935.64,12.0,138.58110645472223,0.0,0.0,0.0,0.0,0.0,307,127
2026-09-30 23:26:18.289039,TXNREGIME_B_CROSS_PROCESS0001093,jananibail@okicici,3873.64,2,23,groceries,upi_p2p,fit,0,0,0.0,0,0,0,0,,64.3,0.446,1.0,1114.55,1114.55,1114.55,6.0,160.29376200194446,0.0,0.0,0.0,0.0,0.0,329,48
2026-10-01 01:31:15.772448,TXNREGIME_B_CROSS_PROCESS0000269,riyabrar@paytm,380.53,3,1,person_to_person,upi_p2m,fit,0,0,0.0,0,0,0,0,,927.0,0.847,1.0,1308.35,1308.35,1308.35,14.0,348.4412656027778,0.0,0.0,3.0,0.0,0.0,298,6
2026-10-01 01:58:23.518313,TXNREGIME_B_CROSS_PROCESS0000975,vshukla@okhdfc,1252.07,3,1,food_delivery,upi_p2p,fit,0,0,0.0,0,0,1,0,,46.1,0.831,1.0,286.28,286.28,286.28,3.0,86.73328846722222,0.0,0.0,0.0,0.0,0.0,156,136
2026-10-01 06:03:14.600193,TXNREGIME_B_CROSS_PROCESS0001204,damini37@ybl,1518.83,3,6,e_commerce,upi_p2p,fit,0,0,0.0,0,0,1,0,,58.5,0.977,1.0,200.35,200.35,200.35,11.0,281.62455240027776,0.0,0.0,0.0,11.0,1.0,185,73
2026-10-01 06:35:13.673060,TXNREGIME_B_CROSS_PROCESS0000346,qtalwar@oksbi,4778.14,3,6,recharge,upi_p2p,fit,0,0,0.0,0,0,0,1,2.026931825443529,420.4,0.886,2.0,839.44,856.009,857.85,6.0,126.13474286722222,0.0,0.0,0.0,5.0,1.0,207,137
2026-10-01 09:43:25.233003,TXNREGIME_B_CROSS_PROCESS0000266,qtalwar@oksbi,2263.27,3,9,person_to_person,upi_p2m,fit,0,0,0.0,0,0,1,0,,144.3,0.922,1.0,329.33,329.33,329.33,15.0,374.12298791305557,0.0,0.0,1.0,0.0,0.0,230,137
2026-10-01 11:13:40.129215,TXNREGIME_B_CROSS_PROCESS0001053,chackohitesh@okhdfc,101.28,3,11,food_delivery,upi_p2p,fit,0,0,0.0,0,0,0,0,,382.8,0.749,0.0,0.0,0.0,0.0,0.0,720.0,0.0,0.0,0.0,0.0,0.0,312,124
2026-10-01 11:56:34.195720,TXNREGIME_B_CROSS_PROCESS0000245,vrittimallick@okhdfc,472.18,3,11,recharge,upi_autopay,fit,0,0,0.0,0,0,0,0,,655.3,0.866,4.0,2365.3325,5960.164999999997,6701.0,7.0,118.61947226305556,0.0,0.0,0.0,0.0,0.0,128,115
2026-10-01 13:34:31.486435,TXNREGIME_B_CROSS_PROCESS0000760,devikaravi@okicici,226.67,3,13,utility_bill,upi_p2m,fit,0,0,0.0,0,0,0,0,,132.4,0.724,1.0,113.56,113.56,113.56,7.0,184.10889044916667,0.0,0.0,0.0,0.0,0.0,210,125
2026-10-01 13:41:13.302506,TXNREGIME_B_CROSS_PROCESS0000971,watikabedi@okicici,569.53,3,13,e_commerce,upi_p2p,fit,0,0,0.0,0,0,0,1,1.7576479165853858,77.9,0.963,0.0,0.0,0.0,0.0,0.0,720.0,0.0,0.0,0.0,0.0,0.0,123,27
2026-10-01 14:27:59.352687,TXNREGIME_B_CROSS_PROCESS0000066,simonsankaran@paytm,1664.52,3,14,food_delivery,upi_p2p,fit,0,0,0.0,0,0,0,0,,51.9,0.83,4.0,2389.815,4556.318499999999,4935.64,13.0,15.818823523611112,0.0,1.0,1.0,0.0,0.0,307,94
2026-10-01 14:36:54.965969,TXNREGIME_B_CROSS_PROCESS0000639,shaurya10@paytm,1265.73,3,14,person_to_person,upi_p2m,fit,0,0,0.0,0,0,0,0,,181.8,0.69,2.0,441.19,521.929,530.9,14.0,284.53096864194447,0.0,0.0,0.0,0.0,0.0,111,155
2026-10-01 14:37:22.515293,TXNREGIME_B_CROSS_PROCESS0000708,wbedi@oksbi,3222.06,3,14,food_delivery,upi_p2m,fit,0,0,0.0,0,0,0,0,,358.0,0.755,8.0,1500.35625,3301.488999999999,3771.91,14.0,44.24901969277778,0.0,0.0,1.0,0.0,0.0,104,40
2026-10-01 20:41:45.221853,TXNREGIME_B_CROSS_PROCESS0000219,clanka@okicici,1246.89,3,20,food_delivery,upi_p2p,fit,0,1,4.4,0,0,0,0,,403.8,0.559,3.0,2623.93,3794.694,3846.53,8.0,39.82085456555556,0.0,0.0,0.0,0.0,0.0,159,80
2026-10-01 21:13:59.870587,TXNREGIME_B_CROSS_PROCESS0001019,mastereesha@oksbi,1390.81,3,21,utility_bill,upi_p2p,fit,0,0,0.0,0,0,0,0,,341.0,0.594,3.0,648.37,1341.771,1450.44,15.0,49.838361221666666,0.0,0.0,0.0,0.0,0.0,79,18
2026-10-01 21:26:55.459296,TXNREGIME_B_CROSS_PROCESS0000216,shravya63@okhdfc,95.31,3,21,e_commerce,upi_p2m,fit,0,0,0.0,0,0,0,0,,362.2,0.801,0.0,0.0,0.0,0.0,0.0,720.0,0.0,0.0,0.0,0.0,0.0,309,123
2026-10-01 23:33:06.553413,TXNREGIME_B_CROSS_PROCESS0000370,aishani60@ybl,603.74,3,23,utility_bill,upi_p2m,fit,0,0,0.0,0,0,0,0,,20.1,0.903,3.0,766.6233333333333,1107.9279999999999,1161.81,6.0,30.700517850277777,0.0,0.0,0.0,0.0,0.0,254,47
2026-10-02 00:06:08.874132,TXNREGIME_B_CROSS_PROCESS0000636,clanka@okicici,707.05,4,0,person_to_person,upi_p2p,fit,0,0,0.0,0,0,0,0,,46.2,0.737,0.0,0.0,0.0,0.0,0.0,720.0,0.0,0.0,1.0,0.0,0.0,258,80
2026-10-02 00:25:27.193184,TXNREGIME_B_CROSS_PROCESS0001463,siyachoudhary@ybl,394.14,4,0,travel,upi_p2p,fit,0,0,0.0,0,0,0,0,,66.0,0.58,9.0,1726.4055555555556,5064.427999999999,5850.98,15.0,40.25204692083333,0.0,0.0,0.0,10.0,3.0,177,75
2026-10-02 00:55:03.573027,TXNREGIME_B_CROSS_PROCESS0000886,gaurikavala@okicici,3066.6,4,0,e_commerce,upi_p2m,fit,0,0,0.0,0,0,0,0,,574.6,0.684,5.0,2244.7560000000003,4429.878,4935.64,13.0,10.451172316666666,0.0,1.0,0.0,1.0,1.0,307,127
2026-10-02 03:10:46.825234,TXNREGIME_B_CROSS_PROCESS0000165,gautam10@okhdfc,1768.01,4,3,groceries,upi_p2m,fit,0,0,0.0,0,0,0,0,,170.1,0.899,2.0,10204.255,16067.6695,16719.16,10.0,248.92855375861112,0.0,0.0,0.0,0.0,0.0,65,37
2026-10-02 03:39:38.655009,TXNREGIME_B_CROSS_PROCESS0001027,gautam10@okhdfc,437.06,4,3,recharge,upi_p2m,fit,0,0,0.0,0,0,0,0,,269.6,0.92,0.0,0.0,0.0,0.0,0.0,720.0,0.0,0.0,1.0,0.0,0.0,88,37
2026-10-02 03:43:47.514560,TXNREGIME_B_CROSS_PROCESS0000992,qseshadri@okicici,902.09,4,3,groceries,upi_p2p,fit,0,0,0.0,0,0,0,0,,320.4,0.794,5.0,3239.79,7015.516,7673.27,13.0,95.11105421111111,0.0,0.0,0.0,10.0,1.0,278,74
2026-10-02 04:30:45.928992,TXNREGIME_B_CROSS_PROCESS0000830,samuelnayar@ybl,950.41,4,4,e_commerce,upi_p2p,fit,0,0,0.0,0,0,0,0,,143.4,0.873,2.0,655.245,1047.0014999999999,1090.53,10.0,168.78935794611112,0.0,0.0,0.0,10.0,2.0,333,20
2026-10-02 04:58:59.897437,TXNREGIME_B_CROSS_PROCESS0000051,vrittimallick@okhdfc,429.15,4,4,groceries,upi_p2p,fit,0,0,0.0,0,0,0,0,,282.2,0.986,3.0,950.9966666666668,2054.401,2240.94,9.0,105.7001523175,0.0,0.0,1.0,0.0,0.0,281,115
2026-10-02 05:17:47.834606,TXNREGIME_B_CROSS_PROCESS0000453,aachal41@okicici,926.19,4,5,person_to_person,upi_p2m,fit,0,0,0.0,0,0,0,0,,354.6,0.818,3.0,461.93,540.673,542.63,15.0,234.40440039361113,0.0,0.0,0.0,0.0,0.0,28,70
2026-10-02 06:14:27.906542,TXNREGIME_B_CROSS_PROCESS0001193,qseshadri@okicici,643.77,4,6,person_to_person,upi_p2p,fit,0,0,0.0,0,0,0,0,,223.2,0.815,0.0,0.0,0.0,0.0,0.0,720.0,0.0,0.0,1.0,0.0,0.0,148,74
2026-10-02 06:19:28.153337,TXNREGIME_B_CROSS_PROCESS0000372,lpatla@ybl,582.53,4,6,utility_bill,upi_p2m,fit,0,0,0.0,0,0,0,0,,195.3,0.741,0.0,0.0,0.0,0.0,0.0,720.0,0.0,0.0,0.0,0.0,0.0,306,26
2026-10-02 07:26:17.705092,TXNREGIME_B_CROSS_PROCESS0000239,gautam10@okhdfc,3002.8,4,7,e_commerce,upi_p2p,fit,0,0,0.0,0,0,0,0,,670.8,0.912,1.0,1468.28,1468.28,1468.28,6.0,153.98904175777778,0.0,0.0,2.0,6.0,1.0,196,37
2026-10-02 07:39:51.809184,TXNREGIME_B_CROSS_PROCESS0001074,balhaartank@paytm,604.92,4,7,person_to_person,upi_p2p,fit,0,0,0.0,0,0,0,0,,39.3,0.727,0.0,0.0,0.0,0.0,0.0,720.0,0.0,0.0,0.0,0.0,0.0,125,101
2026-10-02 09:27:30.755491,TXNREGIME_B_CROSS_PROCESS0001413,aravi@okicici,505.61,4,9,recharge,upi_p2m,fit,0,0,0.0,0,0,0,0,,412.3,0.796,0.0,0.0,0.0,0.0,0.0,720.0,0.0,0.0,0.0,0.0,0.0,336,2
2026-10-02 10:43:21.710710,TXNREGIME_B_CROSS_PROCESS0000864,gautam10@okhdfc,83.44,4,10,groceries,upi_p2p,fit,0,0,0.0,0,0,0,0,,1211.6,0.6,2.0,2235.54,2926.074,3002.8,6.0,3.284446005,0.0,1.0,3.0,6.0,2.0,196,37
2026-10-02 11:06:29.822432,TXNREGIME_B_CROSS_PROCESS0001401,jananibail@okicici,2582.54,4,11,recharge,upi_p2p,fit,0,0,0.0,0,0,0,0,,903.2,0.767,0.0,0.0,0.0,0.0,0.0,720.0,0.0,0.0,0.0,0.0,0.0,50,48
2026-10-02 11:09:10.484330,TXNREGIME_B_CROSS_PROCESS0001333,ira22@ybl,320.96,4,11,utility_bill,upi_p2m,fit,0,1,16.6,0,0,0,1,3.971473162842025,45.0,0.926,6.0,2850.1733333333336,6851.0775,7673.27,13.0,7.4230471583333335,0.0,1.0,0.0,0.0,0.0,278,112
2026-10-02 11:29:45.721122,TXNREGIME_B_CROSS_PROCESS0001396,manbir96@oksbi,664.13,4,11,food_delivery,upi_p2p,fit,0,0,0.0,0,0,0,0,,236.1,0.85,3.0,430.53666666666663,629.841,649.62,6.0,43.210661988333335,0.0,0.0,0.0,6.0,3.0,171,44
2026-10-02 12:51:27.460407,TXNREGIME_B_CROSS_PROCESS0000921,lucky21@okicici,167.83,4,12,groceries,upi_p2p,fit,0,0,0.0,0,0,0,0,,144.8,0.925,1.0,1935.7,1935.7,1935.7,8.0,196.45260650194444,0.0,0.0,0.0,0.0,0.0,9,25
2026-10-02 14:40:04.008414,TXNREGIME_B_CROSS_PROCESS0000119,mastereesha@oksbi,222.62,4,14,person_to_person,upi_p2m,fit,0,0,0.0,0,1,1,0,,187.5,0.776,1.0,151.1,151.1,151.1,10.0,263.02408634722224,0.0,0.0,1.0,0.0,0.0,256,18
2026-10-02 15:56:43.905554,TXNREGIME_B_CROSS_PROCESS0001381,sagarchanchal@okicici,1799.5,4,15,groceries,upi_p2p,fit,0,0,0.0,0,0,0,0,,120.2,0.738,1.0,1258.03,1258.03,1258.03,7.0,174.78900031333333,0.0,0.0,0.0,0.0,0.0,152,158
2026-10-02 16:07:33.122775,TXNREGIME_B_CROSS_PROCESS0001127,ati06@paytm,413.4,4,16,groceries,upi_p2p,fit,0,0,0.0,0,0,0,0,,37.5,0.934,3.0,2795.3700000000003,5389.954,5760.38,16.0,114.66777636055555,0.0,0.0,0.0,0.0,0.0,115,79
2026-10-02 19:08:22.011471,TXNREGIME_B_CROSS_PROCESS0001184,mohammed68@okhdfc,1753.96,4,19,recharge,upi_p2p,fit,0,0,0.0,0,0,0,0,,249.1,0.435,2.0,3801.145,6933.5455,7281.59,10.0,242.72871930333332,0.0,0.0,0.0,0.0,0.0,146,98
2026-10-02 19:27:44.373726,TXNREGIME_B_CROSS_PROCESS0001313,gautam10@okhdfc,1121.45,4,19,e_commerce,upi_p2m,fit,0,0,0.0,0,0,0,0,,168.6,0.638,2.0,1049.05,1315.018,1344.57,17.0,327.7572042286111,0.0,0.0,4.0,13.0,1.0,216,37
2026-10-02 19:53:11.050923,TXNREGIME_B_CROSS_PROCESS0000709,prashadprisha@okhdfc,3786.3,4,19,person_to_person,upi_p2p,fit,0,0,0.0,0,0,0,0,,79.8,0.866,0.0,0.0,0.0,0.0,0.0,720.0,0.0,0.0,0.0,0.0,0.0,12,151
2026-10-02 20:26:58.621759,TXNREGIME_B_CROSS_PROCESS0000149,yuvrajbrar@okhdfc,1078.38,4,20,food_delivery,upi_p2m,fit,0,0,0.0,0,0,0,1,4.733327593116777,498.8,0.703,3.0,972.1666666666666,1282.8239999999998,1317.84,16.0,154.56077026361112,0.0,0.0,0.0,0.0,0.0,301,134
2026-10-02 21:12:18.302154,TXNREGIME_B_CROSS_PROCESS0000052,dev92@okhdfc,3611.46,4,21,recharge,upi_autopay,fit,0,0,0.0,0,0,0,0,,464.8,0.713,0.0,0.0,0.0,0.0,0.0,720.0,0.0,0.0,0.0,0.0,0.0,223,108
2026-10-02 21:26:23.793447,TXNREGIME_B_CROSS_PROCESS0001300,balhaartank@paytm,381.42,4,21,e_commerce,upi_p2m,fit,0,0,0.0,0,0,0,0,,111.9,0.897,3.0,2161.4533333333334,3051.589,3128.88,13.0,98.14056540916667,0.0,0.0,1.0,0.0,0.0,271,101
2026-10-02 22:26:13.379007,TXNREGIME_B_CROSS_PROCESS0000285,omkaar75@ybl,4840.87,4,22,person_to_person,upi_p2m,fit,0,0,0.0,0,0,1,0,,128.9,0.629,8.0,2127.2525,7735.210999999996,10834.23,16.0,50.586047210555556,0.0,0.0,0.0,15.0,2.0,151,55
2026-10-02 23:25:52.374503,TXNREGIME_B_CROSS_PROCESS0001218,dinvrinda@okicici,443.89,4,23,utility_bill,upi_p2m,fit,0,0,0.0,0,0,0,0,,27.5,0.882,3.0,1412.13,3152.9249999999997,3437.54,16.0,59.7342591225,0.0,0.0,0.0,0.0,0.0,193,95
2026-10-02 23:35:46.710163,TXNREGIME_B_CROSS_PROCESS0000443,qaurora@paytm,305.6,4,23,food_delivery,upi_p2p,fit,0,0,0.0,0,0,0,0,,177.0,0.746,0.0,0.0,0.0,0.0,0.0,720.0,0.0,0.0,0.0,0.0,0.0,90,57
2026-10-02 23:39:47.733380,TXNREGIME_B_CROSS_PROCESS0000113,sagarchanchal@okicici,4678.78,4,23,utility_bill,upi_p2p,fit,0,1,0.3,0,0,0,0,,264.8,0.926,4.0,1716.445,3012.9435,3128.88,13.0,2.2233166480555555,0.0,1.0,1.0,8.0,2.0,271,158
2026-10-03 00:13:03.539693,TXNREGIME_B_CROSS_PROCESS0000459,riyabrar@paytm,53.17,5,0,other,upi_p2m,fit,0,0,0.0,0,0,0,0,,247.4,0.95,4.0,2279.67,3768.776,3846.53,9.0,27.521754955555558,0.0,0.0,0.0,2.0,2.0,159,6
2026-10-03 01:37:42.685332,TXNREGIME_B_CROSS_PROCESS0000831,mastereesha@oksbi,1455.18,5,1,travel,upi_p2p,fit,0,0,0.0,0,0,0,0,,306.5,0.678,0.0,0.0,0.0,0.0,0.0,720.0,0.0,0.0,1.0,0.0,0.0,82,18
2026-10-03 04:11:36.844914,TXNREGIME_B_CROSS_PROCESS0001428,zayyan87@paytm,144.87,5,4,e_commerce,upi_p2m,fit,0,0,0.0,0,0,0,0,,773.7,0.848,4.0,2466.6925,5546.884499999998,6179.34,16.0,139.36755794305554,0.0,0.0,0.0,16.0,2.0,94,135
2026-10-03 04:11:46.518655,TXNREGIME_B_CROSS_PROCESS0000069,llanka@okhdfc,1027.64,5,4,food_delivery,upi_p2p,fit,0,0,0.0,0,0,1,0,,7.4,0.429,3.0,1022.5333333333333,1467.605,1535.32,14.0,57.1746652575,0.0,0.0,0.0,0.0,0.0,149,169
2026-10-03 04:22:50.241839,TXNREGIME_B_CROSS_PROCESS0000756,shenoybishakha@okhdfc,3306.09,5,4,groceries,upi_p2p,fit,0,0,0.0,0,0,0,0,,434.5,0.691,1.0,653.69,653.69,653.69,16.0,407.88219676694445,0.0,0.0,0.0,16.0,1.0,84,51
2026-10-03 06:31:03.063195,TXNREGIME_B_CROSS_PROCESS0000078,masonkhosla@oksbi,494.2,5,6,groceries,upi_p2m,fit,0,0,0.0,0,0,0,1,7.937451472877692,466.8,0.906,0.0,0.0,0.0,0.0,0.0,720.0,0.0,0.0,0.0,0.0,0.0,157,71
2026-10-03 06:46:38.899558,TXNREGIME_B_CROSS_PROCESS0000972,ramachandranvedhika@paytm,1661.62,5,6,groceries,upi_p2p,fit,0,0,0.0,0,0,0,0,,196.7,0.623,1.0,4952.96,4952.96,4952.96,6.0,166.39927359944446,0.0,0.0,0.0,0.0,0.0,327,144
2026-10-03 06:48:50.224312,TXNREGIME_B_CROSS_PROCESS0000549,aishani60@ybl,1502.47,5,6,person_to_person,upi_p2p,fit,0,0,0.0,0,0,0,0,,587.4,0.922,3.0,524.8433333333334,878.109,933.07,11.0,81.58219494388888,0.0,0.0,0.0,11.0,3.0,241,47
2026-10-03 10:18:22.292421,TXNREGIME_B_CROSS_PROCESS0000441,masonkhosla@oksbi,1206.34,5,10,recharge,upi_p2p,fit,0,0,0.0,0,0,1,0,,87.5,0.854,0.0,0.0,0.0,0.0,0.0,720.0,0.0,0.0,1.0,0.0,0.0,222,71
2026-10-03 10:47:09.138660,TXNREGIME_B_CROSS_PROCESS0001153,lucky21@okicici,681.88,5,10,groceries,upi_p2p,fit,0,0,0.0,0,0,0,0,,177.6,0.948,0.0,0.0,0.0,0.0,0.0,720.0,0.0,0.0,1.0,0.0,0.0,296,25
2026-10-03 11:27:54.768847,TXNREGIME_B_CROSS_PROCESS0000860,jbhatti@okhdfc,937.13,5,11,person_to_person,upi_p2m,fit,0,0,0.0,0,0,0,0,,301.1,0.8,2.0,1866.0900000000001,2433.234,2496.25,5.0,89.30589097305555,0.0,0.0,0.0,0.0,0.0,118,5
2026-10-03 12:14:28.785683,TXNREGIME_B_CROSS_PROCESS0000776,chanchal93@okhdfc,2424.38,5,12,food_delivery,upi_p2p,fit,0,1,12.6,0,0,0,0,,28.6,0.696,3.0,467.8333333333333,550.501,559.34,15.0,315.9683554527778,0.0,0.0,0.0,0.0,0.0,211,16
2026-10-03 14:26:57.708652,TXNREGIME_B_CROSS_PROCESS0000379,abarman@okicici,722.98,5,14,e_commerce,upi_p2p,fit,0,0,0.0,0,0,0,0,,136.8,0.973,1.0,256.61,256.61,256.61,5.0,120.1214564713889,0.0,0.0,0.0,0.0,0.0,225,46
2026-10-03 15:41:03.117510,TXNREGIME_B_CROSS_PROCESS0000679,gautam10@okhdfc,1229.52,5,15,food_delivery,upi_p2p,fit,0,0,0.0,0,0,0,0,,609.4,0.975,1.0,437.06,437.06,437.06,1.0,36.023461805833335,0.0,0.0,1.0,1.0,1.0,88,37
2026-10-03 16:38:06.122426,TXNREGIME_B_CROSS_PROCESS0000751,fmodi@okhdfc,520.09,5,16,recharge,upi_p2p,fit,0,0,0.0,0,0,0,0,,26.6,0.824,3.0,7392.173333333333,15416.178999999998,16719.16,12.0,37.45536033111111,0.0,0.0,0.0,0.0,0.0,65,91
2026-10-03 17:24:00.253698,TXNREGIME_B_CROSS_PROCESS0000162,yuvrajbrar@okhdfc,1343.51,5,17,other,upi_p2p,fit,0,0,0.0,0,0,0,0,,378.4,0.952,3.0,687.1266666666667,774.992,776.65,9.0,110.73378950944445,0.0,0.0,1.0,5.0,1.0,187,134
2026-10-03 17:24:22.694577,TXNREGIME_B_CROSS_PROCESS0001359,noah04@paytm,1721.87,5,17,food_delivery,upi_p2p,fit,0,0,0.0,0,0,0,1,0.5246193842619592,93.4,0.904,4.0,1758.81,3419.9359999999992,3718.04,14.0,92.7744729238889,0.0,0.0,0.0,0.0,0.0,105,8
2026-10-03 17:33:21.578908,TXNREGIME_B_CROSS_PROCESS0000064,gaurikavala@okicici,1262.87,5,17,recharge,upi_p2p,fit,0,0,0.0,0,0,0,0,,149.0,0.566,0.0,0.0,0.0,0.0,0.0,720.0,0.0,0.0,0.0,0.0,0.0,25,127
2026-10-03 19:02:21.361929,TXNREGIME_B_CROSS_PROCESS0000467,sai75@okhdfc,1022.52,5,19,groceries,upi_p2p,fit,0,0,0.0,0,0,0,0,,325.1,0.809,1.0,6672.04,6672.04,6672.04,5.0,133.35880407333335,0.0,0.0,0.0,5.0,1.0,299,42
2026-10-03 20:10:29.641421,TXNREGIME_B_CROSS_PROCESS0001148,vshukla@okhdfc,18475.26,5,20,food_delivery,upi_p2p,fit,0,0,0.0,0,0,0,0,,119.1,0.745,5.0,1834.3700000000001,3742.858,3846.53,10.0,19.95725048,0.0,1.0,0.0,0.0,0.0,159,136
2026-10-03 21:59:55.869472,TXNREGIME_B_CROSS_PROCESS0000947,aishani60@ybl,4514.28,5,21,groceries,upi_p2p,fit,0,0,0.0,0,0,0,1,0.15244040168986023,47.1,0.823,1.0,2841.44,2841.44,2841.44,3.0,95.24939774527778,0.0,0.0,1.0,0.0,0.0,239,47
2026-10-03 23:06:31.404375,TXNREGIME_B_CROSS_PROCESS0000071,gautam10@okhdfc,543.71,5,23,utility_bill,upi_p2p,fit,0,1,2.0,0,0,0,0,,165.7,0.992,3.0,1518.1733333333332,2849.348,3002.8,8.0,36.38602601805555,0.0,0.0,1.0,8.0,3.0,196,37
2026-10-03 23:51:03.232890,TXNREGIME_B_CROSS_PROCESS0001452,pingleviraj@oksbi,319.42,5,23,travel,upi_autopay,fit,0,0,0.0,0,0,0,0,,142.2,0.816,1.0,1740.11,1740.11,1740.11,11.0,277.771126425,0.0,0.0,0.0,0.0,0.0,226,17
2026-10-04 00:40:19.714359,TXNREGIME_B_CROSS_PROCESS0000034,chamelikrishnan@ybl,868.76,6,0,e_commerce,upi_p2m,fit,0,0,0.0,0,0,0,0,,180.6,0.809,2.0,1029.7649999999999,1669.0755,1740.11,11.0,0.8212448524999999,1.0,1.0,0.0,11.0,1.0,226,67
2026-10-04 02:37:28.795944,TXNREGIME_B_CROSS_PROCESS0001384,yutikasaran@okhdfc,651.81,6,2,utility_bill,upi_p2p,fit,0,0,0.0,0,0,0,1,0.44559818971782417,74.3,0.917,0.0,0.0,0.0,0.0,0.0,720.0,0.0,0.0,0.0,0.0,0.0,331,114
2026-10-04 02:39:11.811218,TXNREGIME_B_CROSS_PROCESS0000839,gautam10@okhdfc,1495.39,6,2,person_to_person,upi_p2m,fit,0,1,1.1,0,0,0,0,,44.3,0.755,3.0,753.6333333333333,1076.518,1090.53,12.0,46.140522840555555,0.0,0.0,2.0,0.0,0.0,333,37
2026-10-04 03:29:04.881376,TXNREGIME_B_CROSS_PROCESS0001086,idash@paytm,2468.57,6,3,travel,upi_p2m,fit,0,0,0.0,0,0,0,1,2.331624891777308,112.5,0.836,5.0,2308.912,4368.799999999999,4678.78,14.0,27.82142999888889,0.0,0.0,0.0,0.0,0.0,271,76
2026-10-04 04:21:37.205378,TXNREGIME_B_CROSS_PROCESS0000754,qtalwar@oksbi,2148.47,6,4,e_commerce,upi_p2m,fit,0,1,1.9,0,0,0,0,,599.4,0.844,2.0,1296.3,2166.573,2263.27,18.0,66.63665899305556,0.0,0.0,0.0,2.0,1.0,230,137
2026-10-04 06:06:46.212998,TXNREGIME_B_CROSS_PROCESS0000779,manbir96@oksbi,274.99,6,6,groceries,upi_p2p,fit,0,1,9.0,0,0,0,0,,754.9,0.765,4.0,488.93499999999995,661.9535,664.13,7.0,42.61680329888888,0.0,0.0,0.0,7.0,4.0,171,44
2026-10-04 06:44:31.617231,TXNREGIME_B_CROSS_PROCESS0000900,aishani60@ybl,490.0,6,6,groceries,upi_p2m,fit,0,0,0.0,0,0,0,0,,83.1,0.84,4.0,769.25,1417.06,1502.47,12.0,23.928164699722224,0.0,1.0,2.0,12.0,4.0,241,47
2026-10-04 07:41:30.566328,TXNREGIME_B_CROSS_PROCESS0000866,nimratdayal@oksbi,100.2,6,7,food_delivery,upi_p2m,fit,0,0,0.0,0,0,0,0,,313.4,0.593,3.0,1142.3933333333334,1597.662,1602.58,11.0,82.8080937911111,0.0,0.0,0.0,0.0,0.0,60,104
2026-10-04 07:53:10.053870,TXNREGIME_B_CROSS_PROCESS0001263,bhattinidhi@okicici,173.77,6,7,groceries,upi_p2p,fit,0,0,0.0,0,0,0,0,,298.0,0.817,1.0,618.12,618.12,618.12,9.0,233.55842112638888,0.0,0.0,0.0,0.0,0.0,52,129
2026-10-04 08:16:12.226956,TXNREGIME_B_CROSS_PROCESS0001324,ramachandranvedhika@paytm,754.4,6,8,food_delivery,upi_p2p,fit,1,0,0.4,0,0,0,1,3.5965265666252946,139.9,0.872,2.0,2304.955,2822.9635,2880.52,11.0,231.55191100972223,0.0,0.0,0.0,0.0,0.0,144,144
2026-10-04 08:29:01.760441,TXNREGIME_B_CROSS_PROCESS0000104,prashadprisha@okhdfc,1041.9,6,8,groceries,upi_p2p,fit,0,0,0.0,0,0,0,0,,436.6,0.785,2.0,1317.505,1549.6734999999999,1575.47,15.0,319.22128943555555,0.0,0.0,0.0,0.0,0.0,268,151
2026-10-04 10:58:15.022787,TXNREGIME_B_CROSS_PROCESS0001051,mastereesha@oksbi,4059.95,6,10,groceries,upi_p2m,fit,0,0,0.0,0,0,0,0,,186.9,0.835,1.0,569.53,569.53,569.53,2.0,69.28381118916667,0.0,0.0,0.0,0.0,0.0,123,18
2026-10-04 14:16:38.662776,TXNREGIME_B_CROSS_PROCESS0001319,sai75@okhdfc,1493.84,6,14,other,upi_p2p,fit,0,0,0.0,0,0,0,0,,556.9,0.826,7.0,1907.7085714285715,3370.8199999999993,3723.26,17.0,263.4359757536111,0.0,0.0,1.0,17.0,4.0,39,42
2026-10-04 15:06:17.874507,TXNREGIME_B_CROSS_PROCESS0000799,gaurikavala@okicici,2009.96,6,15,utility_bill,upi_p2p,fit,0,0,0.0,0,0,0,0,,37.7,0.696,1.0,651.81,651.81,651.81,0.0,12.480299600833334,0.0,1.0,1.0,0.0,0.0,331,127
2026-10-04 16:47:37.241487,TXNREGIME_B_CROSS_PROCESS0000589,mannandevansh@oksbi,6353.16,6,16,e_commerce,upi_p2p,fit,0,0,0.0,0,0,0,0,,510.5,0.877,8.0,1855.975,3312.0799999999995,3723.26,18.0,2.516271864166667,0.0,1.0,0.0,0.0,0.0,39,7
2026-10-04 17:45:23.484338,TXNREGIME_B_CROSS_PROCESS0000885,noah04@paytm,809.94,6,17,groceries,upi_p2p,fit,0,0,0.0,0,0,0,0,,28.2,0.735,5.0,1751.422,3320.5679999999993,3718.04,15.0,24.350219378055556,0.0,0.0,0.0,1.0,1.0,105,8
2026-10-04 22:27:00.580294,TXNREGIME_B_CROSS_PROCESS0000345,pmukherjee@okhdfc,1212.28,6,22,utility_bill,upi_p2p,fit,0,0,0.0,0,0,0,0,,48.3,0.807,2.0,3237.505,5834.1985,6122.72,17.0,322.77321365638886,0.0,0.0,0.0,17.0,2.0,270,28
2026-10-04 22:27:13.746347,TXNREGIME_B_CROSS_PROCESS0000094,manbir96@oksbi,963.03,6,22,person_to_person,upi_p2m,fit,0,0,0.0,0,0,0,0,,85.0,0.856,1.0,416.12,416.12,416.12,17.0,423.41329113833336,0.0,0.0,1.0,0.0,0.0,231,44
2026-10-04 22:41:00.617808,TXNREGIME_B_CROSS_PROCESS0000553,warhidesai@paytm,8604.71,6,22,recharge,upi_p2p,fit,0,0,0.0,0,0,0,0,,164.9,0.803,1.0,1206.34,1206.34,1206.34,1.0,36.3773126075,0.0,0.0,0.0,0.0,0.0,222,160
2026-10-04 22:50:04.150297,TXNREGIME_B_CROSS_PROCESS0001256,zilmilmalhotra@okicici,661.72,6,22,e_commerce,upi_p2m,fit,0,0,4.6,0,0,0,0,,83.1,0.949,0.0,0.0,0.0,0.0,0.0,720.0,0.0,0.0,0.0,0.0,0.0,199,31
2026-10-05 01:15:39.706655,TXNREGIME_B_CROSS_PROCESS0000354,pingleviraj@oksbi,688.88,0,1,e_commerce,upi_p2p,fit,0,0,0.0,0,0,0,1,7.693988136126274,28.0,0.772,2.0,833.29,1189.897,1229.52,2.0,33.576830318055556,0.0,0.0,0.0,0.0,0.0,88,17
2026-10-05 02:46:11.181606,TXNREGIME_B_CROSS_PROCESS0000996,clanka@okicici,210.7,0,2,e_commerce,upi_p2p,fit,0,0,0.0,0,0,0,0,,207.4,0.977,9.0,2355.662222222222,5301.199999999999,6353.16,18.0,9.9760944775,0.0,2.0,0.0,0.0,0.0,39,80
2026-10-05 04:14:46.801614,TXNREGIME_B_CROSS_PROCESS0000361,wgupta@okicici,1311.36,0,4,other,upi_p2p,fit,1,0,0.0,0,0,0,0,,51.3,0.657,0.0,0.0,0.0,0.0,0.0,720.0,0.0,0.0,0.0,0.0,0.0,101,83
2026-10-05 05:07:59.560229,TXNREGIME_B_CROSS_PROCESS0000767,orinderkaur@ybl,4355.33,0,5,person_to_person,upi_p2m,fit,0,0,0.0,0,0,1,0,,351.6,0.945,4.0,881.845,1595.203,1602.58,12.0,21.44138719472222,0.0,1.0,0.0,0.0,0.0,60,105
2026-10-05 05:08:50.086875,TXNREGIME_B_CROSS_PROCESS0000411,tanveermand@oksbi,8791.05,0,5,utility_bill,upi_p2m,fit,1,0,0.0,0,1,0,1,8.680806074977308,10.3,0.089,5.0,713.4,1388.59,1502.47,13.0,22.405130456666665,0.0,1.0,0.0,0.0,0.0,241,163
2026-10-05 05:31:48.429789,TXNREGIME_B_CROSS_PROCESS0001212,ramachandranvedhika@paytm,133.15,0,5,food_delivery,upi_p2m,fit,0,0,0.0,0,1,0,0,,306.8,0.504,2.0,3307.29,4788.393,4952.96,8.0,46.75264728638889,0.0,0.0,1.0,1.0,1.0,327,144
2026-10-05 05:51:53.019848,TXNREGIME_B_CROSS_PROCESS0001385,aishani60@ybl,249.88,0,5,utility_bill,upi_p2p,fit,0,0,0.0,0,0,1,0,,38.1,0.884,1.0,5631.65,5631.65,5631.65,5.0,132.76014918166666,0.0,0.0,1.0,5.0,1.0,274,47
2026-10-05 06:15:10.831356,TXNREGIME_B_CROSS_PROCESS0000642,zilmilmalhotra@okicici,294.5,0,6,utility_bill,upi_p2m,fit,0,1,0.3,0,0,0,0,,280.8,0.837,3.0,2580.0033333333336,5820.36,6379.66,16.0,125.06013172361111,0.0,0.0,1.0,16.0,1.0,259,31
2026-10-05 07:10:22.136236,TXNREGIME_B_CROSS_PROCESS0000736,zilmilmalhotra@okicici,550.77,0,7,recharge,upi_p2p,fit,0,1,4.5,0,0,0,0,,121.3,0.88,2.0,1555.9399999999998,2660.9239999999995,2783.7,19.0,358.93576580166666,0.0,0.0,2.0,14.0,1.0,164,31
2026-10-05 07:43:06.089182,TXNREGIME_B_CROSS_PROCESS0000280,wgupta@okicici,939.64,0,7,groceries,upi_p2p,fit,0,0,0.0,0,0,0,0,,75.8,0.723,2.0,464.475,830.7705,871.47,17.0,138.02950274583333,0.0,0.0,1.0,5.0,1.0,175,83
2026-10-05 09:07:24.930824,TXNREGIME_B_CROSS_PROCESS0000186,yutikasaran@okhdfc,259.37,0,9,utility_bill,upi_p2m,fit,0,0,0.0,0,0,0,0,,197.8,0.93,2.0,1544.8799999999999,2750.979,2884.99,10.0,203.79792222694445,0.0,0.0,0.0,8.0,1.0,295,114
2026-10-05 09:28:12.600364,TXNREGIME_B_CROSS_PROCESS0000460,simonsankaran@paytm,445.81,0,9,food_delivery,upi_p2m,fit,0,0,0.0,0,0,1,0,,26.2,0.939,1.0,2582.54,2582.54,2582.54,2.0,70.36188275888888,0.0,0.0,0.0,0.0,0.0,50,94
2026-10-05 09:59:15.396550,TXNREGIME_B_CROSS_PROCESS0000628,darabhavna@paytm,234.23,0,9,groceries,upi_p2p,fit,0,0,1.2,0,0,0,1,3.9291573960412407,745.4,0.841,9.0,1691.6566666666668,3551.97,3771.91,18.0,91.36468923805555,0.0,0.0,0.0,0.0,0.0,104,97
2026-10-05 12:37:11.089580,TXNREGIME_B_CROSS_PROCESS0001405,rachana51@okhdfc,5530.15,0,12,person_to_person,upi_p2m,fit,0,0,0.0,0,0,0,0,,65.6,0.612,1.0,3786.3,3786.3,3786.3,2.0,64.73334407138888,0.0,0.0,0.0,0.0,0.0,12,143
2026-10-05 13:33:04.054383,TXNREGIME_B_CROSS_PROCESS0000082,qaurora@paytm,1937.4,0,13,travel,upi_p2p,fit,0,0,0.0,0,0,1,0,,32.6,0.572,1.0,1024.4,1024.4,1024.4,14.0,358.4759223944444,0.0,0.0,0.0,14.0,1.0,169,57
2026-10-05 14:47:16.073426,TXNREGIME_B_CROSS_PROCESS0001214,abarman@okicici,714.14,0,14,other,upi_autopay,fit,0,0,0.0,0,0,0,0,,23.3,0.801,3.0,1203.61,2584.573,2823.79,19.0,352.76005661444447,0.0,0.0,0.0,0.0,0.0,234,46
2026-10-05 16:32:41.068103,TXNREGIME_B_CROSS_PROCESS0001455,zayyan87@paytm,1166.07,0,16,travel,upi_p2p,fit,0,0,0.0,0,0,0,0,,46.1,0.52,3.0,2249.2433333333333,4623.825999999999,4952.96,9.0,11.014621753888889,0.0,1.0,0.0,0.0,0.0,327,135
2026-10-05 16:56:25.409220,TXNREGIME_B_CROSS_PROCESS0000437,chamelikrishnan@ybl,121.35,0,16,person_to_person,upi_p2p,fit,0,0,0.0,0,0,0,0,,71.0,0.719,4.0,1330.3200000000002,2899.2204999999994,3216.79,19.0,263.08382359194445,0.0,0.0,0.0,0.0,0.0,246,67
2026-10-05 17:17:19.629320,TXNREGIME_B_CROSS_PROCESS0001489,mannandevansh@oksbi,763.17,0,17,e_commerce,upi_p2m,fit,0,0,0.0,0,0,0,0,,140.5,0.848,10.0,1545.914,3524.477499999999,3771.91,18.0,7.301175769444444,0.0,1.0,0.0,18.0,5.0,104,7
2026-10-05 17:51:02.440247,TXNREGIME_B_CROSS_PROCESS0001330,upkaarmahajan@oksbi,1622.32,0,17,food_delivery,upi_p2p,fit,0,0,0.0,0,0,0,0,,462.3,0.493,2.0,884.4,1563.279,1638.71,7.0,170.66577942083333,0.0,0.0,0.0,7.0,1.0,47,86
2026-10-05 19:24:17.509613,TXNREGIME_B_CROSS_PROCESS0001143,ati06@paytm,104.64,0,19,person_to_person,upi_p2m,fit,0,0,0.0,0,0,0,0,,286.3,0.921,4.0,1414.7375000000002,2129.025,2221.53,11.0,135.13572831305555,0.0,0.0,0.0,11.0,2.0,58,79
2026-10-05 19:51:09.798564,TXNREGIME_B_CROSS_PROCESS0000360,vshukla@okhdfc,1181.93,0,19,e_commerce,upi_p2p,fit,0,0,0.0,0,0,0,0,,46.5,0.824,2.0,769.175,1203.7804999999998,1252.07,8.0,113.87952229194445,0.0,0.0,0.0,4.0,1.0,156,136
2026-10-05 22:04:18.748723,TXNREGIME_B_CROSS_PROCESS0000067,wbedi@oksbi,345.86,0,22,food_delivery,upi_p2p,fit,0,0,0.0,0,0,0,0,,67.7,0.965,2.0,1120.73,1446.1879999999999,1482.35,19.0,212.14039681055553,0.0,0.0,0.0,19.0,2.0,247,40
2026-10-05 23:52:21.151015,TXNREGIME_B_CROSS_PROCESS0000023,samraneelima@ybl,1300.11,0,23,groceries,upi_p2m,fit,0,0,0.6,0,0,0,0,,23.1,0.946,3.0,3118.75,6728.826999999999,7281.59,14.0,76.73309431777777,0.0,0.0,0.0,14.0,1.0,146,128
2026-10-06 02:18:08.730154,TXNREGIME_B_CROSS_PROCESS0001314,dominic99@oksbi,675.53,1,2,person_to_person,upi_p2m,fit,0,0,0.0,0,0,0,0,,258.4,0.901,2.0,1674.2549999999999,2714.3264999999997,2829.89,19.0,151.53289048972223,0.0,0.0,0.0,0.0,0.0,289,59
2026-10-06 02:49:19.044213,TXNREGIME_B_CROSS_PROCESS0000604,parikhyamini@oksbi,338.54,1,2,recharge,upi_p2p,fit,1,0,0.0,0,0,0,0,,5.4,0.201,1.0,1034.78,1034.78,1034.78,19.0,458.3488969619445,0.0,0.0,0.0,0.0,0.0,334,167
2026-10-06 03:05:30.022440,TXNREGIME_B_CROSS_PROCESS0001133,borderidhi@okhdfc,1181.82,1,3,person_to_person,upi_p2p,fit,0,0,0.0,0,0,0,0,,45.3,0.967,6.0,991.1550000000001,2187.6075,2276.12,19.0,169.7995427913889,0.0,0.0,0.0,0.0,0.0,85,62
2026-10-06 05:12:46.354660,TXNREGIME_B_CROSS_PROCESS0000611,nkothari@okhdfc,76.1,1,5,food_delivery,upi_p2p,fit,0,0,0.0,0,0,0,0,,161.0,0.639,0.0,0.0,0.0,0.0,0.0,720.0,0.0,0.0,0.0,0.0,0.0,62,117
2026-10-06 06:27:53.682315,TXNREGIME_B_CROSS_PROCESS0000031,qseshadri@okicici,185.42,1,6,travel,upi_p2p,fit,0,0,0.0,0,0,0,0,,92.5,0.684,1.0,890.12,890.12,890.12,11.0,272.10363970888886,0.0,0.0,0.0,0.0,0.0,75,74
2026-10-06 06:38:14.868105,TXNREGIME_B_CROSS_PROCESS0001472,prashadprisha@okhdfc,1879.84,1,6,e_commerce,upi_p2m,fit,0,0,0.0,0,0,0,0,,646.0,0.997,2.0,4658.225,5442.9574999999995,5530.15,3.0,18.017716256944446,0.0,1.0,0.0,3.0,1.0,12,151
2026-10-06 12:51:13.265793,TXNREGIME_B_CROSS_PROCESS0001470,chamelikrishnan@ybl,392.96,1,12,e_commerce,upi_p2p,fit,0,0,0.0,0,0,0,0,,21.9,0.934,3.0,976.0966666666667,1652.975,1740.11,14.0,60.181542064999995,0.0,0.0,1.0,14.0,2.0,226,67
2026-10-06 13:30:40.180624,TXNREGIME_B_CROSS_PROCESS0000994,vshukla@okhdfc,734.4,1,13,e_commerce,upi_p2p,fit,0,0,0.0,0,0,0,0,,118.4,0.838,3.0,2134.09,3616.4929999999995,3840.51,19.0,233.39040835055556,0.0,0.0,1.0,19.0,2.0,311,136
2026-10-06 14:19:37.654318,TXNREGIME_B_CROSS_PROCESS0000569,dinvrinda@okicici,2643.03,1,14,person_to_person,upi_p2p,fit,0,0,0.0,0,0,0,0,,582.2,0.701,4.0,1170.07,3010.617499999999,3437.54,19.0,86.89591105972222,0.0,0.0,0.0,3.0,1.0,193,95
2026-10-06 14:33:16.994498,TXNREGIME_B_CROSS_PROCESS0000539,unnativarkey@okicici,279.66,1,14,other,upi_p2p,fit,0,0,0.0,0,0,0,0,,86.8,0.9,1.0,3611.46,3611.46,3611.46,3.0,89.34963676222222,0.0,0.0,0.0,0.0,0.0,223,130
2026-10-06 17:42:19.720514,TXNREGIME_B_CROSS_PROCESS0001237,shaurya10@paytm,476.09,1,17,recharge,upi_p2m,fit,0,0,0.0,0,0,0,0,,110.9,0.889,3.0,716.0366666666667,1192.2469999999998,1265.73,19.0,123.09020959583333,0.0,0.0,0.0,5.0,1.0,111,155
2026-10-06 18:26:59.676933,TXNREGIME_B_CROSS_PROCESS0000867,rushildhingra@okicici,340.18,1,18,groceries,upi_p2p,fit,0,0,0.0,0,0,0,0,,260.2,0.839,5.0,2002.328,5336.065999999999,6179.34,20.0,86.2563422275,0.0,0.0,0.0,19.0,1.0,94,89
2026-10-06 19:18:08.453362,TXNREGIME_B_CROSS_PROCESS0000587,jbhatti@okhdfc,721.63,1,19,groceries,upi_p2m,fit,0,0,0.0,0,0,0,0,,187.2,0.821,11.0,1474.7554545454545,3496.9849999999997,3771.91,20.0,26.013562233888887,0.0,0.0,0.0,0.0,0.0,104,5
2026-10-06 19:29:11.306561,TXNREGIME_B_CROSS_PROCESS0000629,sai75@okhdfc,1646.98,1,19,travel,upi_p2p,fit,0,0,0.0,0,0,1,0,,135.4,0.608,1.0,2563.99,2563.99,2563.99,13.0,327.8536806413889,0.0,0.0,0.0,13.0,1.0,131,42
2026-10-06 20:40:47.373456,TXNREGIME_B_CROSS_PROCESS0001453,watikabedi@okicici,1040.53,1,20,e_commerce,upi_p2p,fit,0,0,0.0,0,0,0,0,,87.6,0.798,4.0,833.98,1441.4955,1450.44,20.0,119.44652857472222,0.0,0.0,0.0,15.0,1.0,79,27
2026-10-06 20:55:26.192759,TXNREGIME_B_CROSS_PROCESS0000606,chandagirindra@okhdfc,826.9,1,20,food_delivery,upi_p2p,fit,0,0,0.0,0,0,1,0,,294.0,0.868,1.0,2593.56,2593.56,2593.56,15.0,367.0201355891666,0.0,0.0,0.0,15.0,1.0,252,116
2026-10-06 21:04:34.224833,TXNREGIME_B_CROSS_PROCESS0000311,masonkhosla@oksbi,1432.55,1,21,food_delivery,upi_p2p,fit,0,0,0.0,0,0,0,0,,60.4,0.879,3.0,2917.7299999999996,3793.8509999999997,3813.14,20.0,224.87518626861112,0.0,0.0,0.0,0.0,0.0,163,71
2026-10-06 22:43:04.448725,TXNREGIME_B_CROSS_PROCESS0000347,liambhargava@okhdfc,936.39,1,22,groceries,upi_autopay,fit,0,0,0.0,0,0,0,0,,95.2,0.919,1.0,759.49,759.49,759.49,14.0,343.28164621472223,0.0,0.0,0.0,0.0,0.0,76,84
2026-10-06 23:01:25.605245,TXNREGIME_B_CROSS_PROCESS0000125,aravi@okicici,918.63,1,23,e_commerce,upi_p2p,fit,0,0,0.0,0,0,0,0,,111.5,0.967,10.0,1593.1789999999999,4966.108999999998,5850.98,20.0,118.59955890583333,0.0,0.0,0.0,0.0,0.0,177,2
2026-10-06 23:26:48.613547,TXNREGIME_B_CROSS_PROCESS0000099,qarin08@okhdfc,2341.65,1,23,recharge,upi_p2m,fit,0,0,0.0,0,0,0,0,,129.3,0.75,2.0,851.99,1288.8590000000002,1337.4,14.0,150.30474487555557,0.0,0.0,0.0,0.0,0.0,130,13
2026-10-06 23:32:24.876952,TXNREGIME_B_CROSS_PROCESS0001038,qseshadri@okicici,5051.7,1,23,groceries,upi_p2p,fit,0,0,0.0,0,0,0,0,,199.8,0.914,3.0,1073.1833333333334,1322.2579999999998,1344.57,21.0,100.07791756277778,0.0,0.0,1.0,0.0,0.0,216,74
2026-10-07 01:56:48.084352,TXNREGIME_B_CROSS_PROCESS0001233,jasmit07@ybl,3139.75,2,1,groceries,upi_p2m,fit,0,0,0.0,0,0,0,0,,256.7,0.745,2.0,537.77,854.885,890.12,12.0,19.48177834361111,0.0,1.0,0.0,0.0,0.0,75,0
2026-10-07 05:25:10.393667,TXNREGIME_B_CROSS_PROCESS0001426,sai75@okhdfc,76.77,2,5,e_commerce,upi_p2m,fit,0,0,0.0,0,0,0,0,,94.2,0.796,2.0,2105.4849999999997,2518.1394999999998,2563.99,14.0,9.933079751666666,0.0,1.0,1.0,14.0,2.0,131,42
2026-10-07 07:16:43.043622,TXNREGIME_B_CROSS_PROCESS0001493,jbhatti@okhdfc,168.27,2,7,recharge,upi_p2p,fit,0,0,0.0,0,0,0,1,0.7452901584371308,49.8,0.205,3.0,622.8633333333333,932.823,939.64,19.0,47.56026512222222,0.0,0.0,1.0,0.0,0.0,175,5
2026-10-07 07:34:26.846959,TXNREGIME_B_CROSS_PROCESS0000323,orinderkaur@ybl,502.77,2,7,e_commerce,upi_p2p,fit,0,0,0.0,0,0,0,0,,139.1,0.672,2.0,689.575,935.6845,963.03,20.0,57.12030572555556,0.0,0.0,0.0,0.0,0.0,231,105
2026-10-07 09:58:55.318460,TXNREGIME_B_CROSS_PROCESS0000145,qdar@oksbi,2282.86,2,9,person_to_person,upi_p2m,fit,0,0,0.0,0,0,0,0,,763.2,0.944,5.0,1464.662,3278.638,3437.54,20.0,19.65490670611111,0.0,1.0,0.0,0.0,0.0,193,1
2026-10-07 11:19:59.191640,TXNREGIME_B_CROSS_PROCESS0000182,zayyan87@paytm,1311.96,2,11,e_commerce,upi_p2p,fit,0,0,0.0,0,0,0,0,,100.2,0.803,6.0,1725.3033333333333,5125.2475,6179.34,20.0,16.883198529722222,0.0,1.0,0.0,20.0,3.0,94,135
2026-10-07 11:42:37.451971,TXNREGIME_B_CROSS_PROCESS0000859,tripathinachiket@okicici,1053.06,2,11,food_delivery,upi_p2p,fit,0,0,0.0,0,0,0,0,,1045.9,0.836,2.0,3400.925,5450.7424999999985,5678.5,19.0,463.3252168361111,0.0,0.0,0.0,19.0,2.0,202,149
2026-10-07 11:54:52.759988,TXNREGIME_B_CROSS_PROCESS0000573,viswanathanoscar@oksbi,719.63,2,11,utility_bill,upi_p2m,fit,0,0,0.0,0,0,1,0,,336.5,0.779,4.0,939.0725,1434.661,1495.39,16.0,81.26137465833334,0.0,0.0,0.0,0.0,0.0,333,54
2026-10-07 12:05:19.289576,TXNREGIME_B_CROSS_PROCESS0001338,aravi@okicici,50000.0,2,12,food_delivery,upi_p2m,fit,0,0,0.0,0,0,0,0,,991.5,0.935,3.0,688.2833333333333,945.677,966.34,18.0,160.12395185666668,0.0,0.0,1.0,0.0,0.0,283,2
2026-10-07 12:21:58.737116,TXNREGIME_B_CROSS_PROCESS0000374,omkaar75@ybl,447.96,2,12,food_delivery,upi_p2p,fit,0,0,0.0,0,0,0,0,,64.7,0.946,4.0,956.97,2144.6239999999993,2424.38,19.0,96.12498650916666,0.0,0.0,0.0,17.0,1.0,211,55
2026-10-07 13:42:46.439154,TXNREGIME_B_CROSS_PROCESS0000086,vrittimallick@okhdfc,459.55,2,13,recharge,upi_p2p,fit,0,0,0.0,0,0,0,0,,82.3,0.74,5.0,1088.526,2793.3639999999996,3216.79,21.0,44.772508314999996,0.0,0.0,0.0,0.0,0.0,246,115
2026-10-07 15:31:06.232517,TXNREGIME_B_CROSS_PROCESS0001224,tripathinachiket@okicici,267.64,2,15,groceries,upi_p2p,fit,0,0,0.0,0,0,0,0,,666.7,0.96,0.0,0.0,0.0,0.0,0.0,720.0,0.0,0.0,1.0,0.0,0.0,178,149
2026-10-07 15:45:25.816012,TXNREGIME_B_CROSS_PROCESS0001080,aishani60@ybl,216.65,2,15,utility_bill,upi_p2p,fit,0,0,0.0,0,0,0,0,,324.5,0.688,1.0,1344.67,1344.67,1344.67,18.0,449.9479536875,0.0,0.0,0.0,18.0,1.0,71,47
2026-10-07 16:07:54.196855,TXNREGIME_B_CROSS_PROCESS0000100,zilmilmalhotra@okicici,4745.95,2,16,food_delivery,upi_p2m,fit,0,0,0.0,0,0,0,0,,60.9,0.959,4.0,2008.6275,5540.709999999998,6379.66,18.0,57.87871263861111,0.0,0.0,0.0,18.0,2.0,259,31
2026-10-07 17:54:27.208231,TXNREGIME_B_CROSS_PROCESS0000961,chamelikrishnan@ybl,171.57,2,17,e_commerce,upi_p2p,fit,0,0,0.0,0,0,0,0,,752.0,0.956,2.0,671.73,1093.173,1140.0,12.0,210.3931931147222,0.0,0.0,0.0,8.0,1.0,97,67
2026-10-07 20:15:19.551945,TXNREGIME_B_CROSS_PROCESS0001282,mastereesha@oksbi,1264.85,2,20,travel,upi_p2p,fit,0,0,0.0,0,0,0,0,,145.2,0.917,2.0,186.86,219.04399999999998,222.62,16.0,125.58765098083333,0.0,0.0,0.0,5.0,1.0,256,18
2026-10-07 20:43:12.200807,TXNREGIME_B_CROSS_PROCESS0001145,qvala@oksbi,364.11,2,20,recharge,upi_p2p,fit,0,0,0.0,0,0,0,0,,570.8,0.819,0.0,0.0,0.0,0.0,0.0,720.0,0.0,0.0,0.0,0.0,0.0,35,161
2026-10-07 20:44:52.429782,TXNREGIME_B_CROSS_PROCESS0000386,qaurora@paytm,708.17,2,20,food_delivery,upi_p2p,fit,0,0,0.0,0,0,0,0,,582.1,0.615,2.0,1480.9,1891.75,1937.4,17.0,55.19677094416667,0.0,0.0,0.0,17.0,2.0,169,57
2026-10-07 21:12:37.256855,TXNREGIME_B_CROSS_PROCESS0001434,aayush79@okicici,2495.62,2,21,food_delivery,upi_p2m,fit,0,0,0.0,0,0,0,0,,76.6,0.99,2.0,986.755,1498.9405,1555.85,20.0,439.86425096861115,0.0,0.0,0.0,0.0,0.0,233,113
2026-10-07 21:39:11.754788,TXNREGIME_B_CROSS_PROCESS0000381,aayush79@okicici,1158.74,2,21,person_to_person,upi_p2m,fit,0,0,0.0,0,0,0,0,,52.9,0.804,6.0,1594.5083333333332,3221.2,3718.04,18.0,75.89674179166667,0.0,0.0,1.0,18.0,2.0,105,113
2026-10-07 21:50:36.370538,TXNREGIME_B_CROSS_PROCESS0001130,buchchakradhar@paytm,721.31,2,21,groceries,upi_p2p,fit,0,0,0.0,1,0,0,0,,758.6,0.741,1.0,4696.33,4696.33,4696.33,16.0,386.2616971341667,0.0,0.0,0.0,0.0,0.0,48,30
2026-10-07 22:25:20.028535,TXNREGIME_B_CROSS_PROCESS0001264,devikaravi@okicici,1355.27,2,22,travel,upi_p2m,fit,0,0,0.0,0,0,0,0,,314.9,0.601,3.0,947.0833333333334,1201.865,1232.93,20.0,271.75469638305555,0.0,0.0,0.0,15.0,2.0,147,125
2026-10-08 00:55:53.701984,TXNREGIME_B_CROSS_PROCESS0000554,shravya63@okhdfc,150.24,3,0,person_to_person,upi_p2p,fit,0,0,0.0,0,0,0,1,5.705683390881722,34.8,0.976,6.0,1601.0283333333334,3238.9125,3437.54,21.0,14.949550978888889,0.0,1.0,0.0,7.0,1.0,193,123
2026-10-08 01:40:59.491548,TXNREGIME_B_CROSS_PROCESS0001079,nimratdayal@oksbi,416.41,3,1,utility_bill,upi_p2m,fit,0,0,0.0,0,0,0,0,,1189.0,0.93,6.0,2028.4333333333334,3936.2025,4020.75,21.0,182.87596918222224,0.0,0.0,0.0,21.0,3.0,314,104
2026-10-08 01:41:28.768145,TXNREGIME_B_CROSS_PROCESS0001383,jbhatti@okhdfc,2675.66,3,1,travel,upi_p2p,fit,0,0,0.0,0,0,0,0,,72.9,0.828,3.0,1556.4366666666667,2370.218,2496.25,10.0,110.22611091611111,0.0,0.0,1.0,4.0,1.0,118,5
2026-10-08 03:42:16.595864,TXNREGIME_B_CROSS_PROCESS0000786,gaurikavala@okicici,1884.83,3,3,recharge,upi_p2m,fit,0,0,0.0,0,0,0,0,,151.5,0.854,6.0,2381.73,4468.38,4935.64,19.0,146.78695078805555,0.0,0.0,0.0,7.0,2.0,307,127
2026-10-08 04:49:33.485770,TXNREGIME_B_CROSS_PROCESS0001476,chamelikrishnan@ybl,3856.68,3,4,travel,upi_p2p,fit,0,0,0.0,0,0,0,0,,88.3,0.317,0.0,0.0,0.0,0.0,0.0,720.0,0.0,0.0,1.0,0.0,0.0,237,67
2026-10-08 04:52:20.759936,TXNREGIME_B_CROSS_PROCESS0000255,balhaartank@paytm,206.11,3,4,utility_bill,upi_p2m,fit,0,0,0.0,0,0,0,0,,221.0,0.896,0.0,0.0,0.0,0.0,0.0,720.0,0.0,0.0,0.0,0.0,0.0,324,101
2026-10-08 06:04:55.823792,TXNREGIME_B_CROSS_PROCESS0000969,choudhuryhenry@okicici,637.34,3,6,travel,upi_p2p,fit,0,0,0.0,0,0,0,0,,335.3,0.868,1.0,2477.03,2477.03,2477.03,19.0,468.01219207222226,0.0,0.0,0.0,0.0,0.0,134,53
2026-10-08 07:39:28.235191,TXNREGIME_B_CROSS_PROCESS0000913,jbhat@okhdfc,100000.0,3,7,other,upi_p2m,fit,1,0,0.0,0,1,0,0,,8.3,0.163,1.0,1730.72,1730.72,1730.72,19.0,465.35987350194443,0.0,0.0,0.0,0.0,0.0,137,168
2026-10-08 09:03:28.259414,TXNREGIME_B_CROSS_PROCESS0000893,ayushmandhingra@oksbi,1938.84,3,9,person_to_person,upi_p2p,fit,0,0,0.0,0,0,0,0,,119.3,0.797,3.0,546.1899999999999,1160.627,1264.85,16.0,12.80241874138889,0.0,1.0,0.0,0.0,0.0,256,99
2026-10-08 10:24:33.366690,TXNREGIME_B_CROSS_PROCESS0000015,shravya63@okhdfc,1853.5,3,10,person_to_person,upi_p2p,fit,0,0,0.0,0,0,0,0,,262.4,0.492,1.0,95.31,95.31,95.31,6.0,156.96052983166666,0.0,0.0,1.0,6.0,1.0,309,123
2026-10-08 11:33:59.195797,TXNREGIME_B_CROSS_PROCESS0000430,rushildhingra@okicici,8080.16,3,11,groceries,upi_p2p,fit,0,0,0.0,0,0,0,0,,248.6,0.815,2.0,170.115,221.0145,226.67,14.0,165.99103037833333,0.0,0.0,0.0,14.0,1.0,210,89
2026-10-08 14:36:02.300892,TXNREGIME_B_CROSS_PROCESS0000588,jasmit07@ybl,150.96,3,14,food_delivery,upi_p2m,fit,0,0,0.0,0,0,0,0,,38.7,0.653,1.0,355.22,355.22,355.22,8.0,211.62741678527777,0.0,0.0,0.0,0.0,0.0,335,0
2026-10-08 14:56:49.044554,TXNREGIME_B_CROSS_PROCESS0000225,bkumar@ybl,686.91,3,14,food_delivery,upi_p2p,fit,0,0,0.9,0,0,0,0,,183.3,0.464,1.0,50000.0,50000.0,50000.0,13.0,321.67664414333336,0.0,0.0,0.0,13.0,1.0,302,120
2026-10-08 15:33:32.733515,TXNREGIME_B_CROSS_PROCESS0000341,sai75@okhdfc,560.44,3,15,recharge,upi_p2p,fit,0,0,0.0,0,0,0,0,,169.8,0.682,3.0,1429.2466666666667,2472.2889999999998,2563.99,15.0,34.13953884666667,0.0,0.0,0.0,15.0,3.0,131,42
2026-10-08 17:15:30.208563,TXNREGIME_B_CROSS_PROCESS0000063,vrittimallick@okhdfc,668.04,3,17,utility_bill,upi_p2p,fit,0,0,0.6,0,0,0,0,,146.6,0.839,2.0,733.3050000000001,866.1405,880.9,18.0,408.39621249694443,0.0,0.0,0.0,0.0,0.0,119,115
2026-10-08 19:10:11.144325,TXNREGIME_B_CROSS_PROCESS0000049,yutikasaran@okhdfc,417.33,3,19,e_commerce,upi_p2p,fit,0,0,0.0,0,0,0,0,,55.7,0.672,2.0,436.43500000000006,639.7315000000001,662.32,17.0,233.3324193425,0.0,0.0,0.0,17.0,2.0,42,114
2026-10-08 21:38:32.659651,TXNREGIME_B_CROSS_PROCESS0000574,pavanioommen@oksbi,3740.97,3,21,groceries,upi_p2m,fit,0,0,0.0,0,0,0,0,,45.9,0.933,1.0,1262.87,1262.87,1262.87,5.0,124.08641131750001,0.0,0.0,0.0,0.0,0.0,25,102
2026-10-08 22:19:58.820328,TXNREGIME_B_CROSS_PROCESS0000982,gautam10@okhdfc,1071.13,3,22,e_commerce,upi_p2p,fit,0,0,0.3,0,0,0,0,,344.4,0.856,4.0,1274.5575,2772.6219999999994,3002.8,13.0,119.22428220916667,0.0,0.0,0.0,13.0,4.0,196,37
2026-10-09 00:04:52.943793,TXNREGIME_B_CROSS_PROCESS0000328,devikaravi@okicici,1166.16,4,0,recharge,upi_p2m,fit,0,0,0.0,0,0,0,0,,46.8,0.639,3.0,551.1466666666666,911.327,972.12,19.0,252.82066697916665,0.0,0.0,0.0,18.0,2.0,310,125
2026-10-09 01:35:12.003615,TXNREGIME_B_CROSS_PROCESS0001070,yuvrajbrar@okhdfc,396.61,4,1,groceries,upi_p2p,fit,0,0,0.0,0,0,0,0,,22.4,0.944,0.0,0.0,0.0,0.0,0.0,720.0,0.0,0.0,0.0,0.0,0.0,72,134
2026-10-09 02:46:57.083308,TXNREGIME_B_CROSS_PROCESS0000465,yuvrajbrar@okhdfc,1148.15,4,2,e_commerce,upi_p2m,fit,0,0,0.0,0,0,0,0,,274.9,0.866,3.0,1225.6366666666665,1523.877,1575.47,20.0,114.29870079638889,0.0,0.0,1.0,0.0,0.0,268,134
2026-10-09 03:41:13.972736,TXNREGIME_B_CROSS_PROCESS0001424,dev92@okhdfc,346.41,4,3,groceries,upi_p2m,fit,0,0,0.0,0,0,0,0,,956.9,0.75,2.0,1945.56,3444.87,3611.46,6.0,61.132493955,0.0,0.0,0.0,6.0,1.0,223,108
2026-10-09 04:34:32.323925,TXNREGIME_B_CROSS_PROCESS0000474,vrittimallick@okhdfc,1522.08,4,4,person_to_person,upi_p2p,fit,0,0,0.0,0,0,0,0,,231.2,0.77,1.0,364.11,364.11,364.11,1.0,31.855589755,0.0,0.0,1.0,0.0,0.0,35,115
2026-10-09 05:24:07.502191,TXNREGIME_B_CROSS_PROCESS0001026,mastereesha@oksbi,1941.3,4,5,groceries,upi_p2p,fit,0,0,0.0,0,0,0,0,,55.1,0.735,2.0,1482.025,2267.9635,2355.29,20.0,491.4869692111111,0.0,0.0,0.0,0.0,0.0,249,18
2026-10-09 08:09:43.231888,TXNREGIME_B_CROSS_PROCESS0001386,qtalwar@oksbi,166.78,4,8,utility_bill,upi_p2m,fit,0,0,0.0,0,0,0,0,,29.5,0.889,3.0,1348.5433333333333,2241.225,2341.65,16.0,56.71517176138889,0.0,0.0,0.0,0.0,0.0,130,137
2026-10-09 08:32:47.309224,TXNREGIME_B_CROSS_PROCESS0000680,yuvrajbrar@okhdfc,750.03,4,8,utility_bill,upi_p2p,fit,0,0,0.0,0,0,0,0,,103.9,0.738,4.0,851.2225,1258.4809999999998,1343.51,15.0,135.14640431277778,0.0,0.0,2.0,11.0,2.0,187,134
2026-10-09 08:44:33.401308,TXNREGIME_B_CROSS_PROCESS0000417,aishani60@ybl,701.29,4,8,utility_bill,upi_autopay,fit,0,0,0.0,0,0,0,0,,329.5,0.716,2.0,2008.77,2613.714,2680.93,19.0,317.4057260538889,0.0,0.0,0.0,13.0,1.0,14,47
2026-10-09 10:43:31.214540,TXNREGIME_B_CROSS_PROCESS0001132,devikaravi@okicici,64.03,4,10,recharge,upi_autopay,fit,0,0,0.0,0,0,0,0,,483.8,0.848,0.0,0.0,0.0,0.0,0.0,720.0,0.0,0.0,1.0,0.0,0.0,191,125
2026-10-09 11:25:11.420517,TXNREGIME_B_CROSS_PROCESS0001420,mohammed68@okhdfc,141.89,4,11,person_to_person,upi_p2p,fit,0,1,5.8,0,0,0,0,,209.2,0.711,5.0,855.168,2051.372,2424.38,21.0,47.053523166944444,0.0,0.0,0.0,0.0,0.0,211,98
2026-10-09 11:25:18.967250,TXNREGIME_B_CROSS_PROCESS0000319,balhaartank@paytm,115.62,4,11,utility_bill,upi_autopay,fit,0,0,0.0,0,0,0,0,,468.8,0.769,6.0,983.6966666666667,2687.5075,3216.79,23.0,45.70903558222222,0.0,0.0,0.0,14.0,1.0,246,101
2026-10-09 12:40:09.488216,TXNREGIME_B_CROSS_PROCESS0001447,borderidhi@okhdfc,384.85,4,12,recharge,upi_p2p,fit,0,1,0.1,0,0,0,0,,304.9,0.685,2.0,943.095,1464.1814999999997,1522.08,1.0,8.0936567475,0.0,1.0,0.0,0.0,0.0,35,62
2026-10-09 13:10:06.884153,TXNREGIME_B_CROSS_PROCESS0000757,gautam10@okhdfc,6087.29,4,13,person_to_person,upi_p2p,fit,0,0,0.0,0,0,0,0,,35.0,0.789,5.0,1233.872,2695.8959999999997,3002.8,13.0,14.835573284722221,0.0,1.0,1.0,13.0,5.0,196,37
2026-10-09 13:44:33.128912,TXNREGIME_B_CROSS_PROCESS0000910,orinderkaur@ybl,468.9,4,13,utility_bill,upi_p2p,fit,0,0,0.0,0,0,0,0,,328.1,0.795,3.0,1341.3466666666666,2614.4539999999997,2829.89,22.0,83.4401107661111,0.0,0.0,0.0,22.0,2.0,289,105
2026-10-09 14:21:45.854464,TXNREGIME_B_CROSS_PROCESS0001301,riyabrar@paytm,687.93,4,14,groceries,upi_p2m,fit,0,0,0.0,0,0,1,0,,356.2,0.913,3.0,757.0133333333333,1408.357,1522.08,1.0,1.693435068888889,0.0,2.0,0.0,0.0,0.0,35,6
2026-10-09 15:15:45.892537,TXNREGIME_B_CROSS_PROCESS0000917,ramachandranvedhika@paytm,1142.56,4,15,food_delivery,upi_p2p,fit,0,0,0.0,0,0,0,0,,134.9,0.709,4.0,1978.45,4459.258999999998,4952.96,13.0,94.71800678722222,0.0,0.0,0.0,6.0,2.0,327,144
2026-10-09 15:34:03.493380,TXNREGIME_B_CROSS_PROCESS0001269,khalsapranav@okhdfc,1783.43,4,15,e_commerce,upi_p2m,fit,0,0,0.0,0,0,0,0,,228.9,0.632,2.0,1358.595,1921.1715,1983.68,22.0,375.5918601411111,0.0,0.0,0.0,0.0,0.0,102,29
2026-10-09 16:25:34.361943,TXNREGIME_B_CROSS_PROCESS0000741,magarrachana@okicici,1001.52,4,16,utility_bill,upi_p2m,fit,0,0,0.0,0,0,0,0,,213.5,0.919,1.0,2133.59,2133.59,2133.59,13.0,320.8936983241667,0.0,0.0,0.0,0.0,0.0,26,50
2026-10-09 17:24:24.911644,TXNREGIME_B_CROSS_PROCESS0000444,devikaravi@okicici,1632.1,4,17,food_delivery,upi_p2p,fit,0,0,0.0,0,0,0,0,,201.8,0.99,6.0,2042.7749999999999,5316.1675,6087.29,13.0,4.2383409697222225,0.0,2.0,2.0,0.0,0.0,196,125
2026-10-09 18:19:34.563433,TXNREGIME_B_CROSS_PROCESS0000223,llanka@okhdfc,9221.42,4,18,groceries,upi_p2m,fit,0,0,0.0,0,0,0,0,,5.6,0.257,5.0,1152.718,2098.19,2221.53,15.0,94.92140383888888,0.0,0.0,0.0,10.0,1.0,58,169
2026-10-09 18:41:11.172769,TXNREGIME_B_CROSS_PROCESS0000290,qvala@oksbi,313.43,4,18,utility_bill,upi_p2p,fit,0,0,0.0,0,0,0,0,,51.8,0.948,4.0,1053.1025,2191.0125,2341.65,17.0,10.5244280225,0.0,1.0,0.0,17.0,1.0,130,161
2026-10-09 18:49:44.743828,TXNREGIME_B_CROSS_PROCESS0001477,orinderkaur@ybl,931.96,4,18,groceries,upi_p2m,fit,0,0,0.0,0,0,0,0,,154.6,0.964,1.0,1928.12,1928.12,1928.12,14.0,339.2891424133333,0.0,0.0,1.0,0.0,0.0,126,105
2026-10-09 22:02:56.332993,TXNREGIME_B_CROSS_PROCESS0000872,balendra71@paytm,117.95,4,22,travel,upi_p2p,fit,0,0,0.0,0,0,0,0,,449.9,0.587,3.0,1549.08,1685.338,1686.68,23.0,514.5389928725,0.0,0.0,0.0,0.0,0.0,83,33
2026-10-09 22:51:11.289945,TXNREGIME_B_CROSS_PROCESS0001182,khalsapranav@okhdfc,8546.23,4,22,groceries,upi_p2m,fit,0,0,0.0,0,0,0,0,,138.9,0.676,1.0,1455.18,1455.18,1455.18,6.0,165.22461239249998,0.0,0.0,1.0,0.0,0.0,82,29
2026-10-09 23:30:25.374518,TXNREGIME_B_CROSS_PROCESS0001297,chamelikrishnan@ybl,256.02,4,23,groceries,upi_p2p,fit,0,0,0.0,0,0,0,0,,129.5,0.87,4.0,830.3125,1609.4074999999996,1740.11,17.0,82.65336353472222,0.0,0.0,0.0,17.0,3.0,226,67
2026-10-10 01:14:02.600627,TXNREGIME_B_CROSS_PROCESS0000135,samraneelima@ybl,136.57,5,1,person_to_person,upi_p2p,fit,0,0,0.0,0,0,0,0,,165.3,0.803,4.0,998.72,1281.9209999999998,1317.84,23.0,172.78443857444444,0.0,0.0,0.0,0.0,0.0,301,128
2026-10-10 02:35:06.038896,TXNREGIME_B_CROSS_PROCESS0000158,aachal41@okicici,10042.44,5,2,e_commerce,upi_p2m,fit,0,0,0.0,0,0,0,1,1.2655921559478338,164.1,0.634,4.0,1023.81,1459.1679999999997,1535.32,21.0,166.38875562249999,0.0,0.0,0.0,0.0,0.0,149,70
2026-10-10 02:51:28.964135,TXNREGIME_B_CROSS_PROCESS0000116,sagarchanchal@okicici,430.28,5,2,e_commerce,upi_p2p,fit,0,0,0.0,0,0,0,0,,20.2,0.933,5.0,2556.0919999999996,6052.918,6379.66,21.0,58.72632424444444,0.0,0.0,0.0,0.0,0.0,259,158
2026-10-10 03:46:09.919741,TXNREGIME_B_CROSS_PROCESS0001363,viswanathanoscar@oksbi,1286.47,5,3,travel,upi_p2m,fit,0,0,0.0,0,0,0,0,,439.7,0.851,5.0,895.184,1414.4180000000001,1495.39,18.0,63.85476659805556,0.0,0.0,0.0,2.0,1.0,333,54
2026-10-10 04:17:05.587633,TXNREGIME_B_CROSS_PROCESS0000103,jbhatti@okhdfc,563.67,5,4,person_to_person,upi_autopay,fit,0,0,0.0,0,0,0,0,,51.4,0.625,4.0,1836.2425,2648.7484999999997,2675.66,12.0,50.593560968888895,0.0,0.0,0.0,6.0,2.0,118,5
2026-10-10 04:25:38.780400,TXNREGIME_B_CROSS_PROCESS0000350,rushildhingra@okicici,2638.03,5,4,recharge,upi_p2m,fit,0,0,0.0,0,0,0,0,,467.4,0.939,2.0,2221.09,3108.9309999999996,3207.58,14.0,346.9528475833333,0.0,0.0,0.0,14.0,1.0,291,89
2026-10-10 04:32:25.715339,TXNREGIME_B_CROSS_PROCESS0000075,tripathinachiket@okicici,1193.56,5,4,e_commerce,upi_p2m,fit,0,0,0.0,0,0,0,0,,150.2,0.551,2.0,548.1800000000001,632.474,641.84,15.0,360.36549863388893,0.0,0.0,0.0,15.0,2.0,143,149
2026-10-10 04:40:03.658404,TXNREGIME_B_CROSS_PROCESS0000316,owenramesh@oksbi,431.99,5,4,recharge,upi_p2m,fit,0,0,0.0,0,0,0,0,,991.4,0.946,4.0,585.03,618.1065,621.81,21.0,239.36771156027777,0.0,0.0,0.0,0.0,0.0,66,121
2026-10-10 05:29:19.424200,TXNREGIME_B_CROSS_PROCESS0001435,dinvrinda@okicici,1685.3,5,5,food_delivery,upi_p2p,fit,0,0,0.0,0,0,0,0,,912.5,0.714,2.0,2314.74,3885.429,4059.95,8.0,138.5178892813889,0.0,0.0,0.0,0.0,0.0,123,95
2026-10-10 05:59:42.121761,TXNREGIME_B_CROSS_PROCESS0000312,shravya63@okhdfc,1323.29,5,5,groceries,upi_p2m,fit,0,0,0.0,0,0,0,0,,312.2,0.907,2.0,974.405,1765.5905,1853.5,8.0,43.5857652975,0.0,0.0,0.0,8.0,2.0,309,123
2026-10-10 07:45:23.359383,TXNREGIME_B_CROSS_PROCESS0001061,nkothari@okhdfc,252.12,5,7,food_delivery,upi_p2m,fit,0,0,0.3,0,0,1,0,,236.0,0.861,2.0,686.66,999.9680000000001,1034.78,23.0,100.93453199166667,0.0,0.0,0.0,23.0,1.0,334,117
2026-10-10 10:05:59.269573,TXNREGIME_B_CROSS_PROCESS0000184,rushildhingra@okicici,751.58,5,10,travel,upi_p2p,fit,0,0,0.0,0,0,0,0,,36.9,0.857,1.0,267.64,267.64,267.64,2.0,66.58139918222223,0.0,0.0,1.0,0.0,0.0,178,89
2026-10-10 10:43:51.098297,TXNREGIME_B_CROSS_PROCESS0000109,siyachoudhary@ybl,2234.58,5,10,person_to_person,upi_p2p,fit,0,0,0.0,0,0,0,0,,293.4,0.819,5.0,4152.11,10807.377999999999,12421.66,24.0,325.43189153416665,0.0,0.0,0.0,23.0,2.0,67,75
2026-10-10 14:18:03.954120,TXNREGIME_B_CROSS_PROCESS0000785,qarin60@okhdfc,792.14,5,14,e_commerce,upi_p2p,fit,0,0,0.0,0,0,1,0,,81.3,0.669,3.0,1500.2066666666667,1963.655,1983.68,23.0,22.733461316666666,0.0,1.0,0.0,16.0,1.0,102,36
2026-10-10 16:10:40.711964,TXNREGIME_B_CROSS_PROCESS0000003,noah04@paytm,537.88,5,16,groceries,upi_p2p,fit,0,0,0.0,0,0,0,0,,451.3,0.926,3.0,885.0266666666666,1530.0,1628.64,24.0,245.09119791944443,0.0,0.0,0.0,0.0,0.0,49,8
2026-10-10 16:21:03.533286,TXNREGIME_B_CROSS_PROCESS0001152,bkumar@ybl,544.99,5,16,recharge,upi_p2m,fit,0,0,0.0,0,0,0,0,,29.2,0.714,0.0,0.0,0.0,0.0,0.0,720.0,0.0,0.0,0.0,0.0,0.0,43,120
2026-10-10 18:03:02.528823,TXNREGIME_B_CROSS_PROCESS0000242,rushildhingra@okicici,272.94,5,18,utility_bill,upi_p2m,fit,0,0,0.0,0,0,0,0,,623.8,0.892,3.0,2360.07,3150.625,3207.58,15.0,13.623263450833333,0.0,1.0,2.0,15.0,2.0,291,89
2026-10-10 18:22:12.551779,TXNREGIME_B_CROSS_PROCESS0000858,hrao@okicici,327.07,5,18,travel,upi_p2p,fit,0,0,0.0,0,0,0,0,,62.0,0.963,1.0,1213.24,1213.24,1213.24,16.0,387.2675072580555,0.0,0.0,0.0,0.0,0.0,116,106
2026-10-10 19:20:15.242332,TXNREGIME_B_CROSS_PROCESS0000371,choudhuryhenry@okicici,1912.66,5,19,recharge,upi_p2p,fit,0,0,0.0,0,0,0,0,,27.1,0.894,3.0,711.5500000000001,859.6139999999999,880.9,20.0,50.07917604694445,0.0,0.0,0.0,20.0,2.0,119,53
2026-10-10 21:02:45.902163,TXNREGIME_B_CROSS_PROCESS0001055,aachal41@okicici,332.88,5,21,travel,upi_p2m,fit,0,0,0.0,0,0,0,0,,246.9,0.663,1.0,746.66,746.66,746.66,14.0,349.62476936166667,0.0,0.0,1.0,14.0,1.0,44,70
2026-10-10 23:45:24.087929,TXNREGIME_B_CROSS_PROCESS0000111,llanka@okhdfc,323.12,5,23,recharge,upi_p2m,fit,0,1,1.5,0,0,0,0,,1.0,0.204,2.0,1557.1850000000002,2385.0455,2477.03,22.0,65.67451781583333,0.0,0.0,0.0,0.0,0.0,134,169
2026-10-10 23:58:27.682438,TXNREGIME_B_CROSS_PROCESS0000263,satheleela@okhdfc,1472.98,5,23,utility_bill,upi_p2p,fit,0,0,0.0,0,0,0,0,,39.9,0.685,1.0,305.6,305.6,305.6,8.0,192.37804785416665,0.0,0.0,0.0,0.0,0.0,90,19
2026-10-11 00:41:01.187389,TXNREGIME_B_CROSS_PROCESS0001399,riyabrar@paytm,5170.96,6,0,person_to_person,upi_p2p,fit,0,0,0.0,0,0,0,0,,217.6,0.689,6.0,960.3983333333332,1443.16,1495.39,19.0,20.91424101333333,0.0,1.0,0.0,0.0,0.0,333,6
2026-10-11 00:44:16.744511,TXNREGIME_B_CROSS_PROCESS0001232,bobalvamakshi@ybl,670.77,6,0,travel,upi_p2m,fit,0,0,0.0,0,0,1,0,,218.0,0.884,1.0,83.02,83.02,83.02,14.0,356.4321018561111,0.0,0.0,0.0,0.0,0.0,332,22
2026-10-11 01:15:53.623204,TXNREGIME_B_CROSS_PROCESS0000366,aayush79@okicici,818.76,6,1,food_delivery,upi_p2p,fit,0,1,3.8,0,0,0,0,,128.3,0.788,4.0,1134.3975,2802.838499999999,3170.7,24.0,262.1791916636111,0.0,0.0,0.0,24.0,2.0,57,113
2026-10-11 01:21:28.854760,TXNREGIME_B_CROSS_PROCESS0000438,gaurikavala@okicici,257.36,6,1,person_to_person,upi_p2m,fit,0,1,0.9,0,0,0,0,,720.1,0.714,5.0,826.29,1269.9479999999999,1317.84,24.0,24.123959481388887,0.0,0.0,0.0,24.0,2.0,301,127
2026-10-11 02:51:12.523515,TXNREGIME_B_CROSS_PROCESS0000074,tanveermand@oksbi,740.96,6,2,person_to_person,upi_p2m,fit,0,0,0.0,0,0,0,0,,2.1,0.092,11.0,1531.8563636363635,4867.79,5850.98,24.0,99.82969951944445,0.0,0.0,0.0,0.0,0.0,177,163
2026-10-11 04:19:29.342721,TXNREGIME_B_CROSS_PROCESS0001205,natarajantamanna@oksbi,1316.32,6,4,travel,upi_p2m,fit,0,0,0.0,0,0,0,0,,33.1,0.775,3.0,487.58666666666664,681.6859999999999,690.93,25.0,461.05265795083335,0.0,0.0,0.0,0.0,0.0,6,93
2026-10-11 05:17:25.368785,TXNREGIME_B_CROSS_PROCESS0000464,qarin60@okhdfc,3025.8,6,5,e_commerce,upi_p2p,fit,0,0,0.0,0,0,0,0,,61.7,0.978,4.0,1323.19,1953.6425,1983.68,24.0,14.989281851388888,0.0,1.0,1.0,17.0,2.0,102,36
2026-10-11 06:18:45.632454,TXNREGIME_B_CROSS_PROCESS0000296,ychoudhury@okhdfc,2660.04,6,6,groceries,upi_p2m,fit,0,0,0.0,0,0,0,0,,78.3,0.761,5.0,554.422,616.872,621.81,22.0,25.644992791666667,0.0,0.0,0.0,14.0,2.0,66,11
2026-10-11 06:53:41.282628,TXNREGIME_B_CROSS_PROCESS0000997,abarman@okicici,296.35,6,6,recharge,upi_p2p,fit,0,0,0.0,0,0,0,0,,68.8,0.693,5.0,905.168,2140.8,2341.65,18.0,36.208363849722225,0.0,0.0,0.0,10.0,1.0,130,46
2026-10-11 07:21:37.515290,TXNREGIME_B_CROSS_PROCESS0000395,yutikasaran@okhdfc,180.39,6,7,groceries,upi_p2p,fit,0,0,0.0,0,0,0,0,,393.3,0.909,5.0,914.674,1672.0659999999998,1863.2,19.0,301.47403907111106,0.0,0.0,0.0,19.0,2.0,204,114
2026-10-11 07:40:18.898848,TXNREGIME_B_CROSS_PROCESS0001488,rbhasin@okicici,1701.87,6,7,utility_bill,upi_p2p,fit,0,0,0.0,0,0,0,0,,164.3,0.936,1.0,507.68,507.68,507.68,18.0,446.9398890961111,0.0,0.0,0.0,0.0,0.0,183,61
2026-10-11 08:33:31.242730,TXNREGIME_B_CROSS_PROCESS0000623,masonkhosla@oksbi,71.89,6,8,food_delivery,upi_p2p,fit,0,0,0.0,0,0,0,1,2.3789120113638575,235.1,0.932,2.0,4905.525,8234.791499999998,8604.71,7.0,153.87517358944444,0.0,0.0,0.0,7.0,1.0,222,71
2026-10-11 09:42:31.142639,TXNREGIME_B_CROSS_PROCESS0000597,unnativarkey@okicici,1816.21,6,9,utility_bill,upi_p2m,fit,0,0,0.0,0,0,0,0,,342.8,0.953,1.0,101.28,101.28,101.28,9.0,238.48083706222224,0.0,0.0,0.0,0.0,0.0,312,130
2026-10-11 09:48:40.470114,TXNREGIME_B_CROSS_PROCESS0001072,gautam10@okhdfc,214.45,6,9,food_delivery,upi_p2p,fit,0,1,4.5,0,0,0,0,,367.7,0.594,2.0,907.6700000000001,1173.602,1203.15,17.0,321.42494173750003,0.0,0.0,0.0,17.0,1.0,20,37
2026-10-11 10:19:58.830527,TXNREGIME_B_CROSS_PROCESS0001336,nimratdayal@oksbi,1505.91,6,10,e_commerce,upi_p2p,fit,0,1,2.4,0,0,0,0,,714.8,0.976,3.0,1214.5833333333333,2050.6789999999996,2146.16,16.0,377.00005859861113,0.0,0.0,0.0,0.0,0.0,206,104
2026-10-11 10:33:23.075849,TXNREGIME_B_CROSS_PROCESS0001118,aishani60@ybl,2089.4,6,10,utility_bill,upi_p2m,fit,0,0,0.0,0,0,0,0,,77.8,0.965,6.0,2059.6749999999997,6968.905,8791.05,19.0,149.40916360388889,0.0,0.0,0.0,19.0,5.0,241,47
2026-10-11 11:38:51.981228,TXNREGIME_B_CROSS_PROCESS0000129,chamelikrishnan@ybl,435.07,6,11,travel,upi_p2m,fit,0,0,0.0,0,0,0,0,,71.7,0.983,1.0,3856.68,3856.68,3856.68,3.0,78.82180429388889,0.0,0.0,0.0,3.0,1.0,237,67
2026-10-11 11:56:37.665856,TXNREGIME_B_CROSS_PROCESS0001103,orinderkaur@ybl,440.23,6,11,groceries,upi_p2m,fit,0,0,2.3,0,0,0,0,,206.6,0.881,2.0,539.77,725.971,746.66,15.0,14.897712136944445,0.0,1.0,0.0,0.0,0.0,44,105
2026-10-11 12:10:48.784839,TXNREGIME_B_CROSS_PROCESS0000861,chamelikrishnan@ybl,542.53,6,12,e_commerce,upi_p2m,fit,0,0,0.0,0,0,0,0,,116.4,0.799,2.0,2145.875,3685.5995,3856.68,3.0,0.5324454475,1.0,1.0,1.0,3.0,2.0,237,67
2026-10-11 12:20:42.420727,TXNREGIME_B_CROSS_PROCESS0001033,gaurikavala@okicici,2254.4,6,12,utility_bill,upi_p2m,fit,0,0,0.0,0,0,0,0,,937.0,0.838,1.0,363.08,363.08,363.08,18.0,446.35099853527777,0.0,0.0,1.0,0.0,0.0,264,127
2026-10-11 15:55:14.553884,TXNREGIME_B_CROSS_PROCESS0000725,satheleela@okhdfc,682.06,6,15,groceries,upi_p2m,fit,0,0,0.0,0,0,0,0,,440.2,0.8,9.0,2428.7655555555557,8436.885999999999,10834.23,25.0,209.48365968805555,0.0,0.0,1.0,23.0,2.0,151,19
2026-10-11 17:21:12.422973,TXNREGIME_B_CROSS_PROCESS0000829,darabhavna@paytm,2553.57,6,17,e_commerce,upi_autopay,fit,0,0,0.0,0,0,0,0,,109.3,0.522,3.0,1832.9166666666667,3433.736,3694.37,23.0,308.2193048361111,0.0,0.0,0.0,0.0,0.0,46,97
2026-10-11 17:38:54.267680,TXNREGIME_B_CROSS_PROCESS0001312,fmodi@okhdfc,3088.54,6,17,travel,upi_p2p,fit,0,0,0.0,0,0,0,0,,223.4,0.909,3.0,2104.9266666666667,3822.4849999999997,4059.95,10.0,36.15967874444444,0.0,0.0,0.0,0.0,0.0,123,91
2026-10-11 18:22:19.296782,TXNREGIME_B_CROSS_PROCESS0001349,lucky21@okicici,581.24,6,18,person_to_person,upi_p2p,fit,0,0,0.0,0,0,0,0,,226.5,0.85,2.0,1051.765,1847.3065,1935.7,17.0,221.51439899305555,0.0,0.0,0.0,9.0,1.0,9,25
2026-10-12 00:07:19.942310,TXNREGIME_B_CROSS_PROCESS0000809,samuelnayar@ybl,942.69,0,0,e_commerce,upi_p2m,fit,0,0,0.0,0,0,0,0,,681.5,0.728,3.0,1635.1166666666668,2313.891,2355.29,23.0,66.72012225527779,0.0,0.0,0.0,23.0,2.0,249,20
2026-10-12 01:17:52.655541,TXNREGIME_B_CROSS_PROCESS0001012,qarin60@okhdfc,278.3,0,1,other,upi_p2p,fit,0,0,0.0,0,0,0,0,,350.4,0.813,5.0,1663.7120000000002,2817.376,3025.8,25.0,20.007579654444445,0.0,1.0,1.0,18.0,3.0,102,36
2026-10-12 01:48:20.354856,TXNREGIME_B_CROSS_PROCESS0000502,aishani60@ybl,1173.06,0,1,e_commerce,upi_p2p,fit,0,0,0.0,0,0,0,0,,191.8,0.887,2.0,2940.765,5362.5615,5631.65,12.0,163.9409263911111,0.0,0.0,1.0,12.0,2.0,274,47
2026-10-12 04:43:42.038580,TXNREGIME_B_CROSS_PROCESS0000356,prashadprisha@okhdfc,1634.03,0,4,groceries,upi_p2p,fit,0,0,0.0,0,0,0,0,,587.1,0.544,1.0,1755.28,1755.28,1755.28,24.0,593.566139888611,0.0,0.0,0.0,0.0,0.0,182,151
2026-10-12 05:09:09.886883,TXNREGIME_B_CROSS_PROCESS0000120,pingleviraj@oksbi,156.96,0,5,food_delivery,upi_p2p,fit,0,0,0.0,0,0,0,0,,167.6,0.964,1.0,494.2,494.2,494.2,8.0,214.6352288022222,0.0,0.0,0.0,0.0,0.0,157,17
2026-10-12 06:28:59.118943,TXNREGIME_B_CROSS_PROCESS0000404,zilmilmalhotra@okicici,2157.34,0,6,food_delivery,upi_p2m,fit,0,0,0.0,0,0,0,0,,159.4,0.892,6.0,2201.79,5971.2325,6379.66,23.0,51.62504300222222,0.0,0.0,0.0,23.0,3.0,259,31
2026-10-12 07:02:06.678523,TXNREGIME_B_CROSS_PROCESS0000840,owenramesh@oksbi,61.58,0,7,other,upi_autopay,fit,0,0,0.0,0,0,0,0,,498.2,0.805,0.0,0.0,0.0,0.0,0.0,720.0,0.0,0.0,0.0,0.0,0.0,284,121
2026-10-12 07:58:28.035030,TXNREGIME_B_CROSS_PROCESS0000907,aravi@okicici,191.39,0,7,utility_bill,upi_p2m,fit,0,0,0.0,0,0,0,1,0.6800900358741298,815.9,0.778,1.0,505.61,505.61,505.61,9.0,238.51591098305556,0.0,0.0,0.0,9.0,1.0,336,2
2026-10-12 08:15:01.632058,TXNREGIME_B_CROSS_PROCESS0001317,magarrachana@okicici,566.4,0,8,recharge,upi_autopay,fit,0,0,0.0,0,0,0,0,,585.4,0.939,4.0,1212.045,2426.4384999999993,2563.99,19.0,88.69136070638889,0.0,0.0,0.0,0.0,0.0,131,50
2026-10-12 08:26:27.022020,TXNREGIME_B_CROSS_PROCESS0001082,balhaartank@paytm,6828.96,0,8,e_commerce,upi_p2p,fit,0,0,0.0,0,0,0,0,,74.3,0.889,1.0,604.92,604.92,604.92,10.0,240.77644801,0.0,0.0,0.0,10.0,1.0,125,101
2026-10-12 08:51:59.506485,TXNREGIME_B_CROSS_PROCESS0001467,yutikasaran@okhdfc,461.67,0,8,groceries,upi_p2m,fit,0,0,0.0,0,0,0,1,2.1863482850737124,552.4,0.7,6.0,792.2933333333334,1624.2825,1863.2,20.0,25.506108665277775,0.0,0.0,0.0,20.0,3.0,204,114
2026-10-12 08:57:01.940109,TXNREGIME_B_CROSS_PROCESS0000183,gaurikavala@okicici,445.8,0,8,recharge,upi_p2p,fit,0,0,0.0,0,0,0,0,,204.0,0.916,2.0,640.215,726.4845,736.07,20.0,463.0753074908333,0.0,0.0,1.0,0.0,0.0,238,127
2026-10-12 09:29:36.835349,TXNREGIME_B_CROSS_PROCESS0000385,jackkhurana@oksbi,929.1,0,9,person_to_person,upi_p2m,fit,0,0,0.0,0,0,0,0,,55.0,0.859,3.0,1580.3566666666666,2251.79,2263.27,26.0,197.1332305475,0.0,0.0,0.0,26.0,1.0,230,66
2026-10-12 10:23:17.379211,TXNREGIME_B_CROSS_PROCESS0000883,riyabrar@paytm,951.98,0,10,groceries,upi_p2p,fit,0,0,0.0,0,0,0,0,,128.9,0.762,2.0,650.24,1107.17,1157.94,22.0,333.03979871194446,0.0,0.0,0.0,0.0,0.0,229,6
2026-10-12 10:36:09.273503,TXNREGIME_B_CROSS_PROCESS0000590,riyabrar@paytm,183.58,0,10,recharge,upi_p2m,fit,0,0,0.0,0,0,0,0,,252.6,0.933,0.0,0.0,0.0,0.0,0.0,720.0,0.0,0.0,1.0,0.0,0.0,217,6
2026-10-12 10:55:08.984550,TXNREGIME_B_CROSS_PROCESS0001149,jasmit07@ybl,311.31,0,10,recharge,upi_p2m,fit,0,0,0.0,0,0,0,0,,600.0,0.576,2.0,816.23,1156.853,1194.7,24.0,526.3789103583333,0.0,0.0,0.0,0.0,0.0,31,0
2026-10-12 11:32:15.659342,TXNREGIME_B_CROSS_PROCESS0001101,tripathinachiket@okicici,1906.12,0,11,person_to_person,upi_p2m,fit,0,0,0.0,0,0,0,0,,438.4,0.515,1.0,260.2,260.2,260.2,21.0,515.4754144697223,0.0,0.0,0.0,0.0,0.0,122,149
2026-10-12 13:01:11.779933,TXNREGIME_B_CROSS_PROCESS0000795,shravya63@okhdfc,468.66,0,13,recharge,upi_p2p,fit,0,0,0.0,0,0,0,0,,585.6,0.922,7.0,1393.7728571428572,3199.1869999999994,3437.54,25.0,108.08835498583333,0.0,0.0,0.0,12.0,2.0,193,123
2026-10-12 16:15:17.476020,TXNREGIME_B_CROSS_PROCESS0000241,aachal41@okicici,1012.83,0,16,groceries,upi_p2p,fit,0,0,0.0,0,0,0,0,,734.5,0.784,4.0,577.995,868.656,926.19,25.0,250.9582337261111,0.0,0.0,0.0,10.0,1.0,28,70
2026-10-12 17:38:42.796384,TXNREGIME_B_CROSS_PROCESS0000677,qtalwar@oksbi,1309.32,0,17,food_delivery,upi_p2p,fit,0,0,0.0,0,0,0,1,0.10402608876771956,301.8,0.984,7.0,2195.44,5889.546999999999,6379.66,23.0,11.1621326225,0.0,1.0,0.0,0.0,0.0,259,137
2026-10-12 18:05:40.499345,TXNREGIME_B_CROSS_PROCESS0000703,qarin60@okhdfc,1583.89,0,18,food_delivery,upi_p2p,fit,0,0,0.0,0,0,0,0,,362.7,0.833,4.0,1142.0775,1916.7069999999999,1963.75,27.0,403.40208801194444,0.0,0.0,1.0,0.0,0.0,267,36
2026-10-12 23:42:28.899252,TXNREGIME_B_CROSS_PROCESS0000534,rushildhingra@okicici,246.39,0,23,groceries,upi_p2p,fit,0,0,0.0,0,0,0,0,,107.1,0.824,2.0,1528.7649999999999,1772.4265,1799.5,17.0,247.76249824944443,0.0,0.0,0.0,0.0,0.0,152,89
2026-10-13 01:00:00.835306,TXNREGIME_B_CROSS_PROCESS0000055,yutikasaran@okhdfc,480.2,1,1,travel,upi_p2m,fit,0,0,0.0,0,0,0,1,0.27869429614172275,306.3,0.904,3.0,430.06666666666666,637.821,662.32,21.0,101.83046971694445,0.0,0.0,1.0,21.0,3.0,42,114
2026-10-13 01:03:44.339718,TXNREGIME_B_CROSS_PROCESS0001431,yutikasaran@okhdfc,354.17,1,1,utility_bill,upi_p2p,fit,0,0,0.0,0,0,0,0,,169.5,0.789,4.0,2013.08,3523.2499999999995,3694.37,25.0,31.7088657625,0.0,0.0,2.0,25.0,1.0,46,114
2026-10-13 02:19:54.911575,TXNREGIME_B_CROSS_PROCESS0000073,rushildhingra@okicici,2988.17,1,2,e_commerce,upi_autopay,fit,1,0,0.0,0,0,0,0,,99.4,0.705,1.0,283.65,283.65,283.65,22.0,537.6633616955555,0.0,0.0,1.0,0.0,0.0,8,89
2026-10-13 04:57:26.980108,TXNREGIME_B_CROSS_PROCESS0000927,viswanathanoscar@oksbi,1396.33,1,4,e_commerce,upi_p2p,fit,0,0,0.0,0,0,0,0,,61.7,0.632,0.0,0.0,0.0,0.0,0.0,720.0,0.0,0.0,0.0,0.0,0.0,227,54
2026-10-13 05:06:04.479469,TXNREGIME_B_CROSS_PROCESS0001446,upkaarmahajan@oksbi,432.77,1,5,utility_bill,upi_p2p,fit,0,0,0.0,0,0,0,0,,153.9,0.797,4.0,2199.8775,5204.740999999998,5760.38,27.0,252.97537685944442,0.0,0.0,0.0,0.0,0.0,115,86
2026-10-13 05:20:10.088631,TXNREGIME_B_CROSS_PROCESS0000593,gautam10@okhdfc,514.03,1,5,food_delivery,upi_p2p,fit,0,0,0.0,0,0,0,0,,187.2,0.893,3.0,676.5966666666667,1144.054,1203.15,19.0,43.5248940325,0.0,0.0,0.0,19.0,2.0,20,37
2026-10-13 05:56:18.212848,TXNREGIME_B_CROSS_PROCESS0001273,gaurikavala@okicici,462.6,1,5,utility_bill,upi_p2m,fit,0,0,0.0,0,0,0,0,,348.8,0.936,4.0,2664.09,6452.445499999998,7281.59,21.0,174.06585050916667,0.0,0.0,1.0,20.0,1.0,146,127
2026-10-13 07:19:02.502632,TXNREGIME_B_CROSS_PROCESS0000699,tripathinachiket@okicici,1155.37,1,7,groceries,upi_p2m,fit,0,0,0.0,0,0,0,0,,501.7,0.973,1.0,1396.33,1396.33,1396.33,0.0,2.359867367777778,0.0,1.0,1.0,0.0,0.0,227,149
2026-10-13 07:39:26.030095,TXNREGIME_B_CROSS_PROCESS0001179,gaurikavala@okicici,4620.81,1,7,food_delivery,upi_p2m,fit,0,0,0.0,0,0,0,0,,96.6,0.751,2.0,2501.92,3617.0649999999996,3740.97,9.0,106.01482512333334,0.0,0.0,2.0,9.0,1.0,25,127
2026-10-13 10:00:56.646542,TXNREGIME_B_CROSS_PROCESS0001046,bkumar@ybl,3890.15,1,10,recharge,upi_p2m,fit,0,0,0.0,0,0,0,0,,215.3,0.912,4.0,725.9025,1080.9869999999996,1161.81,17.0,274.4639147580556,0.0,0.0,0.0,17.0,2.0,254,120
2026-10-13 11:32:51.482456,TXNREGIME_B_CROSS_PROCESS0000011,samuelnayar@ybl,2095.59,1,11,groceries,upi_p2p,fit,0,0,0.0,0,0,0,0,,196.6,0.971,1.0,1587.94,1587.94,1587.94,20.0,494.2046232561111,0.0,0.0,0.0,20.0,1.0,174,20
2026-10-13 11:40:43.062118,TXNREGIME_B_CROSS_PROCESS0001114,qaurora@paytm,1453.55,1,11,utility_bill,upi_p2p,fit,0,0,0.0,0,0,0,0,,31.6,0.875,2.0,889.29,1414.6109999999999,1472.98,10.0,59.70427213333334,0.0,0.0,0.0,10.0,1.0,90,57
2026-10-13 12:44:48.036840,TXNREGIME_B_CROSS_PROCESS0001257,chackohitesh@okhdfc,522.49,1,12,e_commerce,upi_p2p,fit,0,0,0.0,0,0,0,1,1.206828861163734,508.9,0.898,2.0,2229.23,3543.248,3689.25,25.0,411.3915663938889,0.0,0.0,0.0,17.0,1.0,87,124
2026-10-13 12:45:49.322078,TXNREGIME_B_CROSS_PROCESS0000610,aachal41@okicici,1172.46,1,12,utility_bill,upi_p2p,fit,0,1,1.4,1,0,0,1,6.347102247587278,99.5,0.908,0.0,0.0,0.0,0.0,0.0,720.0,0.0,0.0,1.0,0.0,0.0,288,70
2026-10-13 12:56:28.519825,TXNREGIME_B_CROSS_PROCESS0000903,fmodi@okhdfc,694.17,1,12,food_delivery,upi_p2p,fit,0,0,0.0,0,0,0,0,,48.3,0.96,4.0,5674.1525,14764.688499999995,16719.16,22.0,236.30622149972223,0.0,0.0,0.0,9.0,1.0,65,91
2026-10-13 13:19:55.798219,TXNREGIME_B_CROSS_PROCESS0000212,aachal41@okicici,575.15,1,13,groceries,upi_p2m,fit,0,0,0.0,0,0,0,0,,643.9,0.62,1.0,1172.46,1172.46,1172.46,0.0,0.5684655947222222,1.0,1.0,2.0,0.0,1.0,288,70
2026-10-13 13:20:42.295116,TXNREGIME_B_CROSS_PROCESS0000722,noah04@paytm,8804.05,1,13,groceries,upi_p2m,fit,0,0,0.0,0,0,0,0,,443.1,0.832,3.0,2562.43,5631.6759999999995,6122.72,26.0,206.8949207838889,0.0,0.0,0.0,0.0,0.0,270,8
2026-10-13 15:01:30.080021,TXNREGIME_B_CROSS_PROCESS0001261,gautam10@okhdfc,504.69,1,15,groceries,upi_p2p,fit,0,0,0.0,0,0,0,0,,645.0,0.766,10.0,2254.0950000000003,8137.2179999999935,10834.23,27.0,47.10431281583334,0.0,0.0,1.0,0.0,0.0,151,37
2026-10-13 15:11:39.510661,TXNREGIME_B_CROSS_PROCESS0000932,lucky21@okicici,1206.56,1,15,groceries,upi_p2p,fit,0,0,0.0,0,0,0,0,,391.0,0.908,3.0,894.9233333333333,1800.254,1935.7,19.0,44.82228163305555,0.0,0.0,0.0,11.0,2.0,9,25
2026-10-13 15:47:17.453183,TXNREGIME_B_CROSS_PROCESS0001380,qarin08@okhdfc,2933.63,1,15,food_delivery,upi_p2p,fit,0,0,0.0,0,0,0,0,,101.4,0.943,6.0,803.6983333333334,2090.5875,2341.65,21.0,56.89338070972222,0.0,0.0,0.0,6.0,1.0,130,13
2026-10-13 15:49:27.318221,TXNREGIME_B_CROSS_PROCESS0000678,bkumar@ybl,1214.12,1,15,food_delivery,upi_p2p,fit,0,0,0.0,0,0,0,0,,179.2,0.917,1.0,544.99,544.99,544.99,2.0,71.47327359305555,0.0,0.0,1.0,2.0,1.0,43,120
2026-10-13 16:47:39.775971,TXNREGIME_B_CROSS_PROCESS0001047,borderidhi@okhdfc,1897.13,1,16,groceries,upi_p2m,fit,0,0,0.0,0,0,0,0,,242.9,0.898,1.0,386.28,386.28,386.28,24.0,587.6417636583333,0.0,0.0,0.0,0.0,0.0,135,62
2026-10-13 17:37:45.636702,TXNREGIME_B_CROSS_PROCESS0000953,viraj10@okhdfc,3432.63,1,17,other,upi_p2p,fit,0,0,0.0,0,0,0,0,,1496.9,0.928,6.0,2335.5216666666665,4291.305,4678.78,24.0,230.14465425722224,0.0,0.0,0.0,0.0,0.0,271,32
2026-10-13 17:40:28.968213,TXNREGIME_B_CROSS_PROCESS0001194,ychoudhury@okhdfc,540.14,1,17,food_delivery,upi_p2p,fit,0,1,0.2,0,0,0,0,,25.5,0.796,6.0,905.3583333333332,2150.4825,2660.04,24.0,59.362037710833334,0.0,0.0,0.0,17.0,3.0,66,11
2026-10-13 19:09:52.123470,TXNREGIME_B_CROSS_PROCESS0000367,chamelikrishnan@ybl,634.48,1,19,person_to_person,upi_p2p,fit,0,0,0.0,0,0,0,0,,216.9,0.891,5.0,715.454,1565.8399999999997,1740.11,21.0,91.65743026444444,0.0,0.0,0.0,21.0,4.0,226,67
2026-10-13 21:17:51.950034,TXNREGIME_B_CROSS_PROCESS0001117,aishani60@ybl,439.11,1,21,food_delivery,upi_p2p,fit,0,0,0.0,0,0,0,0,,174.2,0.775,4.0,694.77,1222.5114999999996,1316.32,28.0,64.97294647583333,0.0,0.0,0.0,0.0,0.0,6,47
2026-10-13 22:21:13.935990,TXNREGIME_B_CROSS_PROCESS0000918,riyabrar@paytm,5112.24,1,22,utility_bill,upi_p2p,fit,0,0,0.0,0,0,0,0,,297.0,0.876,4.0,1476.9375,1724.593,1737.43,25.0,327.5704993627778,0.0,0.0,0.0,13.0,1.0,112,6
2026-10-14 00:04:29.955028,TXNREGIME_B_CROSS_PROCESS0001172,zayyan87@paytm,1267.06,2,0,other,upi_p2p,fit,0,0,0.0,0,0,0,0,,98.1,0.852,0.0,0.0,0.0,0.0,0.0,720.0,0.0,0.0,0.0,0.0,0.0,269,135
2026-10-14 00:34:44.525794,TXNREGIME_B_CROSS_PROCESS0001028,pavanioommen@oksbi,2714.82,2,0,travel,upi_p2p,fit,0,0,0.0,0,0,0,0,,233.0,0.788,1.0,448.88,448.88,448.88,22.0,550.7644662291666,0.0,0.0,0.0,0.0,0.0,179,102
2026-10-14 02:14:43.036705,TXNREGIME_B_CROSS_PROCESS0000461,owenramesh@oksbi,800.65,2,2,recharge,upi_p2m,fit,0,0,0.0,0,0,0,0,,62.8,0.765,3.0,2618.3033333333333,5222.984999999999,5678.5,26.0,158.53488464833333,0.0,0.0,0.0,0.0,0.0,202,121
2026-10-14 03:47:20.877062,TXNREGIME_B_CROSS_PROCESS0001377,parikhyamini@oksbi,1929.22,2,3,e_commerce,upi_autopay,fit,1,0,0.0,0,0,0,0,,11.0,0.33,4.0,442.6,635.002,662.32,22.0,26.78890048777778,0.0,0.0,0.0,0.0,0.0,42,167
2026-10-14 04:22:05.831958,TXNREGIME_B_CROSS_PROCESS0001298,gaurikavala@okicici,1522.57,2,4,person_to_person,upi_p2m,fit,0,0,0.0,0,0,0,0,,346.6,0.648,4.0,1838.2875,3122.1474999999996,3207.58,18.0,82.31758420416666,0.0,0.0,2.0,0.0,0.0,291,127
2026-10-14 05:29:22.254911,TXNREGIME_B_CROSS_PROCESS0000555,jbhat@okhdfc,2653.53,2,5,person_to_person,upi_p2p,fit,0,0,0.0,0,0,0,0,,6.3,0.125,3.0,1572.9433333333334,2546.4979999999996,2680.93,24.0,116.74690377861111,0.0,0.0,0.0,0.0,0.0,14,168
2026-10-14 06:39:28.104843,TXNREGIME_B_CROSS_PROCESS0001228,wgupta@okicici,1486.85,2,6,person_to_person,upi_p2p,fit,0,0,0.0,0,0,0,0,,21.0,0.952,3.0,1116.3766666666666,2622.4279999999994,2884.99,19.0,213.5342150052778,0.0,0.0,0.0,0.0,0.0,295,83
2026-10-14 07:30:49.296666,TXNREGIME_B_CROSS_PROCESS0000565,narasimhanarunima@okhdfc,652.16,2,7,recharge,upi_p2p,fit,1,0,0.0,1,0,0,0,,5.7,0.085,2.0,561.77,940.454,982.53,22.0,440.55050447583335,0.0,0.0,0.0,0.0,0.0,54,164
2026-10-14 08:16:22.541319,TXNREGIME_B_CROSS_PROCESS0001267,bkumar@ybl,1404.38,2,8,utility_bill,upi_p2p,fit,0,0,0.0,0,0,0,0,,84.5,0.803,2.0,879.555,1180.6634999999999,1214.12,3.0,16.448673082777777,0.0,1.0,2.0,3.0,2.0,43,120
2026-10-14 09:58:39.673203,TXNREGIME_B_CROSS_PROCESS0000656,yutikasaran@okhdfc,2963.86,2,9,food_delivery,upi_p2m,fit,0,0,0.0,0,0,0,0,,586.6,0.827,4.0,1208.995,2675.2689999999993,2884.99,19.0,3.3198801,0.0,1.0,0.0,17.0,2.0,295,114
2026-10-14 10:30:57.832441,TXNREGIME_B_CROSS_PROCESS0000095,pranit53@okicici,1588.24,2,10,groceries,upi_p2p,fit,0,0,0.0,0,0,0,0,,342.5,0.696,3.0,277.9766666666667,473.20799999999997,501.01,27.0,454.9051237011111,0.0,0.0,0.0,0.0,0.0,325,38
2026-10-14 10:51:34.748465,TXNREGIME_B_CROSS_PROCESS0000946,gautam10@okhdfc,645.68,2,10,e_commerce,upi_p2p,fit,0,1,0.7,0,0,0,0,,177.9,0.962,2.0,3417.045,6305.509499999999,6626.45,16.0,386.1218082666667,0.0,0.0,1.0,16.0,1.0,165,37
2026-10-14 11:47:32.903924,TXNREGIME_B_CROSS_PROCESS0000854,mohammed68@okhdfc,3109.52,2,11,e_commerce,upi_p2p,fit,0,0,0.0,0,0,0,0,,140.2,0.801,6.0,736.2883333333334,1958.12,2424.38,26.0,120.37263427972223,0.0,0.0,0.0,5.0,1.0,211,98
2026-10-14 13:16:27.854929,TXNREGIME_B_CROSS_PROCESS0001497,qarin60@okhdfc,604.0,2,13,e_commerce,upi_p2p,fit,0,0,0.0,0,0,0,0,,122.3,0.64,2.0,489.795,699.6614999999999,722.98,15.0,262.82504063249996,0.0,0.0,0.0,0.0,0.0,225,36
2026-10-14 13:40:30.556109,TXNREGIME_B_CROSS_PROCESS0001475,aishani60@ybl,1802.7,2,13,food_delivery,upi_p2p,fit,0,0,0.0,0,0,0,0,,21.7,0.66,1.0,795.37,795.37,795.37,16.0,388.0177139769445,0.0,0.0,1.0,0.0,0.0,244,47
2026-10-14 14:03:36.518198,TXNREGIME_B_CROSS_PROCESS0000380,lucky21@okicici,3043.05,2,14,food_delivery,upi_p2p,fit,0,0,0.0,0,0,0,0,,73.7,0.866,3.0,1121.6499999999999,2510.3729999999996,2749.31,28.0,530.9690501741667,0.0,0.0,1.0,0.0,0.0,77,25
2026-10-14 14:23:51.130174,TXNREGIME_B_CROSS_PROCESS0001162,bobalvamakshi@ybl,763.89,2,14,e_commerce,upi_p2p,fit,0,0,0.6,0,0,0,0,,305.9,0.871,5.0,1230.44,1901.0259999999998,1963.75,28.0,44.30295300805555,0.0,0.0,0.0,28.0,1.0,267,22
2026-10-14 14:36:43.144144,TXNREGIME_B_CROSS_PROCESS0000657,bansalisaac@okhdfc,140.99,2,14,utility_bill,upi_p2p,fit,0,0,0.0,0,0,0,0,,137.1,0.97,2.0,3792.6899999999996,4021.7309999999998,4047.18,23.0,505.992022615,0.0,0.0,0.0,0.0,0.0,286,154
2026-10-14 14:41:32.607371,TXNREGIME_B_CROSS_PROCESS0001449,nkothari@okhdfc,1052.97,2,14,e_commerce,upi_p2p,fit,0,0,0.0,0,0,0,0,,178.1,0.928,3.0,541.8133333333334,965.156,1034.78,27.0,102.93590221888888,0.0,0.0,0.0,27.0,2.0,334,117
2026-10-14 16:47:26.761170,TXNREGIME_B_CROSS_PROCESS0000857,mannandevansh@oksbi,1173.56,2,16,other,upi_p2m,fit,0,0,0.0,0,0,0,0,,129.7,0.924,12.0,1411.995,3469.4924999999994,3771.91,27.0,189.48841883555556,0.0,0.0,0.0,27.0,6.0,104,7
2026-10-14 17:53:27.444250,TXNREGIME_B_CROSS_PROCESS0001105,aachal41@okicici,1174.74,2,17,other,upi_p2p,fit,0,0,0.0,0,0,0,0,,269.8,0.889,5.0,2827.536,8341.016,10042.44,25.0,111.30594593166666,0.0,0.0,0.0,4.0,1.0,149,70
2026-10-14 18:39:07.872871,TXNREGIME_B_CROSS_PROCESS0001378,orinderkaur@ybl,225.14,2,18,recharge,upi_p2p,fit,0,0,0.0,0,0,0,0,,97.2,0.901,4.0,1123.235,2506.735999999999,2829.89,28.0,124.90965109972221,0.0,0.0,0.0,28.0,3.0,289,105
2026-10-14 19:07:11.090247,TXNREGIME_B_CROSS_PROCESS0000635,watikabedi@okicici,4751.13,2,19,utility_bill,upi_p2p,fit,0,0,0.0,0,0,0,0,,963.8,0.857,7.0,745.0614285714286,1576.4989999999993,1863.2,23.0,58.253217711666665,0.0,0.0,0.0,0.0,0.0,204,27
2026-10-14 19:26:45.343088,TXNREGIME_B_CROSS_PROCESS0000750,bobalvamakshi@ybl,2248.08,2,19,person_to_person,upi_p2p,fit,0,0,0.0,0,0,0,0,,376.8,0.633,1.0,2617.14,2617.14,2617.14,16.0,407.4501968383333,0.0,0.0,1.0,0.0,0.0,300,22
2026-10-14 19:47:34.061518,TXNREGIME_B_CROSS_PROCESS0000268,lpatla@ybl,337.52,2,19,e_commerce,upi_p2m,fit,0,0,0.0,0,0,0,0,,25.2,0.73,1.0,582.53,582.53,582.53,12.0,301.4683078280556,0.0,0.0,0.0,12.0,1.0,306,26
2026-10-14 20:22:34.186687,TXNREGIME_B_CROSS_PROCESS0001110,jananibail@okicici,2810.79,2,20,groceries,upi_autopay,fit,0,0,0.0,0,0,0,0,,588.4,0.862,2.0,1514.175,2475.7035,2582.54,12.0,226.90599620083333,0.0,0.0,0.0,12.0,1.0,50,48
2026-10-14 20:39:51.565761,TXNREGIME_B_CROSS_PROCESS0000937,chackohitesh@okhdfc,227.98,2,20,recharge,upi_p2p,fit,0,0,0.0,0,0,0,0,,312.0,0.952,1.0,344.79,344.79,344.79,25.0,623.6418528236111,0.0,0.0,0.0,0.0,0.0,275,124
2026-10-14 21:02:25.175176,TXNREGIME_B_CROSS_PROCESS0000630,yuvrajbrar@okhdfc,828.49,2,21,groceries,upi_p2m,fit,0,0,0.0,0,0,0,0,,339.0,0.945,1.0,895.84,895.84,895.84,14.0,338.2012667541666,0.0,0.0,0.0,0.0,0.0,21,134
2026-10-14 21:50:47.352908,TXNREGIME_B_CROSS_PROCESS0001458,nkothari@okhdfc,897.45,2,21,groceries,upi_p2m,fit,0,0,0.0,0,0,0,0,,528.2,0.657,2.0,325.58,477.33799999999997,494.2,11.0,64.6937405625,0.0,0.0,1.0,0.0,0.0,157,117
2026-10-14 23:36:19.164906,TXNREGIME_B_CROSS_PROCESS0000745,omkaar75@ybl,410.22,2,23,utility_bill,upi_p2p,fit,0,0,0.0,0,0,0,0,,173.8,0.801,11.0,2095.0581818181818,7837.549999999999,10834.23,29.0,32.580301356944446,0.0,0.0,0.0,27.0,3.0,151,55
2026-10-15 00:21:29.893736,TXNREGIME_B_CROSS_PROCESS0000644,zilmilmalhotra@okicici,10434.93,3,0,utility_bill,upi_p2p,fit,0,1,6.1,0,0,0,0,,27.3,0.86,3.0,1220.8833333333332,2560.4069999999997,2783.7,29.0,233.18548819444442,0.0,0.0,0.0,24.0,2.0,164,31
2026-10-15 01:03:36.011793,TXNREGIME_B_CROSS_PROCESS0000890,qvala@oksbi,342.28,3,1,e_commerce,upi_p2p,fit,0,0,0.0,0,0,0,0,,251.0,0.887,0.0,0.0,0.0,0.0,0.0,720.0,0.0,0.0,0.0,0.0,0.0,32,161
2026-10-15 01:11:13.021903,TXNREGIME_B_CROSS_PROCESS0000037,nsaha@paytm,15198.18,3,1,e_commerce,upi_p2p,fit,0,1,1.1,0,0,0,0,,341.3,0.846,0.0,0.0,0.0,0.0,0.0,720.0,0.0,0.0,0.0,0.0,0.0,61,24
2026-10-15 02:54:09.254900,TXNREGIME_B_CROSS_PROCESS0001411,qtalwar@oksbi,4537.95,3,2,e_commerce,upi_p2m,fit,0,0,0.0,0,0,0,0,,469.8,0.868,1.0,3679.03,3679.03,3679.03,28.0,679.168244153889,0.0,0.0,0.0,28.0,1.0,103,137
2026-10-15 02:59:16.626955,TXNREGIME_B_CROSS_PROCESS0000481,mannandevansh@oksbi,1819.04,3,2,food_delivery,upi_p2m,fit,0,0,0.0,0,0,0,0,,109.8,0.896,3.0,1936.7066666666667,4008.196999999999,4334.57,29.0,363.66906765916667,0.0,0.0,1.0,0.0,0.0,293,7
2026-10-15 04:16:38.758434,TXNREGIME_B_CROSS_PROCESS0000823,riyabrar@paytm,654.24,3,4,food_delivery,upi_p2p,fit,0,0,0.0,0,0,0,0,,431.7,0.84,6.0,4607.8516666666665,14818.0775,18475.26,21.0,272.1025325036111,0.0,0.0,0.0,15.0,3.0,159,6
2026-10-15 04:20:43.903324,TXNREGIME_B_CROSS_PROCESS0000357,manbir96@oksbi,497.59,3,4,recharge,upi_p2p,fit,0,0,0.0,0,0,0,0,,69.5,0.787,3.0,627.3066666666667,917.0039999999999,963.03,27.0,188.77140454583332,0.0,0.0,0.0,10.0,1.0,231,44
2026-10-15 05:37:38.587990,TXNREGIME_B_CROSS_PROCESS0000627,qseshadri@okicici,3378.1,3,5,person_to_person,upi_p2p,fit,0,0,0.0,0,0,0,0,,35.5,0.961,1.0,207.7,207.7,207.7,22.0,535.7035444222222,0.0,0.0,0.0,0.0,0.0,142,74
2026-10-15 05:48:00.683125,TXNREGIME_B_CROSS_PROCESS0000551,gaurikavala@okicici,453.16,3,5,utility_bill,upi_p2p,fit,0,0,0.0,0,0,0,0,,77.3,0.816,5.0,1775.1439999999998,3093.67,3207.58,19.0,25.431903101944446,0.0,0.0,0.0,1.0,1.0,291,127
2026-10-15 06:43:06.471179,TXNREGIME_B_CROSS_PROCESS0000377,gautam10@okhdfc,2157.44,3,6,travel,upi_autopay,fit,0,0,0.0,0,0,0,0,,161.0,0.778,4.0,1206.265,1511.3719999999998,1575.47,26.0,147.93594107527778,0.0,0.0,1.0,24.0,1.0,268,37
2026-10-15 06:58:42.917928,TXNREGIME_B_CROSS_PROCESS0000950,rushildhingra@okicici,2577.15,3,6,groceries,upi_p2p,fit,0,0,0.0,0,0,0,0,,20.8,0.867,2.0,1635.91,2852.944,2988.17,24.0,52.64666843138889,0.0,0.0,0.0,2.0,1.0,8,89
2026-10-15 07:41:35.467888,TXNREGIME_B_CROSS_PROCESS0000924,masonkhosla@oksbi,781.35,3,7,groceries,upi_p2m,fit,0,0,0.0,0,0,0,0,,150.4,0.872,1.0,1018.19,1018.19,1018.19,24.0,589.2820748883333,0.0,0.0,0.0,0.0,0.0,139,71
2026-10-15 07:51:34.299548,TXNREGIME_B_CROSS_PROCESS0000221,satheleela@okhdfc,542.83,3,7,food_delivery,upi_p2m,fit,0,0,0.0,0,0,0,0,,165.8,0.811,4.0,861.4025,1714.2194999999997,1843.41,25.0,387.2815348875,0.0,0.0,0.0,0.0,0.0,124,19
2026-10-15 10:44:48.833562,TXNREGIME_B_CROSS_PROCESS0000938,shenoybishakha@okhdfc,214.37,3,10,e_commerce,upi_p2p,fit,0,0,0.0,0,0,0,0,,573.1,0.956,3.0,1946.3799999999999,2787.965,2810.79,12.0,14.370735243055556,0.0,1.0,0.0,0.0,0.0,50,51
2026-10-15 12:23:58.794317,TXNREGIME_B_CROSS_PROCESS0001404,shaurya10@paytm,454.88,3,12,groceries,upi_p2m,fit,0,0,0.0,0,0,0,0,,70.5,0.925,2.0,859.5899999999999,1452.906,1518.83,25.0,342.3456094788889,0.0,0.0,0.0,0.0,0.0,185,155
2026-10-15 12:59:21.317879,TXNREGIME_B_CROSS_PROCESS0000828,nsaha@paytm,617.69,3,12,other,upi_p2p,fit,0,0,0.0,0,0,0,0,,534.2,0.98,1.0,3652.45,3652.45,3652.45,24.0,577.4178555702778,0.0,0.0,1.0,0.0,0.0,318,24
2026-10-15 13:45:46.627339,TXNREGIME_B_CROSS_PROCESS0001014,qtalwar@oksbi,1364.83,3,13,e_commerce,upi_p2m,fit,0,0,0.0,0,1,0,0,,52.3,0.814,2.0,1430.04,1878.312,1928.12,19.0,138.93385653083334,0.0,0.0,1.0,0.0,0.0,126,137
2026-10-15 15:22:19.365640,TXNREGIME_B_CROSS_PROCESS0000248,qarin60@okhdfc,421.96,3,15,e_commerce,upi_p2p,fit,0,0,0.5,0,0,0,0,,49.1,0.863,2.0,1567.555,2076.9865,2133.59,19.0,142.9458343602778,0.0,0.0,0.0,19.0,1.0,26,36
2026-10-15 15:24:54.324011,TXNREGIME_B_CROSS_PROCESS0001087,nimratdayal@oksbi,810.76,3,15,food_delivery,upi_p2p,fit,0,0,0.0,0,0,0,0,,171.7,0.874,7.0,1798.1442857142858,3919.2929999999997,4020.75,29.0,181.7318979063889,0.0,0.0,0.0,29.0,4.0,314,104
2026-10-15 17:21:13.117914,TXNREGIME_B_CROSS_PROCESS0000448,yutikasaran@okhdfc,2356.6,3,17,person_to_person,upi_p2p,fit,0,0,0.0,0,0,0,0,,53.1,0.796,5.0,1559.968,2948.0860000000002,2963.86,20.0,31.375956864166668,0.0,0.0,0.0,18.0,3.0,295,114
2026-10-15 20:34:55.357865,TXNREGIME_B_CROSS_PROCESS0000333,aravi@okicici,1898.03,3,20,recharge,upi_p2p,fit,0,1,2.8,0,0,0,0,,95.4,0.456,2.0,958.745,1730.4635,1816.21,14.0,106.87339311833334,0.0,0.0,0.0,0.0,0.0,312,2
2026-10-15 21:19:12.865729,TXNREGIME_B_CROSS_PROCESS0000990,noah04@paytm,334.51,3,21,groceries,upi_p2p,fit,0,0,0.0,0,0,0,0,,117.3,0.965,2.0,1694.655,1749.2175,1755.28,28.0,88.59189643027779,0.0,0.0,0.0,28.0,1.0,182,8
2026-10-15 21:19:23.765838,TXNREGIME_B_CROSS_PROCESS0000091,wgupta@okicici,876.45,3,21,person_to_person,upi_p2m,fit,0,0,0.0,0,0,0,0,,55.2,0.866,7.0,1075.3214285714287,2903.9779999999996,3109.52,27.0,33.53079497611111,0.0,0.0,0.0,0.0,0.0,211,83
2026-10-15 21:44:27.737584,TXNREGIME_B_CROSS_PROCESS0001342,jbhat@okhdfc,717.27,3,21,other,upi_p2p,fit,0,0,0.0,0,0,0,0,,6.0,0.318,10.0,2141.166,5169.704999999997,6353.16,29.0,258.97126554944447,0.0,0.0,0.0,0.0,0.0,39,168
2026-10-15 21:47:48.804757,TXNREGIME_B_CROSS_PROCESS0001341,vshukla@okhdfc,181.11,3,21,utility_bill,upi_p2p,fit,0,0,0.0,0,0,0,0,,473.9,0.807,3.0,906.7599999999999,1245.056,1252.07,18.0,241.94416838694445,0.0,0.0,0.0,14.0,2.0,156,136
2026-10-15 23:25:47.887006,TXNREGIME_B_CROSS_PROCESS0001128,mohammed68@okhdfc,250.5,3,23,food_delivery,upi_p2p,fit,0,0,1.2,0,0,0,1,4.00934330025395,430.6,0.563,2.0,1083.1599999999999,1823.8239999999998,1906.12,24.0,83.89228546222222,0.0,0.0,0.0,0.0,0.0,122,98
2026-10-16 01:00:05.107824,TXNREGIME_B_CROSS_PROCESS0001208,pingleviraj@oksbi,578.52,4,1,other,upi_p2p,fit,0,0,0.0,0,0,0,1,1.290028094742029,180.5,0.76,3.0,516.2033333333334,857.125,897.45,12.0,27.154931921111114,0.0,0.0,0.0,3.0,1.0,157,17
2026-10-16 01:32:18.248135,TXNREGIME_B_CROSS_PROCESS0000424,bkumar@ybl,1069.5,4,1,food_delivery,upi_p2p,fit,0,0,0.0,0,0,0,0,,127.3,0.794,2.0,25343.455,47534.345499999996,50000.0,20.0,178.59144543916665,0.0,0.0,0.0,20.0,2.0,302,120
2026-10-16 01:36:46.628134,TXNREGIME_B_CROSS_PROCESS0000352,balhaartank@paytm,322.14,4,1,food_delivery,upi_autopay,fit,0,0,0.0,0,0,1,0,,118.9,0.917,7.0,859.6857142857143,2581.650999999999,3216.79,30.0,158.19101691222224,0.0,0.0,0.0,21.0,2.0,246,101
2026-10-16 02:03:33.423296,TXNREGIME_B_CROSS_PROCESS0000620,qaurora@paytm,489.22,4,2,person_to_person,upi_p2m,fit,0,0,0.0,0,0,0,0,,62.9,0.518,3.0,1223.3233333333335,1846.1,1937.4,25.0,197.31138708722222,0.0,0.0,0.0,25.0,3.0,169,57
2026-10-16 02:06:11.474550,TXNREGIME_B_CROSS_PROCESS0001035,dinvrinda@okicici,688.88,4,2,recharge,upi_p2m,fit,0,0,0.0,0,0,0,0,,138.8,0.768,0.0,0.0,0.0,0.0,0.0,720.0,0.0,0.0,0.0,0.0,0.0,176,95
2026-10-16 04:50:42.308178,TXNREGIME_B_CROSS_PROCESS0001358,siyachoudhary@ybl,736.22,4,4,food_delivery,upi_p2p,fit,0,0,0.0,0,0,0,0,,95.1,0.794,3.0,2493.2566666666667,6028.373,6626.45,18.0,41.98543325361111,0.0,0.0,0.0,0.0,0.0,165,75
2026-10-16 06:06:56.105017,TXNREGIME_B_CROSS_PROCESS0000685,owenramesh@oksbi,5295.03,4,6,e_commerce,upi_p2p,fit,0,1,2.0,0,0,0,0,,342.3,0.914,1.0,61.58,61.58,61.58,3.0,95.08039624833334,0.0,0.0,0.0,3.0,1.0,284,121
2026-10-16 06:38:30.784752,TXNREGIME_B_CROSS_PROCESS0001158,qvala@oksbi,105.52,4,6,groceries,upi_p2m,fit,0,0,0.0,0,0,0,0,,485.9,0.619,7.0,1107.9742857142858,2756.0359999999996,2933.63,23.0,62.85370321361111,0.0,0.0,0.0,23.0,2.0,130,161
2026-10-16 06:46:00.515049,TXNREGIME_B_CROSS_PROCESS0000017,aayush79@okicici,1058.56,4,6,groceries,upi_p2m,fit,0,0,0.0,0,0,0,0,,150.9,0.531,3.0,724.6866666666666,1412.4349999999997,1518.83,26.0,18.367144647777778,0.0,1.0,0.0,0.0,0.0,185,113
2026-10-16 06:48:17.133549,TXNREGIME_B_CROSS_PROCESS0000382,gaurikavala@okicici,3570.95,4,6,person_to_person,upi_p2p,fit,0,0,0.0,0,0,0,0,,36.7,0.736,12.0,1954.655,7537.881999999996,10834.23,30.0,31.199435734166666,0.0,0.0,0.0,0.0,0.0,151,127
2026-10-16 07:13:02.763654,TXNREGIME_B_CROSS_PROCESS0001283,lucky21@okicici,5085.61,4,7,travel,upi_p2m,fit,0,0,0.0,0,0,0,0,,445.5,0.826,4.0,1313.5974999999999,2159.8044999999997,2197.75,28.0,414.78896641250003,0.0,0.0,0.0,0.0,0.0,287,25
2026-10-16 07:49:40.115496,TXNREGIME_B_CROSS_PROCESS0000004,liambhargava@okhdfc,889.98,4,7,e_commerce,upi_p2m,fit,0,0,0.0,0,0,1,0,,87.1,0.724,0.0,0.0,0.0,0.0,0.0,720.0,0.0,0.0,0.0,0.0,0.0,74,84
2026-10-16 08:02:22.699849,TXNREGIME_B_CROSS_PROCESS0000028,chackohitesh@okhdfc,151.64,4,8,groceries,upi_p2p,fit,0,0,0.0,0,0,0,0,,369.4,0.787,3.0,1834.8733333333332,2906.858,2972.19,30.0,370.3175628355556,0.0,0.0,0.0,0.0,0.0,255,124
2026-10-16 09:51:56.012340,TXNREGIME_B_CROSS_PROCESS0000325,qaurora@paytm,9185.02,4,9,travel,upi_p2m,fit,0,0,0.0,0,0,0,0,,47.9,0.922,1.0,818.62,818.62,818.62,28.0,685.8327507438888,0.0,0.0,1.0,0.0,0.0,194,57
2026-10-16 11:02:35.711733,TXNREGIME_B_CROSS_PROCESS0000500,jananibail@okicici,582.49,4,11,groceries,upi_p2m,fit,0,0,0.0,0,0,0,0,,600.4,0.9,2.0,2494.095,3735.6854999999996,3873.64,22.0,371.6048396372222,0.0,0.0,0.0,15.0,1.0,329,48
2026-10-16 11:15:43.419166,TXNREGIME_B_CROSS_PROCESS0001353,choudhuryhenry@okicici,581.1,4,11,person_to_person,upi_p2m,fit,0,0,0.0,0,0,0,0,,27.2,0.991,4.0,1011.8275,1757.8959999999997,1912.66,26.0,135.924493565,0.0,0.0,0.0,26.0,3.0,119,53
2026-10-16 11:35:17.286421,TXNREGIME_B_CROSS_PROCESS0000359,aishani60@ybl,630.36,4,11,utility_bill,upi_p2p,fit,0,1,7.9,0,0,0,0,,186.7,0.673,6.0,1432.8100000000002,2765.2700000000004,3025.8,29.0,106.29017524444444,0.0,0.0,0.0,0.0,0.0,102,47
2026-10-16 11:46:04.199926,TXNREGIME_B_CROSS_PROCESS0001024,hnayar@ybl,1480.15,4,11,utility_bill,upi_p2p,fit,0,0,0.0,0,0,0,0,,374.2,0.531,4.0,1287.415,2050.1224999999995,2146.16,21.0,121.43482483305556,0.0,0.0,0.0,0.0,0.0,206,21
2026-10-16 12:19:19.064944,TXNREGIME_B_CROSS_PROCESS0000320,balhaartank@paytm,1536.64,4,12,person_to_person,upi_p2p,fit,0,0,0.0,0,0,0,0,,275.8,0.918,1.0,206.11,206.11,206.11,8.0,199.4495291688889,0.0,0.0,1.0,8.0,1.0,324,101
2026-10-16 13:20:31.639880,TXNREGIME_B_CROSS_PROCESS0001075,qvala@oksbi,1278.65,4,13,groceries,upi_p2m,fit,0,0,0.0,0,0,0,0,,633.7,0.95,2.0,532.525,727.7755,749.47,23.0,423.2114529530555,0.0,0.0,1.0,23.0,1.0,262,161
2026-10-16 14:01:44.488042,TXNREGIME_B_CROSS_PROCESS0000122,chackohitesh@okhdfc,1197.84,4,14,food_delivery,upi_p2m,fit,0,0,0.0,0,0,0,0,,560.0,0.946,7.0,2310.7442857142855,4374.927999999999,4935.64,28.0,202.32441449388887,0.0,0.0,1.0,0.0,0.0,307,124
2026-10-16 14:14:28.115280,TXNREGIME_B_CROSS_PROCESS0000920,aishani60@ybl,2132.24,4,14,person_to_person,upi_p2p,fit,0,0,0.0,0,0,0,0,,591.4,0.725,3.0,2351.53,5185.790999999999,5631.65,16.0,108.43548900666666,0.0,0.0,1.0,16.0,3.0,274,47
2026-10-16 14:46:39.352264,TXNREGIME_B_CROSS_PROCESS0000835,balhaartank@paytm,663.29,4,14,recharge,upi_p2p,fit,0,0,0.0,0,0,0,0,,28.5,0.786,4.0,725.3475,1241.549,1252.07,19.0,16.980707640833334,0.0,1.0,2.0,0.0,0.0,156,101
2026-10-16 15:19:08.917413,TXNREGIME_B_CROSS_PROCESS0001459,pingleviraj@oksbi,641.79,4,15,groceries,upi_p2m,fit,0,0,0.0,0,0,0,0,,185.5,0.798,4.0,531.7825,849.6105,897.45,13.0,14.317724885833332,0.0,1.0,1.0,4.0,2.0,157,17
2026-10-16 15:25:37.590006,TXNREGIME_B_CROSS_PROCESS0000159,narasimhanarunima@okhdfc,2426.35,4,15,recharge,upi_p2p,fit,0,0,0.0,0,0,0,0,,1.8,0.42,7.0,2488.8571428571427,6686.638999999997,7673.27,28.0,340.2741960211111,0.0,0.0,0.0,0.0,0.0,278,164
2026-10-16 15:42:33.663038,TXNREGIME_B_CROSS_PROCESS0000984,borderidhi@okhdfc,535.11,4,15,e_commerce,upi_p2p,fit,0,0,0.0,0,0,0,0,,125.0,0.526,4.0,739.7425000000001,1396.9574999999995,1522.08,8.0,169.34661349277778,0.0,0.0,0.0,7.0,1.0,35,62
2026-10-16 17:21:04.828129,TXNREGIME_B_CROSS_PROCESS0000601,zayyan87@paytm,805.29,4,17,e_commerce,upi_p2p,fit,0,0,0.0,0,0,0,0,,207.9,0.953,1.0,1267.06,1267.06,1267.06,2.0,65.27635363916667,0.0,0.0,0.0,2.0,1.0,269,135
2026-10-16 18:19:12.610220,TXNREGIME_B_CROSS_PROCESS0000479,rbhasin@okicici,197.57,4,18,utility_bill,upi_p2p,fit,0,0,0.0,0,0,0,0,,667.6,0.838,3.0,647.9233333333333,1119.0059999999999,1194.7,28.0,103.40100713055556,0.0,0.0,0.0,0.0,0.0,31,61
2026-10-16 18:47:03.937931,TXNREGIME_B_CROSS_PROCESS0001441,nkothari@okhdfc,455.83,4,18,e_commerce,upi_p2p,fit,0,0,0.0,0,0,0,0,,57.7,0.733,1.0,1312.67,1312.67,1312.67,26.0,647.3946901813889,0.0,0.0,0.0,0.0,0.0,221,117
2026-10-16 19:10:44.408932,TXNREGIME_B_CROSS_PROCESS0000439,choudhuryhenry@okicici,298.1,4,19,recharge,upi_p2p,fit,0,0,0.0,0,0,0,0,,29.3,0.859,3.0,506.59,716.0169999999999,746.66,20.0,127.23520641,0.0,0.0,1.0,0.0,0.0,44,53
2026-10-16 19:40:32.388370,TXNREGIME_B_CROSS_PROCESS0001181,aishani60@ybl,1879.42,4,19,e_commerce,upi_p2p,fit,0,0,0.0,0,0,0,0,,220.9,0.964,4.0,2296.7075,5106.738499999999,5631.65,17.0,5.434520302777777,0.0,1.0,2.0,17.0,4.0,274,47
2026-10-16 20:12:41.930956,TXNREGIME_B_CROSS_PROCESS0000256,shravya63@okhdfc,1344.92,4,20,travel,upi_p2p,fit,0,0,0.0,0,0,0,0,,55.7,0.652,1.0,400.24,400.24,400.24,16.0,403.36355282222223,0.0,0.0,0.0,0.0,0.0,64,123
2026-10-16 21:41:53.341295,TXNREGIME_B_CROSS_PROCESS0000090,mannandevansh@oksbi,1846.95,4,21,travel,upi_p2m,fit,0,0,0.0,0,0,0,0,,60.3,0.747,13.0,1393.6538461538462,3441.999999999999,3771.91,30.0,52.907383368055555,0.0,0.0,0.0,29.0,7.0,104,7
2026-10-16 22:01:54.507711,TXNREGIME_B_CROSS_PROCESS0001374,qseshadri@okicici,11078.58,4,22,groceries,upi_p2m,fit,0,0,0.0,0,0,0,0,,1021.3,0.903,2.0,5001.820000000001,8766.699999999999,9185.02,29.0,12.166248714166667,0.0,1.0,0.0,0.0,0.0,194,74
2026-10-16 22:29:42.161850,TXNREGIME_B_CROSS_PROCESS0000137,samraneelima@ybl,3696.2,4,22,utility_bill,upi_p2m,fit,0,0,0.0,0,0,0,0,,235.2,0.654,3.0,2575.4566666666665,3996.2819999999997,4047.18,25.0,55.88306047388889,0.0,0.0,0.0,0.0,0.0,286,128
2026-10-16 22:37:41.728450,TXNREGIME_B_CROSS_PROCESS0000798,vrittimallick@okhdfc,1150.15,4,22,other,upi_p2p,fit,0,0,0.0,0,0,0,0,,554.1,0.713,0.0,0.0,0.0,0.0,0.0,720.0,0.0,0.0,0.0,0.0,0.0,56,115
2026-10-16 23:23:43.900628,TXNREGIME_B_CROSS_PROCESS0000509,bhattinidhi@okicici,1967.51,4,23,food_delivery,upi_p2p,fit,0,0,0.2,0,0,0,1,2.5007093317932427,246.3,0.655,2.0,844.4399999999999,1261.9589999999998,1308.35,30.0,381.87448005,0.0,0.0,0.0,0.0,0.0,298,129
2026-10-16 23:41:11.806590,TXNREGIME_B_CROSS_PROCESS0000327,bobalvamakshi@ybl,417.69,4,23,person_to_person,upi_p2p,fit,0,0,0.0,0,0,0,0,,64.8,0.965,1.0,643.77,643.77,643.77,14.0,353.44552779111115,0.0,0.0,0.0,0.0,0.0,148,22
2026-10-17 00:33:37.387587,TXNREGIME_B_CROSS_PROCESS0000025,prashadprisha@okhdfc,340.98,5,0,food_delivery,upi_p2p,fit,0,0,0.0,0,0,0,0,,784.2,0.741,4.0,1417.5425,2246.0499999999997,2263.27,31.0,111.0668200661111,0.0,0.0,0.0,0.0,0.0,230,151
2026-10-17 00:56:18.877419,TXNREGIME_B_CROSS_PROCESS0000567,devikaravi@okicici,1312.85,5,0,person_to_person,upi_p2p,fit,0,0,0.0,0,0,0,0,,458.5,0.861,4.0,704.9000000000001,1137.054,1166.16,27.0,192.857203785,0.0,0.0,0.0,26.0,3.0,310,125
2026-10-17 02:24:07.072951,TXNREGIME_B_CROSS_PROCESS0001465,aishani60@ybl,1009.56,5,2,food_delivery,upi_p2p,fit,0,0,0.0,0,0,0,0,,172.1,0.916,5.0,2213.25,4931.767999999999,5631.65,17.0,6.726301272500001,0.0,2.0,3.0,17.0,5.0,274,47
2026-10-17 02:33:29.140744,TXNREGIME_B_CROSS_PROCESS0000643,devikaravi@okicici,972.38,5,2,groceries,upi_p2m,fit,0,0,0.0,0,0,0,0,,462.2,0.74,2.0,1299.035,1752.3335,1802.7,18.0,60.88294017638889,0.0,0.0,1.0,0.0,0.0,244,125
2026-10-17 02:33:44.905397,TXNREGIME_B_CROSS_PROCESS0000207,satheleela@okhdfc,713.09,5,2,groceries,upi_p2m,fit,0,0,0.0,0,0,0,0,,323.2,0.836,14.0,1426.0321428571428,3414.5074999999997,3771.91,30.0,4.864323361666667,0.0,1.0,0.0,0.0,0.0,104,19
2026-10-17 03:03:38.215560,TXNREGIME_B_CROSS_PROCESS0001356,darabhavna@paytm,535.27,5,3,food_delivery,upi_p2p,fit,0,0,0.0,0,0,0,0,,308.8,0.879,1.0,15198.18,15198.18,15198.18,2.0,49.87366490472222,0.0,0.0,0.0,0.0,0.0,61,97
2026-10-17 03:28:18.330059,TXNREGIME_B_CROSS_PROCESS0000759,fariq52@paytm,1398.27,5,3,other,upi_p2p,fit,0,0,0.0,0,0,0,0,,376.9,0.838,2.0,2708.8199999999997,4497.579,4696.33,25.0,221.6283220891667,0.0,0.0,0.0,0.0,0.0,48,96
2026-10-17 04:31:03.889000,TXNREGIME_B_CROSS_PROCESS0000351,viswanathanoscar@oksbi,94.62,5,4,groceries,upi_p2m,fit,0,0,0.0,0,0,0,0,,351.0,0.861,7.0,1561.9071428571428,4068.288999999997,5170.96,25.0,147.83408378083334,0.0,0.0,0.0,9.0,2.0,333,54
2026-10-17 04:43:30.815914,TXNREGIME_B_CROSS_PROCESS0000315,chanchal93@okhdfc,922.47,5,4,e_commerce,upi_p2p,fit,0,0,0.0,0,0,0,0,,145.8,0.636,0.0,0.0,0.0,0.0,0.0,720.0,0.0,0.0,0.0,0.0,0.0,276,16
2026-10-17 04:55:21.957087,TXNREGIME_B_CROSS_PROCESS0000983,gaurikavala@okicici,510.27,5,4,recharge,upi_p2m,fit,0,0,0.0,0,0,0,0,,88.5,0.655,2.0,899.77,1006.3480000000001,1018.19,26.0,45.22958033305556,0.0,0.0,1.0,0.0,0.0,139,127
2026-10-17 05:27:11.576055,TXNREGIME_B_CROSS_PROCESS0000218,liambhargava@okhdfc,4849.62,5,5,groceries,upi_p2p,fit,0,1,3.1,0,0,0,0,,69.7,0.591,2.0,804.39,1189.2839999999999,1232.05,22.0,390.8216063808334,0.0,0.0,1.0,22.0,1.0,95,84
2026-10-17 05:34:49.106968,TXNREGIME_B_CROSS_PROCESS0001326,aishani60@ybl,367.57,5,5,person_to_person,upi_p2p,fit,0,0,0.0,0,0,0,0,,20.3,0.866,2.0,3677.8599999999997,4430.638,4514.28,17.0,319.58145486,0.0,0.0,4.0,13.0,1.0,239,47
2026-10-17 06:04:33.561108,TXNREGIME_B_CROSS_PROCESS0001018,pavanioommen@oksbi,4796.19,5,6,food_delivery,upi_p2p,fit,0,0,0.0,0,0,0,0,,928.7,0.948,3.0,3208.2166666666667,4532.826,4620.81,13.0,94.41875861472222,0.0,0.0,0.0,8.0,1.0,25,102
2026-10-17 09:18:52.225602,TXNREGIME_B_CROSS_PROCESS0000670,kaledaniel@oksbi,389.05,5,9,utility_bill,upi_p2m,fit,0,0,0.0,0,0,0,0,,225.8,0.788,0.0,0.0,0.0,0.0,0.0,720.0,0.0,0.0,0.0,0.0,0.0,313,49
2026-10-17 12:34:02.029005,TXNREGIME_B_CROSS_PROCESS0000654,wbedi@oksbi,2188.13,5,12,groceries,upi_p2m,fit,0,0,0.0,0,0,0,0,,56.6,0.767,3.0,862.4399999999999,1410.0259999999998,1482.35,31.0,278.4953556338889,0.0,0.0,0.0,31.0,3.0,247,40
2026-10-17 12:37:14.933534,TXNREGIME_B_CROSS_PROCESS0000631,lpatla@ybl,388.49,5,12,food_delivery,upi_p2p,fit,0,0,0.0,0,0,0,0,,67.1,0.946,2.0,3847.2799999999997,6389.564,6672.04,19.0,329.5815476680555,0.0,0.0,0.0,0.0,0.0,299,26
2026-10-17 13:33:32.887963,TXNREGIME_B_CROSS_PROCESS0000513,orinderkaur@ybl,631.42,5,13,e_commerce,upi_p2m,fit,0,0,0.0,0,0,0,1,6.992280186409109,174.3,0.78,3.0,1408.3033333333333,1871.7909999999997,1928.12,21.0,47.796183506666665,0.0,0.0,0.0,7.0,1.0,126,105
2026-10-17 16:02:20.890848,TXNREGIME_B_CROSS_PROCESS0001487,jananibail@okicici,2271.23,5,16,recharge,upi_p2m,fit,0,0,0.0,0,0,0,0,,204.4,0.718,5.0,1358.752,3344.4819999999995,3890.15,22.0,102.02340119611111,0.0,0.0,0.0,0.0,0.0,254,48
2026-10-17 16:11:37.645544,TXNREGIME_B_CROSS_PROCESS0000008,damini37@ybl,991.37,5,16,groceries,upi_p2m,fit,0,0,0.0,0,0,0,0,,157.5,0.767,15.0,1378.5026666666668,3387.0149999999994,3771.91,30.0,13.6313167075,0.0,2.0,0.0,0.0,0.0,104,73
2026-10-17 17:34:45.925373,TXNREGIME_B_CROSS_PROCESS0000466,fmodi@okhdfc,292.09,5,17,e_commerce,upi_p2p,fit,0,0,3.4,0,0,0,0,,1210.6,0.788,4.0,2546.435,3784.2065,3813.14,31.0,260.50325015,0.0,0.0,0.0,31.0,1.0,163,91
2026-10-17 19:34:13.861904,TXNREGIME_B_CROSS_PROCESS0001390,nsaha@paytm,177.11,5,19,person_to_person,upi_p2m,fit,0,0,0.0,0,1,0,1,0.058753944331390466,142.4,0.522,2.0,7866.725,14465.0345,15198.18,2.0,16.509901762222224,0.0,1.0,0.0,2.0,1.0,61,24
2026-10-17 20:32:49.102789,TXNREGIME_B_CROSS_PROCESS0001164,borderidhi@okhdfc,651.11,5,20,utility_bill,upi_p2p,fit,0,0,0.0,0,0,0,0,,61.4,0.984,8.0,2171.63125,4281.475999999999,4935.64,29.0,30.517948540833334,0.0,0.0,0.0,29.0,3.0,307,62
2026-10-17 21:14:48.941233,TXNREGIME_B_CROSS_PROCESS0000579,nkothari@okhdfc,3254.31,5,21,utility_bill,upi_p2p,fit,0,0,0.0,0,0,0,0,,35.7,0.905,2.0,884.25,1269.828,1312.67,28.0,26.462500917222222,0.0,0.0,0.0,1.0,1.0,221,117
2026-10-17 21:42:31.677796,TXNREGIME_B_CROSS_PROCESS0000254,ati06@paytm,496.04,5,21,e_commerce,upi_p2p,fit,0,0,0.0,0,0,0,0,,49.8,0.919,6.0,2497.5016666666666,7471.4475,9221.42,23.0,195.3825317675,0.0,0.0,0.0,23.0,3.0,58,79
2026-10-17 22:08:09.050818,TXNREGIME_B_CROSS_PROCESS0001423,vrittimallick@okhdfc,1411.09,5,22,food_delivery,upi_p2m,fit,0,0,0.0,0,0,0,0,,207.1,0.891,1.0,1927.5,1927.5,1927.5,28.0,693.3718949258334,0.0,0.0,1.0,0.0,0.0,36,115
2026-10-17 23:39:13.592109,TXNREGIME_B_CROSS_PROCESS0000790,qaurora@paytm,210.53,5,23,food_delivery,upi_p2m,fit,0,0,0.0,0,0,0,0,,563.7,0.587,4.0,1081.2425,2507.3424999999993,2823.79,31.0,296.86597741194447,0.0,0.0,0.0,31.0,2.0,234,57
2026-10-18 03:26:37.803633,TXNREGIME_B_CROSS_PROCESS0000674,upkaarmahajan@oksbi,269.84,6,3,recharge,upi_p2m,fit,0,0,0.0,0,0,0,0,,92.8,0.627,3.0,1130.3733333333332,1637.071,1638.71,20.0,297.59315649611113,0.0,0.0,0.0,19.0,2.0,47,86
2026-10-18 05:06:34.035092,TXNREGIME_B_CROSS_PROCESS0000456,lucky21@okicici,2579.52,6,5,e_commerce,upi_p2m,fit,0,0,0.0,0,0,0,0,,473.7,0.739,2.0,518.44,558.067,562.47,26.0,586.1614267450001,0.0,0.0,0.0,0.0,0.0,81,25
2026-10-18 06:29:04.911529,TXNREGIME_B_CROSS_PROCESS0001071,dinvrinda@okicici,5701.64,6,6,groceries,upi_p2p,fit,0,0,0.0,0,0,0,0,,124.3,0.574,5.0,553.784,846.318,897.45,14.0,39.165553921111105,0.0,0.0,0.0,0.0,0.0,157,95
2026-10-18 09:02:48.027563,TXNREGIME_B_CROSS_PROCESS0001329,chanchal93@okhdfc,1956.12,6,9,person_to_person,upi_p2p,fit,0,0,0.0,0,0,0,0,,45.5,0.829,7.0,2492.2514285714283,4304.934999999999,4678.78,29.0,111.41733079472222,0.0,0.0,0.0,0.0,0.0,271,16
2026-10-18 09:16:47.267820,TXNREGIME_B_CROSS_PROCESS0001362,bansalisaac@okhdfc,529.6,6,9,recharge,upi_p2m,fit,0,0,0.0,0,0,0,0,,146.7,0.782,0.0,0.0,0.0,0.0,0.0,720.0,0.0,0.0,0.0,0.0,0.0,257,154
2026-10-18 09:56:40.846894,TXNREGIME_B_CROSS_PROCESS0001155,mannandevansh@oksbi,3866.69,6,9,recharge,upi_p2p,fit,0,0,0.0,0,0,0,0,,418.4,0.988,7.0,1018.3928571428571,2169.9049999999997,2276.12,31.0,294.85300679277776,0.0,0.0,0.0,31.0,5.0,85,7
2026-10-18 10:29:38.915726,TXNREGIME_B_CROSS_PROCESS0000518,pmukherjee@okhdfc,1615.08,6,10,recharge,upi_p2m,fit,0,0,0.0,0,0,0,0,,294.6,0.897,7.0,1984.107142857143,5161.9429999999975,6087.29,22.0,209.0872233561111,0.0,0.0,0.0,0.0,0.0,196,28
2026-10-18 10:44:35.936922,TXNREGIME_B_CROSS_PROCESS0001242,viswanathanoscar@oksbi,3021.31,6,10,food_delivery,upi_p2p,fit,0,0,0.0,0,0,0,0,,87.0,0.984,3.0,769.9366666666666,994.5060000000001,1018.19,27.0,29.82054995416667,0.0,0.0,0.0,0.0,0.0,139,54
2026-10-18 11:23:44.103847,TXNREGIME_B_CROSS_PROCESS0000081,jananibail@okicici,1778.42,6,11,food_delivery,upi_p2p,fit,0,0,0.0,0,0,0,0,,173.1,0.865,2.0,1275.85,1384.282,1396.33,5.0,124.07822255972222,0.0,0.0,1.0,0.0,0.0,227,48
2026-10-18 14:14:48.523174,TXNREGIME_B_CROSS_PROCESS0001494,gautam10@okhdfc,193.81,6,14,groceries,upi_p2p,fit,0,0,0.0,0,0,0,0,,47.6,0.888,8.0,1937.97875,5007.718499999998,6087.29,22.0,3.752668735555556,0.0,1.0,0.0,22.0,6.0,196,37
2026-10-18 14:45:00.940124,TXNREGIME_B_CROSS_PROCESS0000869,samraneelima@ybl,853.23,6,14,groceries,upi_p2p,fit,0,0,0.0,0,0,0,0,,227.1,0.965,2.0,872.58,1297.6860000000001,1344.92,18.0,42.53861365777777,0.0,0.0,0.0,0.0,0.0,64,128
2026-10-18 14:52:13.470992,TXNREGIME_B_CROSS_PROCESS0000664,gautam10@okhdfc,1682.9,6,14,groceries,upi_p2m,fit,0,0,0.0,0,0,0,0,,584.9,0.684,4.0,2067.8125,4495.630499999998,5051.7,33.0,279.3301650111111,0.0,0.0,1.0,29.0,2.0,216,37
2026-10-18 15:07:42.290547,TXNREGIME_B_CROSS_PROCESS0000138,pingleviraj@oksbi,1103.02,6,15,person_to_person,upi_p2p,fit,0,0,0.0,0,0,0,1,5.5134845023224965,187.9,0.798,3.0,760.31,1232.29,1287.59,30.0,558.8969189455555,0.0,0.0,0.0,30.0,3.0,240,17
2026-10-18 15:31:46.731823,TXNREGIME_B_CROSS_PROCESS0000142,wgupta@okicici,292.28,6,15,travel,upi_p2m,fit,0,0,0.0,0,0,0,0,,58.2,0.757,7.0,2063.9214285714284,6780.554999999995,8791.05,26.0,172.97323777055556,0.0,0.0,0.0,0.0,0.0,241,83
2026-10-18 16:04:25.957953,TXNREGIME_B_CROSS_PROCESS0001229,gaurikavala@okicici,1694.15,6,16,groceries,upi_p2p,fit,0,0,0.0,0,0,0,0,,81.7,0.586,4.0,1332.78,2720.841999999999,3021.31,27.0,5.3305613975,0.0,1.0,0.0,1.0,1.0,139,127
2026-10-18 19:04:15.722187,TXNREGIME_B_CROSS_PROCESS0000468,masonkhosla@oksbi,519.86,6,19,person_to_person,upi_p2p,fit,0,0,0.0,0,0,0,0,,341.7,0.978,4.0,2855.6425,3994.533,4047.18,27.0,44.5759889825,0.0,0.0,0.0,25.0,1.0,286,71
2026-10-18 20:21:29.189625,TXNREGIME_B_CROSS_PROCESS0001020,pingleviraj@oksbi,463.93,6,20,e_commerce,upi_p2m,fit,0,0,0.0,0,0,0,0,,381.9,0.642,4.0,1784.1675,3504.484499999999,3840.51,31.0,294.8469469447222,0.0,0.0,1.0,0.0,0.0,311,17
2026-10-18 21:08:52.970211,TXNREGIME_B_CROSS_PROCESS0000189,jbhatti@okhdfc,584.33,6,21,food_delivery,upi_autopay,fit,0,0,0.0,0,0,0,0,,71.3,0.98,4.0,3524.395,9287.245499999997,10434.93,33.0,92.78974346527778,0.0,0.0,0.0,0.0,0.0,164,5
2026-10-18 21:16:08.476005,TXNREGIME_B_CROSS_PROCESS0000501,pingleviraj@oksbi,725.23,6,21,e_commerce,upi_p2p,fit,0,0,0.0,0,0,0,0,,152.6,0.941,4.0,845.9875,1259.9044999999999,1287.59,30.0,6.1406070716666665,0.0,1.0,2.0,30.0,4.0,240,17
2026-10-18 22:12:28.109574,TXNREGIME_B_CROSS_PROCESS0000114,gaurikavala@okicici,385.95,6,22,recharge,upi_p2p,fit,0,0,0.0,0,0,1,0,,123.3,0.607,0.0,0.0,0.0,0.0,0.0,720.0,0.0,0.0,1.0,0.0,0.0,337,127
2026-10-18 23:13:07.133983,TXNREGIME_B_CROSS_PROCESS0001408,devikaravi@okicici,3341.15,6,23,recharge,upi_p2p,fit,0,0,0.0,0,0,0,0,,37.6,0.736,4.0,1049.13,1336.9189999999999,1355.27,31.0,264.79641818,0.0,0.0,0.0,26.0,3.0,147,125
2026-10-19 00:52:21.565188,TXNREGIME_B_CROSS_PROCESS0000353,dbadal@paytm,209.55,0,0,food_delivery,upi_p2p,fit,0,0,0.0,0,0,0,0,,52.0,0.748,3.0,750.82,1137.344,1157.94,28.0,158.48449610472224,0.0,0.0,0.0,28.0,1.0,229,87
2026-10-19 01:20:37.948868,TXNREGIME_B_CROSS_PROCESS0000421,aachal41@okicici,63.96,0,1,recharge,upi_p2m,fit,0,0,0.0,0,0,0,0,,811.6,0.832,5.0,1811.2720000000002,4294.691999999999,4952.96,22.0,226.08112675861113,0.0,0.0,0.0,22.0,1.0,327,70
2026-10-19 01:54:22.051348,TXNREGIME_B_CROSS_PROCESS0000206,ayushmandhingra@oksbi,682.83,0,1,groceries,upi_p2p,fit,0,0,0.0,0,0,0,0,,143.6,0.933,5.0,830.984,1230.138,1343.51,24.0,233.35965059,0.0,0.0,0.0,0.0,0.0,187,99
2026-10-19 03:01:25.288822,TXNREGIME_B_CROSS_PROCESS0000701,kaledaniel@oksbi,1160.92,0,3,groceries,upi_p2m,fit,0,0,0.0,0,0,0,0,,103.3,0.628,3.0,1674.2699999999998,3060.1459999999997,3254.31,29.0,29.776763219166664,0.0,0.0,0.0,0.0,0.0,221,49
2026-10-19 03:31:55.021101,TXNREGIME_B_CROSS_PROCESS0001238,aachal41@okicici,4884.3,0,3,e_commerce,upi_p2m,fit,0,0,0.0,0,0,0,0,,741.9,0.774,2.0,3716.94,6517.758,6828.96,16.0,163.09111085583334,0.0,0.0,1.0,0.0,0.0,125,70
2026-10-19 06:45:39.483799,TXNREGIME_B_CROSS_PROCESS0001077,qaurora@paytm,806.64,0,6,e_commerce,upi_p2m,fit,0,0,0.0,0,0,0,0,,87.0,0.995,8.0,1674.72125,3902.3835,4020.75,33.0,87.34587771888889,0.0,0.0,0.0,25.0,1.0,314,57
2026-10-19 07:42:45.906416,TXNREGIME_B_CROSS_PROCESS0000362,khalsapranav@okhdfc,855.8,0,7,utility_bill,upi_p2p,fit,0,0,0.0,0,0,0,0,,144.4,0.64,1.0,150.55,150.55,150.55,21.0,506.9311886477778,0.0,0.0,0.0,0.0,0.0,195,29
2026-10-19 07:53:55.775734,TXNREGIME_B_CROSS_PROCESS0001275,nsaha@paytm,1492.23,0,7,food_delivery,upi_p2p,fit,0,1,1.6,0,0,0,1,2.1727772853733716,565.1,0.941,3.0,5303.5199999999995,13731.889,15198.18,4.0,36.32830939722222,0.0,0.0,0.0,4.0,2.0,61,24
2026-10-19 08:17:42.579311,TXNREGIME_B_CROSS_PROCESS0000808,qaurora@paytm,196.8,0,8,food_delivery,upi_p2m,fit,0,0,0.0,0,0,0,0,,82.8,0.65,5.0,907.1,2401.8599999999997,2823.79,32.0,32.64138533388889,0.0,0.0,1.0,32.0,3.0,234,57
2026-10-19 09:59:56.452405,TXNREGIME_B_CROSS_PROCESS0000765,masonkhosla@oksbi,1009.29,0,9,person_to_person,upi_p2p,fit,0,0,0.0,0,0,0,0,,437.6,0.851,4.0,4350.6975,13142.287499999995,15198.18,4.0,2.1001879641666665,0.0,1.0,1.0,0.0,0.0,61,71
2026-10-19 10:08:45.307871,TXNREGIME_B_CROSS_PROCESS0000358,siyachoudhary@ybl,1518.75,0,10,food_delivery,upi_p2m,fit,0,0,0.0,0,0,0,0,,242.8,0.972,6.0,3832.521666666666,10403.807499999999,12421.66,33.0,215.415058215,0.0,0.0,0.0,32.0,3.0,67,75
2026-10-19 14:20:55.661518,TXNREGIME_B_CROSS_PROCESS0001337,shravya63@okhdfc,8902.89,0,14,food_delivery,upi_p2p,fit,0,0,0.0,0,0,0,0,,26.8,0.847,4.0,2230.255,4366.352499999999,4836.94,34.0,585.9611160358334,0.0,0.0,0.0,34.0,4.0,253,123
2026-10-19 15:11:50.242316,TXNREGIME_B_CROSS_PROCESS0000838,jasmit07@ybl,708.02,0,15,utility_bill,upi_p2p,fit,0,0,0.2,0,0,0,0,,774.7,0.899,3.0,3435.133333333333,5638.744,5809.19,31.0,456.2707440616666,0.0,0.0,0.0,19.0,1.0,214,0
2026-10-19 15:38:35.766142,TXNREGIME_B_CROSS_PROCESS0000496,dbadal@paytm,1345.25,0,15,groceries,upi_p2m,fit,0,0,0.0,0,0,0,0,,158.4,0.833,4.0,615.5025,1127.046,1157.94,29.0,14.77061137611111,0.0,1.0,1.0,29.0,2.0,229,87
2026-10-19 16:35:19.986227,TXNREGIME_B_CROSS_PROCESS0001344,vrittimallick@okhdfc,567.32,0,16,utility_bill,upi_autopay,fit,1,0,0.0,0,0,0,0,,234.4,0.867,2.0,847.94,927.545,936.39,27.0,305.8709826394445,0.0,0.0,0.0,0.0,0.0,76,115
2026-10-19 16:52:09.548852,TXNREGIME_B_CROSS_PROCESS0001416,sagarchanchal@okicici,1506.87,0,16,food_delivery,upi_p2p,fit,0,0,0.0,0,0,0,0,,61.3,0.867,8.0,2425.235,4242.6275,4678.78,30.0,31.822644802499997,0.0,0.0,0.0,25.0,3.0,271,158
2026-10-19 20:24:18.385501,TXNREGIME_B_CROSS_PROCESS0000928,pingleviraj@oksbi,3406.4,0,20,person_to_person,upi_p2m,fit,0,0,0.0,0,0,0,0,,214.4,0.947,6.0,1411.7600000000002,4500.592500000001,5701.64,16.0,37.92040943666667,0.0,0.0,1.0,7.0,3.0,157,17
2026-10-19 21:16:07.504200,TXNREGIME_B_CROSS_PROCESS0001210,noah04@paytm,4535.65,0,21,groceries,upi_p2p,fit,0,1,2.8,0,0,0,0,,347.9,0.927,2.0,50865.36,95086.536,100000.0,30.0,277.61090805805554,0.0,0.0,0.0,30.0,1.0,137,8
2026-10-19 21:22:00.353514,TXNREGIME_B_CROSS_PROCESS0000933,pingleviraj@oksbi,5491.59,0,21,travel,upi_p2p,fit,0,0,0.0,0,0,0,0,,344.5,0.747,2.0,1051.1,1258.964,1282.06,27.0,645.1671985361111,0.0,0.0,1.0,0.0,0.0,38,17
2026-10-19 21:34:18.996703,TXNREGIME_B_CROSS_PROCESS0000511,choudhuryhenry@okicici,1483.28,0,21,food_delivery,upi_p2m,fit,0,0,0.0,0,0,0,0,,47.6,0.756,5.0,925.682,1706.308,1912.66,29.0,82.30988264916667,0.0,0.0,0.0,29.0,4.0,119,53
2026-10-19 21:55:46.851213,TXNREGIME_B_CROSS_PROCESS0000944,chamelikrishnan@ybl,2656.98,0,21,food_delivery,upi_p2p,fit,0,0,0.0,0,0,0,0,,615.5,0.646,6.0,701.9583333333334,1522.2725,1740.11,27.0,146.76520215083335,0.0,0.0,0.0,27.0,5.0,226,67
2026-10-19 22:03:28.685160,TXNREGIME_B_CROSS_PROCESS0000163,riyabrar@paytm,1730.46,0,22,e_commerce,upi_p2m,fit,0,0,0.0,0,0,0,0,,202.4,0.712,9.0,1578.2677777777778,3885.4739999999997,4020.75,33.0,15.297000378055555,0.0,1.0,0.0,0.0,0.0,314,6
2026-10-19 22:53:00.416971,TXNREGIME_B_CROSS_PROCESS0000508,tanveermand@oksbi,2328.06,0,22,food_delivery,upi_p2p,fit,0,0,0.0,0,0,0,0,,14.9,0.231,3.0,591.9,949.4929999999999,982.53,28.0,135.3697556402778,0.0,0.0,0.0,0.0,0.0,54,163
2026-10-19 22:56:29.419567,TXNREGIME_B_CROSS_PROCESS0000286,pavanioommen@oksbi,112.41,0,22,person_to_person,upi_autopay,fit,0,0,0.0,0,0,0,0,,116.3,0.96,4.0,3605.21,4769.883,4796.19,16.0,64.86551623861111,0.0,0.0,0.0,11.0,2.0,25,102
2026-10-20 00:55:35.486428,TXNREGIME_B_CROSS_PROCESS0000772,aishani60@ybl,698.25,1,0,e_commerce,upi_p2m,fit,0,0,0.0,0,0,0,0,,40.0,0.699,2.0,509.61,727.383,751.58,12.0,230.82672690416666,0.0,0.0,0.0,0.0,0.0,178,47
2026-10-20 02:18:54.729218,TXNREGIME_B_CROSS_PROCESS0001007,samuelnayar@ybl,1104.06,1,2,food_delivery,upi_p2p,fit,0,0,0.0,0,0,0,0,,126.7,0.962,4.0,1106.5725,1539.3819999999998,1567.51,31.0,577.32687593,0.0,0.0,0.0,31.0,2.0,218,20
2026-10-20 03:01:36.535045,TXNREGIME_B_CROSS_PROCESS0000647,vrittimallick@okhdfc,578.8,1,3,e_commerce,upi_p2p,fit,0,0,0.0,0,0,0,0,,178.3,0.849,12.0,1465.948333333333,4769.470999999999,5850.98,33.0,216.17333653611112,0.0,0.0,1.0,0.0,0.0,177,115
2026-10-20 04:41:52.929131,TXNREGIME_B_CROSS_PROCESS0000524,chamelikrishnan@ybl,588.63,1,4,travel,upi_p2p,fit,0,1,22.4,0,0,0,0,,534.7,0.794,7.0,981.2471428571428,2381.9189999999994,2656.98,27.0,6.768354977222222,0.0,1.0,1.0,27.0,6.0,226,67
2026-10-20 04:59:00.185315,TXNREGIME_B_CROSS_PROCESS0000926,qtalwar@oksbi,8804.97,1,4,food_delivery,upi_p2m,fit,0,0,0.0,0,0,0,0,,94.1,0.969,1.0,529.6,529.6,529.6,1.0,43.70358819305556,0.0,0.0,0.0,0.0,0.0,257,137
2026-10-20 08:35:34.308701,TXNREGIME_B_CROSS_PROCESS0001443,bobalvamakshi@ybl,135.52,1,8,food_delivery,upi_p2m,fit,0,0,0.0,0,0,0,0,,693.3,0.872,6.0,1152.6816666666666,1885.345,1963.75,34.0,138.19532736861112,0.0,0.0,0.0,34.0,2.0,267,22
2026-10-20 09:12:26.191341,TXNREGIME_B_CROSS_PROCESS0001354,lucky21@okicici,2242.38,1,9,e_commerce,upi_p2p,fit,0,0,0.0,0,0,0,0,,45.9,0.69,1.0,1514.1,1514.1,1514.1,25.0,604.7843035266666,0.0,0.0,0.0,0.0,0.0,10,25
2026-10-20 11:53:59.312172,TXNREGIME_B_CROSS_PROCESS0000247,pranit53@okicici,170.76,1,11,other,upi_p2m,fit,0,0,0.0,0,0,0,0,,79.5,0.515,5.0,821.836,1250.676,1287.59,32.0,38.63078782416667,0.0,0.0,0.0,0.0,0.0,240,38
2026-10-20 12:25:06.663510,TXNREGIME_B_CROSS_PROCESS0000287,omkaar75@ybl,1010.71,1,12,utility_bill,upi_p2m,fit,0,0,0.0,0,0,0,0,,30.0,0.768,3.0,1090.7,1800.4789999999998,1853.5,18.0,246.42348381916665,0.0,0.0,0.0,0.0,0.0,309,55
2026-10-20 13:02:10.371761,TXNREGIME_B_CROSS_PROCESS0000442,damini37@ybl,1749.2,1,13,utility_bill,upi_p2p,fit,0,0,0.0,0,0,0,0,,250.5,0.823,4.0,1025.94,2126.2304999999997,2328.06,29.0,14.152765219444445,0.0,1.0,0.0,0.0,0.0,54,73
2026-10-20 13:15:17.150929,TXNREGIME_B_CROSS_PROCESS0000602,zayyan87@paytm,600.56,1,13,food_delivery,upi_p2p,fit,0,0,0.0,0,0,0,0,,143.1,0.644,7.0,1666.2542857142857,4914.428999999997,6179.34,34.0,313.92165535805555,0.0,0.0,0.0,34.0,4.0,94,135
2026-10-20 14:16:09.216478,TXNREGIME_B_CROSS_PROCESS0000881,riyabrar@paytm,690.08,1,14,food_delivery,upi_p2p,fit,0,0,0.0,0,0,0,0,,401.7,0.872,9.0,2323.1944444444443,4180.32,4678.78,31.0,21.399907673888887,0.0,1.0,1.0,0.0,0.0,271,6
2026-10-20 15:17:07.437906,TXNREGIME_B_CROSS_PROCESS0000934,aishani60@ybl,69.11,1,15,travel,upi_p2p,fit,0,0,0.0,0,0,0,0,,288.2,0.945,6.0,2012.635,4756.7975,5631.65,20.0,84.88343470972222,0.0,0.0,1.0,20.0,6.0,274,47
2026-10-20 15:19:37.557340,TXNREGIME_B_CROSS_PROCESS0001250,jbhatti@okhdfc,10652.71,1,15,food_delivery,upi_p2p,fit,0,0,0.0,0,0,0,0,,730.6,0.81,5.0,1071.27,2700.311999999999,3170.7,34.0,230.06220392666665,0.0,0.0,0.0,0.0,0.0,57,5
2026-10-20 16:13:14.016538,TXNREGIME_B_CROSS_PROCESS0000684,viswanathanoscar@oksbi,2246.73,1,16,food_delivery,upi_p2p,fit,0,0,0.0,0,0,0,0,,285.0,0.794,3.0,1443.3733333333332,1740.211,1778.42,7.0,52.8249757475,0.0,0.0,0.0,7.0,1.0,227,54
2026-10-20 16:17:36.542599,TXNREGIME_B_CROSS_PROCESS0001244,shaurya10@paytm,347.35,1,16,food_delivery,upi_p2p,fit,0,0,0.0,0,1,0,0,,308.9,0.778,5.0,1202.23,2240.31,2263.27,34.0,87.73309861444444,0.0,0.0,0.0,0.0,0.0,230,155
2026-10-20 16:28:20.177299,TXNREGIME_B_CROSS_PROCESS0000389,hnayar@ybl,414.75,1,16,e_commerce,upi_p2p,fit,1,0,0.0,0,0,0,0,,398.2,0.687,4.0,820.5350000000001,1969.1714999999995,2240.94,27.0,443.4889666283333,0.0,0.0,0.0,0.0,0.0,281,21
2026-10-20 17:07:44.880593,TXNREGIME_B_CROSS_PROCESS0001429,rushildhingra@okicici,2163.32,1,17,e_commerce,upi_p2p,fit,0,0,0.0,0,0,0,0,,45.4,0.954,2.0,1669.295,1901.6795,1927.5,31.0,66.99328604861111,0.0,0.0,0.0,31.0,1.0,36,89
2026-10-20 17:21:54.093149,TXNREGIME_B_CROSS_PROCESS0000540,bkumar@ybl,550.4,1,17,utility_bill,upi_p2m,fit,0,0,0.0,0,0,0,0,,82.6,0.953,2.0,253.09000000000003,345.007,355.22,20.0,290.7643867380556,0.0,0.0,0.0,0.0,0.0,335,120
2026-10-20 18:30:08.383489,TXNREGIME_B_CROSS_PROCESS0000608,nsaha@paytm,491.41,1,18,person_to_person,upi_p2p,fit,0,0,0.0,0,0,0,0,,185.2,0.975,6.0,731.4683333333334,1257.975,1317.84,34.0,233.14431353583333,0.0,0.0,0.0,0.0,0.0,301,24
2026-10-20 18:33:36.458795,TXNREGIME_B_CROSS_PROCESS0001350,vrittimallick@okhdfc,1677.17,1,18,e_commerce,upi_p2m,fit,0,0,0.0,0,0,0,0,,176.1,0.726,1.0,661.72,661.72,661.72,15.0,379.72564124944444,0.0,0.0,1.0,0.0,0.0,199,115
2026-10-20 20:22:30.548213,TXNREGIME_B_CROSS_PROCESS0000803,zilmilmalhotra@okicici,813.93,1,20,groceries,upi_p2m,fit,0,0,0.0,0,0,0,0,,27.3,0.907,5.0,2936.382,8904.684,10434.93,35.0,47.227105000555554,0.0,0.0,0.0,30.0,3.0,164,31
2026-10-20 21:23:55.859351,TXNREGIME_B_CROSS_PROCESS0001115,abarman@okicici,2550.37,1,21,food_delivery,upi_p2m,fit,0,0,0.0,0,0,0,0,,216.9,0.752,3.0,527.8633333333333,711.082,722.98,22.0,152.1244456727778,0.0,0.0,0.0,17.0,1.0,225,46
2026-10-20 21:27:27.556390,TXNREGIME_B_CROSS_PROCESS0000457,dinvrinda@okicici,3334.48,1,21,food_delivery,upi_p2p,fit,0,0,0.0,0,0,0,0,,364.9,0.752,4.0,2350.83,3914.2384999999995,4059.95,19.0,219.8092468638889,0.0,0.0,0.0,10.0,1.0,123,95
2026-10-20 23:16:59.209372,TXNREGIME_B_CROSS_PROCESS0000405,qarin60@okhdfc,662.0,1,23,recharge,upi_p2p,fit,0,0,0.0,0,0,0,0,,101.6,0.933,5.0,698.816,1355.2499999999998,1522.08,13.0,103.57376287055556,0.0,0.0,0.0,0.0,0.0,35,36
2026-10-21 00:17:12.880487,TXNREGIME_B_CROSS_PROCESS0001196,qarin08@okhdfc,1313.37,2,0,utility_bill,upi_p2m,fit,0,0,0.0,0,0,0,0,,259.6,0.924,3.0,1949.6566666666668,2947.068,2988.17,30.0,137.30832293305556,0.0,0.0,0.0,30.0,1.0,8,13
2026-10-21 00:17:19.101509,TXNREGIME_B_CROSS_PROCESS0000150,aayush79@okicici,952.49,2,0,e_commerce,upi_p2m,fit,0,0,0.0,0,0,0,0,,754.3,0.823,3.0,1489.71,2401.643,2495.62,33.0,315.07829018166666,0.0,0.0,0.0,13.0,1.0,233,113
2026-10-21 00:54:51.839114,TXNREGIME_B_CROSS_PROCESS0000220,borderidhi@okhdfc,49.49,2,0,groceries,upi_p2m,fit,0,0,0.0,0,0,0,0,,255.8,0.694,6.0,692.68,1313.5425,1522.08,13.0,1.6312860394444444,0.0,1.0,0.0,11.0,2.0,35,62
2026-10-21 01:31:38.754698,TXNREGIME_B_CROSS_PROCESS0000727,masonkhosla@oksbi,2007.35,2,1,groceries,upi_p2m,fit,0,0,0.0,0,0,0,0,,263.7,0.922,3.0,3294.313333333333,7864.872999999999,8604.71,17.0,232.96875332444444,0.0,0.0,0.0,17.0,2.0,222,71
2026-10-21 02:03:21.745742,TXNREGIME_B_CROSS_PROCESS0000413,ramachandranvedhika@paytm,2359.32,2,2,other,upi_p2p,fit,0,0,0.0,0,0,0,0,,318.1,0.629,2.0,1169.4450000000002,1626.3975,1677.17,16.0,7.495913040833334,0.0,1.0,0.0,0.0,0.0,199,144
2026-10-21 04:25:24.943375,TXNREGIME_B_CROSS_PROCESS0000695,natarajantamanna@oksbi,9318.76,2,4,food_delivery,upi_p2p,fit,0,0,0.0,0,0,0,0,,342.4,0.881,1.0,76.1,76.1,76.1,14.0,359.2107190875,0.0,0.0,0.0,0.0,0.0,62,93
2026-10-21 06:18:37.904246,TXNREGIME_B_CROSS_PROCESS0000489,qtalwar@oksbi,1884.48,2,6,e_commerce,upi_p2p,fit,0,0,0.0,0,0,0,0,,499.3,0.718,2.0,4108.49,4495.004,4537.95,34.0,147.4079581516667,0.0,0.0,0.0,34.0,2.0,103,137
2026-10-21 06:25:34.907090,TXNREGIME_B_CROSS_PROCESS0001109,masonkhosla@oksbi,177.84,2,6,food_delivery,upi_p2p,fit,0,0,0.0,0,0,0,0,,251.8,0.568,6.0,2582.64,8522.122500000001,10434.93,35.0,10.051210799166666,0.0,1.0,1.0,0.0,0.0,164,71
2026-10-21 07:57:40.048104,TXNREGIME_B_CROSS_PROCESS0000301,masonkhosla@oksbi,739.22,2,7,utility_bill,upi_p2m,fit,0,0,0.0,0,0,0,1,0.16703169133955936,270.8,0.686,4.0,2972.5724999999998,7615.105999999996,8604.71,17.0,6.433692612777778,0.0,1.0,2.0,17.0,3.0,222,71
2026-10-21 10:46:35.642826,TXNREGIME_B_CROSS_PROCESS0000977,parikhyamini@oksbi,1419.02,2,10,recharge,upi_p2p,fit,0,0,0.0,0,0,0,0,,50.2,0.523,0.0,0.0,0.0,0.0,0.0,720.0,0.0,0.0,0.0,0.0,0.0,136,167
2026-10-21 11:09:53.800386,TXNREGIME_B_CROSS_PROCESS0001032,samraneelima@ybl,1106.62,2,11,e_commerce,upi_autopay,fit,0,0,0.0,0,0,0,0,,29.9,0.782,0.0,0.0,0.0,0.0,0.0,720.0,0.0,0.0,0.0,0.0,0.0,266,128
2026-10-21 11:48:53.706549,TXNREGIME_B_CROSS_PROCESS0001260,lpatla@ybl,807.37,2,11,utility_bill,upi_p2p,fit,0,0,0.0,0,0,0,0,,432.6,0.863,5.0,826.49,1283.512,1312.85,32.0,106.876341425,0.0,0.0,0.0,32.0,1.0,310,26
2026-10-21 15:19:27.600072,TXNREGIME_B_CROSS_PROCESS0001466,ira22@ybl,3361.04,2,15,recharge,upi_p2m,fit,0,1,3.2,0,0,0,0,,508.8,0.893,3.0,2531.2633333333333,5070.637000000001,5491.59,28.0,41.95756848833334,0.0,0.0,0.0,0.0,0.0,38,112
2026-10-21 15:32:03.697310,TXNREGIME_B_CROSS_PROCESS0000288,jananibail@okicici,114.79,2,15,travel,upi_p2p,fit,0,0,0.0,0,0,0,0,,268.5,0.958,3.0,2806.7966666666666,7294.810999999999,8080.16,27.0,315.96791708694445,0.0,0.0,0.0,0.0,0.0,210,48
2026-10-21 16:54:40.241906,TXNREGIME_B_CROSS_PROCESS0000849,gaurikavala@okicici,1508.8,2,16,person_to_person,upi_p2p,fit,0,0,0.0,0,0,0,0,,288.8,0.811,3.0,2152.7999999999997,4487.862999999999,4849.62,27.0,107.4579627363889,0.0,0.0,0.0,0.0,0.0,95,127
2026-10-21 17:19:25.475365,TXNREGIME_B_CROSS_PROCESS0000393,lucky21@okicici,263.93,2,17,recharge,upi_p2m,fit,0,0,0.0,0,0,0,0,,80.8,0.833,4.0,972.8325,1826.3289999999997,1935.7,27.0,194.12943464,0.0,0.0,0.0,19.0,3.0,9,25
2026-10-21 17:51:18.113447,TXNREGIME_B_CROSS_PROCESS0000407,liambhargava@okhdfc,3540.67,2,17,utility_bill,upi_p2m,fit,0,0,0.4,0,0,0,0,,408.3,0.894,8.0,1533.0425,4703.610499999998,6179.34,35.0,28.60026736611111,0.0,0.0,0.0,0.0,0.0,94,84
2026-10-21 18:20:34.022185,TXNREGIME_B_CROSS_PROCESS0000624,ramachandranvedhika@paytm,1308.46,2,18,person_to_person,upi_p2m,fit,0,0,0.0,0,0,0,0,,829.9,0.961,3.0,572.49,746.2470000000001,751.58,14.0,41.416259932500004,0.0,0.0,1.0,0.0,0.0,178,144
2026-10-21 21:34:45.849320,TXNREGIME_B_CROSS_PROCESS0000240,satheleela@okhdfc,360.7,2,21,groceries,upi_p2p,fit,0,0,0.0,0,0,0,0,,163.8,0.825,13.0,2078.9853846153846,7238.213999999991,10834.23,35.0,134.77464326972222,0.0,0.0,0.0,33.0,3.0,151,19
2026-10-21 23:04:08.185724,TXNREGIME_B_CROSS_PROCESS0001177,choudhuryhenry@okicici,1790.6,2,23,utility_bill,upi_p2p,fit,0,0,0.0,0,0,0,0,,331.7,0.869,6.0,1018.6150000000001,1805.315,1912.66,32.0,49.496996950277776,0.0,0.0,0.0,32.0,5.0,119,53
2026-10-22 00:02:32.975764,TXNREGIME_B_CROSS_PROCESS0000714,gaurikavala@okicici,1554.94,3,0,groceries,upi_p2m,fit,0,0,0.0,0,0,0,0,,38.1,0.881,4.0,1545.9325,2963.0639999999994,3254.31,32.0,69.01880192833333,0.0,0.0,1.0,0.0,0.0,221,127
2026-10-22 00:06:15.970389,TXNREGIME_B_CROSS_PROCESS0000262,jananibail@okicici,1342.64,3,0,person_to_person,upi_p2p,fit,0,0,0.0,0,0,0,0,,861.3,0.853,4.0,1513.3775,2776.5525,2810.79,19.0,157.35753800749998,0.0,0.0,1.0,19.0,2.0,50,48
2026-10-22 01:45:15.519888,TXNREGIME_B_CROSS_PROCESS0000724,simonsankaran@paytm,264.33,3,1,groceries,upi_p2p,fit,0,0,0.0,0,0,1,0,,93.4,0.961,4.0,894.3525,1837.7414999999996,1938.84,30.0,328.69646124277773,0.0,0.0,0.0,0.0,0.0,256,94
2026-10-22 01:58:03.681378,TXNREGIME_B_CROSS_PROCESS0000126,devikaravi@okicici,2394.08,3,1,other,upi_p2p,fit,0,0,0.0,0,0,0,0,,21.4,0.93,5.0,1507.534,2943.9739999999997,3341.15,34.0,74.74904094305556,0.0,0.0,0.0,29.0,4.0,147,125
2026-10-22 02:36:29.747409,TXNREGIME_B_CROSS_PROCESS0000794,rushildhingra@okicici,980.37,3,2,person_to_person,upi_p2m,fit,0,0,0.0,0,0,0,0,,377.2,0.616,2.0,1308.74,2159.8340000000003,2254.4,29.0,254.26314630055555,0.0,0.0,0.0,0.0,0.0,264,89
2026-10-22 03:01:19.363246,TXNREGIME_B_CROSS_PROCESS0001010,yutikasaran@okhdfc,1481.72,3,3,person_to_person,upi_p2p,fit,0,0,0.0,0,0,0,0,,1148.1,0.724,5.0,2068.0,4508.037999999999,5085.61,34.0,139.8046109977778,0.0,0.0,0.0,0.0,0.0,287,114
2026-10-22 04:37:20.890119,TXNREGIME_B_CROSS_PROCESS0000272,rbhasin@okicici,239.64,3,4,food_delivery,upi_p2m,fit,0,0,0.0,0,0,0,0,,90.8,0.933,2.0,1104.7749999999999,1642.1605,1701.87,29.0,260.9505531308333,0.0,0.0,0.0,10.0,1.0,183,61
2026-10-22 04:44:59.646537,TXNREGIME_B_CROSS_PROCESS0000925,borderidhi@okhdfc,1034.72,3,4,recharge,upi_p2p,fit,0,0,0.0,0,0,0,0,,1023.3,0.693,7.0,600.7957142857142,1271.8349999999994,1522.08,14.0,27.835502061944446,0.0,0.0,0.0,12.0,3.0,35,62
2026-10-22 05:51:23.856603,TXNREGIME_B_CROSS_PROCESS0000342,qaurora@paytm,533.56,3,5,e_commerce,upi_p2m,fit,0,0,0.0,0,0,0,0,,427.1,0.867,6.0,788.7166666666667,2296.3775,2823.79,35.0,69.56146591444445,0.0,0.0,0.0,35.0,4.0,234,57
2026-10-22 08:11:55.642978,TXNREGIME_B_CROSS_PROCESS0000128,jbhatti@okhdfc,443.17,3,8,recharge,upi_p2m,fit,0,0,0.0,0,0,0,1,0.5184476824006694,200.4,0.73,5.0,1581.728,2639.778,2675.66,24.0,291.9139042625,0.0,0.0,0.0,18.0,3.0,118,5
2026-10-22 11:33:20.595992,TXNREGIME_B_CROSS_PROCESS0001346,buchchakradhar@paytm,268.01,3,11,groceries,upi_p2p,fit,0,0,0.0,0,0,0,0,,31.4,0.851,1.0,790.39,790.39,790.39,25.0,618.0299484666667,0.0,0.0,0.0,25.0,1.0,100,30
2026-10-22 13:11:09.056200,TXNREGIME_B_CROSS_PROCESS0001190,pmukherjee@okhdfc,1337.4,3,13,e_commerce,upi_p2m,fit,0,0,0.0,0,0,0,0,,252.8,0.854,0.0,0.0,0.0,0.0,0.0,720.0,0.0,0.0,0.0,0.0,0.0,141,28
2026-10-22 13:31:00.427966,TXNREGIME_B_CROSS_PROCESS0000614,gautam10@okhdfc,2857.07,3,13,utility_bill,upi_p2m,fit,0,0,0.0,0,0,0,0,,90.4,0.974,3.0,785.1533333333333,1175.456,1229.52,20.0,420.2557559197222,0.0,0.0,0.0,20.0,2.0,88,37
2026-10-22 14:13:24.648714,TXNREGIME_B_CROSS_PROCESS0001085,prashadprisha@okhdfc,1553.1,3,14,food_delivery,upi_p2p,fit,0,0,0.0,0,0,0,0,,149.0,0.732,16.0,1354.306875,3359.5225,3771.91,35.0,118.02972310277778,0.0,0.0,0.0,0.0,0.0,104,151
2026-10-22 14:17:53.927774,TXNREGIME_B_CROSS_PROCESS0000348,abarman@okicici,1955.3,3,14,e_commerce,upi_p2p,fit,0,0,0.0,0,0,0,0,,267.6,0.87,4.0,605.5425,1425.1554999999996,1588.24,35.0,195.7822487036111,0.0,0.0,0.0,34.0,1.0,325,46
2026-10-22 14:54:15.240085,TXNREGIME_B_CROSS_PROCESS0001279,gaurikavala@okicici,635.54,3,14,food_delivery,upi_p2p,fit,0,0,0.0,0,0,0,0,,309.4,0.868,5.0,2906.65,4761.114,4796.19,18.0,63.96272792166666,0.0,0.0,2.0,18.0,2.0,25,127
2026-10-22 15:09:07.213597,TXNREGIME_B_CROSS_PROCESS0000584,jasmit07@ybl,1410.41,3,15,e_commerce,upi_p2m,fit,0,0,0.0,0,0,0,0,,82.0,0.691,5.0,1396.5,2041.0459999999998,2157.44,34.0,176.43353956055554,0.0,0.0,0.0,0.0,0.0,268,0
2026-10-22 15:45:05.546737,TXNREGIME_B_CROSS_PROCESS0000691,yutikasaran@okhdfc,416.51,3,15,person_to_person,upi_p2m,fit,0,0,0.0,0,0,0,0,,186.2,0.742,8.0,1245.8200000000002,3740.3544999999986,4751.13,31.0,188.63179346944446,0.0,0.0,1.0,31.0,4.0,204,114
2026-10-22 16:28:20.256370,TXNREGIME_B_CROSS_PROCESS0000688,dinvrinda@okicici,1806.37,3,16,food_delivery,upi_p2p,fit,0,0,0.0,0,0,0,0,,572.7,0.76,1.0,688.88,688.88,688.88,6.0,158.36910606111113,0.0,0.0,0.0,6.0,1.0,176,95
2026-10-22 16:47:54.832564,TXNREGIME_B_CROSS_PROCESS0000833,dominic99@oksbi,2177.61,3,16,food_delivery,upi_p2m,fit,0,0,0.0,0,0,0,0,,158.4,0.836,1.0,64.03,64.03,64.03,13.0,318.07322722888887,0.0,0.0,0.0,0.0,0.0,191,59
2026-10-22 18:09:57.764432,TXNREGIME_B_CROSS_PROCESS0001280,owenramesh@oksbi,3002.95,3,18,person_to_person,upi_p2p,fit,0,0,0.0,0,0,0,0,,675.5,0.754,7.0,853.1842857142857,2048.5709999999985,2660.04,33.0,216.49133228305556,0.0,0.0,0.0,12.0,1.0,66,121
2026-10-22 18:21:23.218023,TXNREGIME_B_CROSS_PROCESS0000194,borderidhi@okhdfc,233.06,3,18,groceries,upi_p2p,fit,0,0,0.0,0,0,0,1,4.052594965024604,109.4,0.636,8.0,655.03625,1351.5039999999997,1522.08,14.0,13.606547635,0.0,1.0,1.0,13.0,4.0,35,62
2026-10-22 19:17:43.939855,TXNREGIME_B_CROSS_PROCESS0001407,fmodi@okhdfc,922.72,3,19,person_to_person,upi_p2p,fit,0,0,0.0,0,0,0,0,,77.5,0.94,3.0,1366.8733333333332,2219.578,2280.57,28.0,524.8367165055555,0.0,0.0,0.0,28.0,1.0,228,91
2026-10-22 19:45:59.416616,TXNREGIME_B_CROSS_PROCESS0000445,nimratdayal@oksbi,747.87,3,19,recharge,upi_p2p,fit,0,0,0.0,0,0,0,0,,269.6,0.815,9.0,1744.1822222222222,4853.493999999999,6087.29,26.0,101.51969262277777,0.0,0.0,0.0,0.0,0.0,196,104
2026-10-22 19:58:02.160584,TXNREGIME_B_CROSS_PROCESS0001219,liambhargava@okhdfc,506.78,3,19,person_to_person,upi_p2p,fit,0,0,2.3,0,0,0,0,,1172.6,0.863,1.0,889.98,889.98,889.98,6.0,156.13945696888888,0.0,0.0,0.0,6.0,1.0,74,84
2026-10-22 20:11:53.084120,TXNREGIME_B_CROSS_PROCESS0000735,pingleviraj@oksbi,801.58,3,20,person_to_person,upi_autopay,fit,0,0,0.0,0,0,0,0,,250.4,0.845,7.0,1696.7085714285715,5013.067999999998,5701.64,19.0,71.79297183861111,0.0,0.0,0.0,10.0,4.0,157,17
2026-10-22 20:33:53.109419,TXNREGIME_B_CROSS_PROCESS0000299,lpatla@ybl,928.98,3,20,utility_bill,upi_p2p,fit,0,0,0.0,0,0,1,0,,39.5,0.97,1.0,211.29,211.29,211.29,28.0,689.2556187002778,0.0,0.0,0.0,0.0,0.0,181,26
2026-10-22 21:37:23.769956,TXNREGIME_B_CROSS_PROCESS0000705,devikaravi@okicici,1934.23,3,21,food_delivery,upi_p2m,fit,0,0,0.0,0,0,0,0,,108.0,0.836,6.0,1520.0533333333333,4130.125,4952.96,26.0,92.27939474666667,0.0,0.0,1.0,0.0,0.0,327,125
2026-10-22 21:39:28.516235,TXNREGIME_B_CROSS_PROCESS0000324,qaurora@paytm,1761.62,3,21,e_commerce,upi_p2m,fit,0,0,0.0,0,0,0,0,,204.1,0.924,17.0,1366.0005882352941,3332.0299999999997,3771.91,36.0,7.4344076447222225,0.0,1.0,1.0,36.0,3.0,104,57
2026-10-22 23:00:14.108037,TXNREGIME_B_CROSS_PROCESS0001438,lpatla@ybl,1296.07,3,23,recharge,upi_p2m,fit,0,0,0.0,0,0,0,0,,379.7,0.921,7.0,989.8628571428571,2447.3899999999994,2594.06,37.0,581.9184579936111,0.0,0.0,1.0,0.0,0.0,121,26
2026-10-23 01:24:55.939342,TXNREGIME_B_CROSS_PROCESS0000214,qaurora@paytm,368.33,4,1,groceries,upi_p2m,fit,0,0,0.0,0,0,0,0,,105.2,0.87,7.0,752.2657142857142,2190.8949999999986,2823.79,36.0,19.558911871944446,0.0,1.0,2.0,36.0,5.0,234,57
2026-10-23 03:49:54.422803,TXNREGIME_B_CROSS_PROCESS0000632,yutikasaran@okhdfc,393.58,4,3,food_delivery,upi_p2m,fit,0,0,0.0,0,0,0,0,,109.5,0.888,4.0,1033.49,2276.261499999999,2550.37,24.0,54.43293429222222,0.0,0.0,1.0,0.0,0.0,225,114
2026-10-23 04:17:14.049702,TXNREGIME_B_CROSS_PROCESS0001174,gautam10@okhdfc,1537.71,4,4,recharge,upi_p2p,fit,0,0,0.0,0,0,0,1,8.672165346421679,257.9,0.783,10.0,1644.551,4699.269499999997,6087.29,27.0,8.520731412777778,0.0,1.0,1.0,27.0,7.0,196,37
2026-10-23 08:06:55.024085,TXNREGIME_B_CROSS_PROCESS0000711,bkumar@ybl,1170.87,4,8,recharge,upi_p2m,fit,0,0,0.0,0,0,0,0,,156.0,0.783,3.0,17252.13666666667,45106.95,50000.0,28.0,174.57688220833333,0.0,0.0,0.0,28.0,3.0,302,120
2026-10-23 08:09:41.664588,TXNREGIME_B_CROSS_PROCESS0000505,balendra71@paytm,177.03,4,8,person_to_person,upi_p2p,fit,0,0,0.0,0,0,0,0,,742.3,0.89,2.0,2432.6099999999997,2598.687,2617.14,25.0,204.7156448611111,0.0,0.0,0.0,0.0,0.0,300,33
2026-10-23 08:30:02.525742,TXNREGIME_B_CROSS_PROCESS0000249,hrao@okicici,603.65,4,8,e_commerce,upi_p2p,fit,0,0,3.0,0,0,0,0,,107.0,0.637,2.0,530.73,632.466,643.77,21.0,152.81408865333333,0.0,0.0,0.0,0.0,0.0,148,106
2026-10-23 08:39:31.411831,TXNREGIME_B_CROSS_PROCESS0001310,rushildhingra@okicici,709.15,4,8,e_commerce,upi_p2m,fit,0,0,0.0,0,0,0,0,,234.0,0.896,9.0,1756.1122222222223,5123.871999999999,6179.34,36.0,38.803693995555555,0.0,0.0,0.0,36.0,2.0,94,89
2026-10-23 09:35:06.664624,TXNREGIME_B_CROSS_PROCESS0001373,prashadprisha@okhdfc,1259.98,4,9,recharge,upi_p2m,fit,0,0,0.0,0,0,0,0,,133.6,0.831,2.0,376.895,641.3824999999999,670.77,27.0,296.8472000313889,0.0,0.0,1.0,0.0,0.0,332,151
2026-10-23 10:25:10.590359,TXNREGIME_B_CROSS_PROCESS0000697,wbedi@oksbi,1106.68,4,10,food_delivery,upi_p2p,fit,0,0,0.0,0,0,0,0,,158.4,0.743,2.0,5000.705,8191.677499999999,8546.23,20.0,323.5664723372222,0.0,0.0,0.0,0.0,0.0,82,40
2026-10-23 11:00:07.766701,TXNREGIME_B_CROSS_PROCESS0000492,pranit53@okicici,1526.97,4,11,e_commerce,upi_p2m,fit,0,0,0.0,0,0,0,0,,71.3,0.882,5.0,797.688,1671.156,1843.41,33.0,195.14262976472222,0.0,0.0,0.0,0.0,0.0,124,38
2026-10-23 12:00:36.365533,TXNREGIME_B_CROSS_PROCESS0000787,vrittimallick@okhdfc,296.31,4,12,groceries,upi_p2m,fit,0,0,0.0,0,0,0,0,,773.8,0.707,11.0,1634.838181818182,4545.045,6087.29,27.0,7.722865508611111,0.0,2.0,0.0,0.0,0.0,196,115
2026-10-23 12:18:47.688957,TXNREGIME_B_CROSS_PROCESS0000618,dinvrinda@okicici,2808.73,4,12,e_commerce,upi_p2m,fit,0,0,0.4,0,0,0,0,,553.6,0.778,2.0,1247.625,1750.4954999999995,1806.37,7.0,19.840953496388888,0.0,1.0,1.0,7.0,2.0,176,95
2026-10-23 12:53:24.096375,TXNREGIME_B_CROSS_PROCESS0000981,aishani60@ybl,550.88,4,12,recharge,upi_p2m,fit,0,0,0.0,0,0,0,0,,584.7,0.703,7.0,1734.9885714285715,4581.8269999999975,5631.65,23.0,69.6046273525,0.0,0.0,0.0,23.0,7.0,274,47
2026-10-23 13:07:28.596309,TXNREGIME_B_CROSS_PROCESS0001352,nimratdayal@oksbi,2170.83,4,13,food_delivery,upi_p2p,fit,0,0,0.0,0,0,0,0,,160.1,0.887,4.0,1191.2975,1684.6670000000001,1686.68,36.0,327.0756286988889,0.0,0.0,1.0,36.0,1.0,83,104
2026-10-23 13:22:07.754998,TXNREGIME_B_CROSS_PROCESS0000768,ychoudhury@okhdfc,511.55,4,13,recharge,upi_p2p,fit,0,0,0.0,0,0,0,0,,255.4,0.941,8.0,1121.905,2882.9314999999997,3002.95,34.0,19.20277515722222,0.0,1.0,0.0,26.0,4.0,66,11
2026-10-23 14:48:43.369134,TXNREGIME_B_CROSS_PROCESS0000822,natarajantamanna@oksbi,1419.32,4,14,food_delivery,upi_p2p,fit,0,0,0.0,0,0,0,0,,93.0,0.875,8.0,1028.13875,2422.9449999999997,2594.06,37.0,15.808128082500001,0.0,1.0,0.0,0.0,0.0,121,93
2026-10-23 15:00:25.895235,TXNREGIME_B_CROSS_PROCESS0001209,clanka@okicici,1325.57,4,15,utility_bill,upi_p2m,fit,0,0,0.0,0,0,0,0,,172.7,0.667,5.0,1990.83,4377.939999999999,5051.7,38.0,120.13678451194444,0.0,0.0,0.0,0.0,0.0,216,80
2026-10-23 16:25:56.728067,TXNREGIME_B_CROSS_PROCESS0001192,aayush79@okicici,1276.9,4,16,e_commerce,upi_p2m,fit,1,0,0.0,0,0,0,0,,29.5,0.647,3.0,1566.07,2291.105,2359.32,18.0,62.37638397916666,0.0,0.0,0.0,0.0,0.0,199,113
2026-10-23 16:38:50.355945,TXNREGIME_B_CROSS_PROCESS0001318,gaurikavala@okicici,449.39,4,16,person_to_person,upi_autopay,fit,0,1,1.3,0,0,0,0,,93.0,0.923,7.0,697.1742857142857,1246.0019999999997,1317.84,37.0,70.14499234888889,0.0,0.0,0.0,37.0,3.0,301,127
2026-10-23 18:27:43.192797,TXNREGIME_B_CROSS_PROCESS0000092,qtalwar@oksbi,1768.73,4,18,e_commerce,upi_p2m,fit,0,0,0.0,0,0,0,0,,296.2,0.993,3.0,2152.34,4386.111,4778.14,28.0,539.8748665936112,0.0,0.0,0.0,27.0,2.0,207,137
2026-10-23 19:09:54.259548,TXNREGIME_B_CROSS_PROCESS0000780,chackohitesh@okhdfc,1315.3,4,19,e_commerce,upi_p2p,fit,0,0,0.0,0,0,0,0,,627.8,0.928,9.0,2002.6844444444444,4188.023999999999,4935.64,35.0,142.61809909972223,0.0,0.0,0.0,7.0,1.0,307,124
2026-10-23 19:28:47.256005,TXNREGIME_B_CROSS_PROCESS0000665,choudhuryhenry@okicici,665.93,4,19,e_commerce,upi_p2p,fit,0,0,0.0,0,0,0,0,,81.6,0.843,3.0,1145.8300000000002,2293.0609999999997,2477.03,35.0,307.7231022433333,0.0,0.0,0.0,15.0,1.0,134,53
2026-10-23 20:01:45.432197,TXNREGIME_B_CROSS_PROCESS0000406,narasimhanarunima@okhdfc,4030.88,4,20,utility_bill,upi_p2p,fit,0,0,1.8,0,0,0,0,,15.1,0.154,3.0,671.2566666666667,1201.059,1259.98,27.0,10.44410210361111,0.0,1.0,0.0,0.0,0.0,332,164
2026-10-23 20:53:40.786640,TXNREGIME_B_CROSS_PROCESS0001427,qvala@oksbi,266.86,4,20,travel,upi_p2p,fit,0,0,0.0,0,0,0,0,,49.5,0.878,4.0,2753.3549999999996,5553.520999999999,5809.19,35.0,101.69737342333333,0.0,0.0,0.0,0.0,0.0,214,161
2026-10-23 21:34:36.633830,TXNREGIME_B_CROSS_PROCESS0001484,samraneelima@ybl,88.91,4,21,other,upi_p2p,fit,1,0,0.0,0,0,0,0,,86.3,0.5,1.0,1106.62,1106.62,1106.62,2.0,58.41189817888888,0.0,0.0,0.0,2.0,1.0,266,128
2026-10-23 22:25:47.500863,TXNREGIME_B_CROSS_PROCESS0000516,qdar@oksbi,1039.09,4,22,groceries,upi_p2m,fit,0,0,0.0,0,0,0,0,,306.9,0.805,6.0,2552.07,7915.66,10042.44,35.0,220.5389046147222,0.0,0.0,0.0,0.0,0.0,149,1
2026-10-23 22:35:11.972904,TXNREGIME_B_CROSS_PROCESS0000726,bkumar@ybl,1057.83,4,22,food_delivery,upi_p2p,fit,0,0,0.0,0,0,0,0,,704.9,0.822,4.0,13231.82,42675.630499999985,50000.0,28.0,14.471374671944444,0.0,1.0,1.0,28.0,4.0,302,120
2026-10-23 23:19:01.852843,TXNREGIME_B_CROSS_PROCESS0001492,simonsankaran@paytm,898.19,4,23,groceries,upi_p2m,fit,0,0,0.0,0,0,0,0,,73.6,0.988,6.0,2668.1766666666663,8782.2075,10652.71,37.0,79.99008208416666,0.0,0.0,0.0,23.0,1.0,57,94
2026-10-23 23:56:10.248207,TXNREGIME_B_CROSS_PROCESS0000449,lucky21@okicici,982.89,4,23,e_commerce,upi_p2m,fit,0,0,0.0,0,0,0,0,,280.9,0.845,1.0,681.88,681.88,681.88,20.0,493.15030820749996,0.0,0.0,0.0,20.0,1.0,296,25
2026-10-23 23:58:33.600000,TXNREGIME_B_CROSS_PROCESS0000939,zilmilmalhotra@okicici,638.06,4,23,groceries,upi_p2m,fit,0,0,0.0,0,0,0,0,,334.5,0.833,8.0,2481.04375,6522.200499999999,7673.27,35.0,176.54889166499999,0.0,0.0,0.0,31.0,2.0,278,31
2026-10-23 23:58:33.600000,TXNREGIME_B_CROSS_PROCESS0001294,noah04@paytm,1700.51,4,23,food_delivery,upi_p2m,fit,0,0,0.0,0,0,0,0,,183.6,0.893,3.0,1241.2733333333333,1743.155,1755.28,36.0,194.65575951972224,0.0,0.0,0.0,36.0,2.0,182,8
2026-10-23 23:58:33.600000,TXNREGIME_B_CROSS_PROCESS0000022,aachal41@okicici,1099.63,4,23,person_to_person,upi_p2p,fit,0,0,0.0,0,0,0,0,,36.7,0.802,4.0,454.4675,700.6954999999998,746.66,27.0,172.7969975188889,0.0,0.0,0.0,27.0,2.0,44,70
2026-10-23 23:58:33.600000,TXNREGIME_B_CROSS_PROCESS0001335,aravi@okicici,776.02,4,23,recharge,upi_p2p,fit,0,1,6.7,0,0,0,0,,184.5,0.941,3.0,1271.84,1889.848,1898.03,22.0,195.3939561486111,0.0,0.0,0.0,8.0,1.0,312,2
2026-10-23 23:58:33.600000,TXNREGIME_B_CROSS_PROCESS0000469,tanveermand@oksbi,198.62,4,23,recharge,upi_p2p,fit,0,0,0.0,0,0,0,1,1.8318099319843437,15.0,0.033,2.0,1581.8500000000001,2601.523,2714.82,32.0,239.39696505722222,0.0,0.0,0.0,0.0,0.0,179,163
2026-10-23 23:58:33.600000,TXNREGIME_B_CROSS_PROCESS0001234,aayush79@okicici,68.27,4,23,recharge,upi_p2m,fit,0,0,0.0,0,0,0,0,,99.1,0.921,5.0,1325.962,2018.1099999999997,2146.16,28.0,180.20816668722222,0.0,0.0,1.0,0.0,0.0,206,113
2026-10-23 23:58:33.600000,TXNREGIME_B_CROSS_PROCESS0001394,abarman@okicici,8212.15,4,23,other,upi_p2p,fit,0,0,0.0,0,0,0,0,,50.7,0.855,8.0,982.6675,2726.437,2933.63,31.0,185.33411534666666,0.0,0.0,0.0,23.0,2.0,130,46
2026-10-23 23:58:33.600000,TXNREGIME_B_CROSS_PROCESS0000600,omkaar75@ybl,253.31,4,23,travel,upi_p2p,fit,0,0,0.0,0,0,0,0,,577.6,0.941,8.0,1050.4625,2869.7209999999995,3109.52,35.0,194.65273171166666,0.0,0.0,0.0,33.0,2.0,211,55
2026-10-23 23:58:33.600000,TXNREGIME_B_CROSS_PROCESS0000842,balendra71@paytm,3148.59,4,23,utility_bill,upi_p2m,fit,0,0,0.0,0,0,1,0,,201.7,0.928,3.0,1680.75,2580.234,2617.14,26.0,15.814426503333333,0.0,1.0,1.0,0.0,1.0,300,33
2026-10-23 23:58:33.600000,TXNREGIME_B_CROSS_PROCESS0000895,mannandevansh@oksbi,3836.45,4,23,food_delivery,upi_p2m,fit,0,0,0.8,0,0,0,0,,372.7,0.766,8.0,1374.4299999999998,3309.990499999999,3866.69,37.0,134.03132030722222,0.0,0.0,0.0,37.0,6.0,85,7
2026-10-23 23:58:33.600000,TXNREGIME_B_CROSS_PROCESS0001092,shravya63@okhdfc,2632.65,4,23,person_to_person,upi_autopay,fit,0,0,0.0,0,0,0,0,,947.9,0.786,5.0,3564.782,8089.699999999999,8902.89,38.0,105.62720513388889,0.0,0.0,0.0,38.0,5.0,253,123
2026-10-23 23:58:33.600000,TXNREGIME_B_CROSS_PROCESS0000878,parth82@oksbi,1497.67,4,23,e_commerce,upi_p2p,fit,0,0,0.0,0,0,0,0,,178.0,0.317,4.0,535.335,1081.1589999999997,1194.7,35.0,173.65583049444442,0.0,0.0,0.0,0.0,0.0,31,153
2026-10-24 10:15:43.002382,TXNREGIME_B_CROSS_PROCESS0000879,psaxena@okicici,543.87,5,10,person_to_person,upi_p2p,dev,0,0,0.0,0,0,0,0,,76.8,0.979,0.0,0.0,0.0,0.0,0.0,720.0,0.0,0.0,0.0,0.0,0.0,290,34
2026-10-24 12:28:48.687437,TXNREGIME_B_CROSS_PROCESS0000275,sanghviyashvi@ybl,1132.89,5,12,e_commerce,upi_p2m,dev,0,0,0.0,0,0,0,0,,591.8,0.755,0.0,0.0,0.0,0.0,0.0,720.0,0.0,0.0,0.0,0.0,0.0,0,140
2026-10-24 13:26:25.495663,TXNREGIME_B_CROSS_PROCESS0000862,lallaamara@oksbi,318.18,5,13,recharge,upi_p2m,dev,0,0,0.0,0,0,0,0,,387.8,0.816,0.0,0.0,0.0,0.0,0.0,720.0,0.0,0.0,0.0,0.0,0.0,201,77
2026-10-24 16:22:30.438712,TXNREGIME_B_CROSS_PROCESS0000976,lallaamara@oksbi,282.48,5,16,e_commerce,upi_p2m,dev,0,0,0.0,1,0,0,0,,261.0,0.859,0.0,0.0,0.0,0.0,0.0,720.0,0.0,0.0,1.0,0.0,0.0,41,77
2026-10-24 17:43:12.026779,TXNREGIME_B_CROSS_PROCESS0000330,wapte@paytm,265.85,5,17,groceries,upi_p2p,dev,0,0,0.0,0,0,0,0,,183.8,0.563,0.0,0.0,0.0,0.0,0.0,720.0,0.0,0.0,0.0,0.0,0.0,322,156
2026-10-24 19:47:38.988354,TXNREGIME_B_CROSS_PROCESS0001339,obansal@ybl,715.48,5,19,other,upi_p2p,dev,0,0,0.0,0,0,0,0,,51.3,0.955,0.0,0.0,0.0,0.0,0.0,720.0,0.0,0.0,0.0,0.0,0.0,4,60
2026-10-24 19:56:55.483568,TXNREGIME_B_CROSS_PROCESS0000105,varshachokshi@oksbi,1733.94,5,19,e_commerce,upi_p2m,dev,0,0,0.0,0,0,1,0,,195.6,0.646,0.0,0.0,0.0,0.0,0.0,720.0,0.0,0.0,0.0,0.0,0.0,205,14
2026-10-24 20:20:51.800124,TXNREGIME_B_CROSS_PROCESS0000425,sanghviyashvi@ybl,867.25,5,20,e_commerce,upi_p2m,dev,0,0,0.0,0,0,0,0,,98.3,0.988,1.0,1132.89,1132.89,1132.89,0.0,7.867531301944445,0.0,1.0,1.0,0.0,1.0,0,140
2026-10-24 21:49:43.187207,TXNREGIME_B_CROSS_PROCESS0000797,vincentkalla@oksbi,428.51,5,21,food_delivery,upi_p2p,dev,0,0,0.0,0,0,0,0,,678.7,0.912,0.0,0.0,0.0,0.0,0.0,720.0,0.0,0.0,0.0,0.0,0.0,188,118
2026-10-24 22:46:57.786774,TXNREGIME_B_CROSS_PROCESS0000440,yauvanibala@okhdfc,289.08,5,22,person_to_person,upi_p2p,dev,0,0,0.0,0,0,0,0,,684.5,0.785,1.0,1733.94,1733.94,1733.94,0.0,2.833973112777778,0.0,1.0,0.0,0.0,0.0,205,45
2026-10-24 22:55:52.541296,TXNREGIME_B_CROSS_PROCESS0000433,eswaminathan@okhdfc,1239.26,5,22,e_commerce,upi_p2p,dev,0,0,0.0,0,0,0,0,,46.7,0.878,0.0,0.0,0.0,0.0,0.0,720.0,0.0,0.0,0.0,0.0,0.0,3,43
2026-10-25 00:28:55.812644,TXNREGIME_B_CROSS_PROCESS0000541,varshachokshi@oksbi,1063.32,6,0,e_commerce,upi_p2m,dev,0,0,0.0,0,0,0,0,,320.8,0.941,0.0,0.0,0.0,0.0,0.0,720.0,0.0,0.0,1.0,0.0,0.0,120,14
2026-10-25 00:41:15.733777,TXNREGIME_B_CROSS_PROCESS0000376,nathanielghosh@okicici,778.34,6,0,person_to_person,upi_p2p,dev,0,0,0.0,0,0,0,0,,89.1,0.871,0.0,0.0,0.0,0.0,0.0,720.0,0.0,0.0,0.0,0.0,0.0,17,145
2026-10-25 01:59:54.550225,TXNREGIME_B_CROSS_PROCESS0001097,sanghviyashvi@ybl,920.84,6,1,person_to_person,upi_p2m,dev,0,0,0.0,0,0,0,0,,587.4,0.948,0.0,0.0,0.0,0.0,0.0,720.0,0.0,0.0,2.0,0.0,0.0,96,140
2026-10-25 03:55:16.159030,TXNREGIME_B_CROSS_PROCESS0001290,varshachokshi@oksbi,2381.66,6,3,person_to_person,upi_p2p,dev,0,0,0.0,0,0,0,0,,25.1,0.798,0.0,0.0,0.0,0.0,0.0,720.0,0.0,0.0,2.0,0.0,0.0,24,14
2026-10-25 04:05:15.068134,TXNREGIME_B_CROSS_PROCESS0001469,wapte@paytm,220.78,6,4,groceries,upi_p2p,dev,0,0,0.0,0,0,0,0,,80.4,0.56,1.0,543.87,543.87,543.87,0.0,17.82557382,0.0,1.0,1.0,0.0,0.0,290,156
2026-10-25 04:50:06.168508,TXNREGIME_B_CROSS_PROCESS0001293,lallaamara@oksbi,1137.05,6,4,utility_bill,upi_p2p,dev,0,0,0.0,0,0,1,0,,39.3,0.698,1.0,318.18,318.18,318.18,0.0,15.394631345833334,0.0,1.0,2.0,0.0,1.0,201,77
2026-10-25 07:19:27.106008,TXNREGIME_B_CROSS_PROCESS0000568,eswaminathan@okhdfc,4969.9,6,7,person_to_person,upi_p2m,dev,0,0,0.0,0,0,0,0,,50.2,0.829,1.0,1239.26,1239.26,1239.26,0.0,8.392934642222222,0.0,1.0,1.0,0.0,1.0,3,43
2026-10-25 07:47:32.552359,TXNREGIME_B_CROSS_PROCESS0000271,yauvanibala@okhdfc,268.0,6,7,recharge,upi_p2p,dev,0,0,0.0,0,0,0,0,,889.3,0.718,0.0,0.0,0.0,0.0,0.0,720.0,0.0,0.0,1.0,0.0,0.0,45,45
2026-10-25 09:10:16.270576,TXNREGIME_B_CROSS_PROCESS0000161,vincentkalla@oksbi,698.61,6,9,person_to_person,upi_p2m,dev,0,0,0.0,0,0,0,0,,605.0,0.817,0.0,0.0,0.0,0.0,0.0,720.0,0.0,0.0,1.0,0.0,0.0,5,118
2026-10-25 09:27:58.472762,TXNREGIME_B_CROSS_PROCESS0000595,balakrishnanmegha@okhdfc,126.14,6,9,e_commerce,upi_p2p,dev,0,0,0.0,0,0,0,0,,41.1,0.988,0.0,0.0,0.0,0.0,0.0,720.0,0.0,0.0,0.0,0.0,0.0,154,148
2026-10-25 10:03:20.298853,TXNREGIME_B_CROSS_PROCESS0000102,theodore82@ybl,2965.61,6,10,groceries,upi_p2p,dev,0,0,0.0,0,0,0,0,,137.4,0.72,0.0,0.0,0.0,0.0,0.0,720.0,0.0,0.0,0.0,0.0,0.0,190,138
2026-10-25 10:47:37.356279,TXNREGIME_B_CROSS_PROCESS0001277,vermadarika@okhdfc,3480.44,6,10,food_delivery,upi_p2m,dev,0,0,0.0,0,0,0,0,,88.4,0.875,0.0,0.0,0.0,0.0,0.0,720.0,0.0,0.0,0.0,0.0,0.0,86,64
2026-10-25 11:23:13.795400,TXNREGIME_B_CROSS_PROCESS0001272,eswaminathan@okhdfc,449.35,6,11,other,upi_p2p,dev,0,0,0.0,0,0,0,0,,219.9,0.647,2.0,3104.58,4783.3679999999995,4969.9,0.0,4.062969275555556,0.0,2.0,2.0,0.0,2.0,3,43
2026-10-25 11:30:42.786279,TXNREGIME_B_CROSS_PROCESS0000042,vermadarika@okhdfc,1191.08,6,11,person_to_person,upi_p2m,dev,0,0,0.0,0,0,0,0,,106.2,0.763,0.0,0.0,0.0,0.0,0.0,720.0,0.0,0.0,1.0,0.0,0.0,245,64
2026-10-25 11:32:35.057692,TXNREGIME_B_CROSS_PROCESS0000173,yauvanibala@okhdfc,2206.69,6,11,food_delivery,upi_p2p,dev,0,0,0.0,0,0,0,0,,446.7,0.834,0.0,0.0,0.0,0.0,0.0,720.0,0.0,0.0,2.0,0.0,0.0,315,45
2026-10-25 11:51:55.559934,TXNREGIME_B_CROSS_PROCESS0000180,theodore82@ybl,152.02,6,11,utility_bill,upi_autopay,dev,0,0,0.0,0,0,0,0,,20.2,0.951,0.0,0.0,0.0,0.0,0.0,720.0,0.0,0.0,1.0,0.0,0.0,93,138
2026-10-25 11:54:44.763731,TXNREGIME_B_CROSS_PROCESS0000123,nathanielghosh@okicici,1041.74,6,11,other,upi_p2p,dev,0,0,0.0,0,0,0,0,,943.4,0.564,1.0,778.34,778.34,778.34,0.0,11.224730542777777,0.0,1.0,1.0,0.0,1.0,17,145
2026-10-25 12:03:44.083457,TXNREGIME_B_CROSS_PROCESS0000487,dalajachand@okicici,553.6,6,12,recharge,upi_p2p,dev,0,0,0.0,0,0,0,0,,284.7,0.825,1.0,920.84,920.84,920.84,0.0,10.063759231111112,0.0,1.0,0.0,0.0,0.0,96,9
2026-10-25 12:23:11.393785,TXNREGIME_B_CROSS_PROCESS0001392,vermadarika@okhdfc,1613.86,6,12,recharge,upi_p2m,dev,0,0,0.0,0,0,0,0,,149.6,0.797,0.0,0.0,0.0,0.0,0.0,720.0,0.0,0.0,2.0,0.0,0.0,167,64
2026-10-25 14:15:46.667638,TXNREGIME_B_CROSS_PROCESS0000826,yauvanibala@okhdfc,649.3,6,14,groceries,upi_p2p,dev,0,0,0.0,0,0,0,0,,354.5,0.791,1.0,698.61,698.61,698.61,0.0,5.091776961666667,0.0,1.0,3.0,0.0,0.0,5,45
2026-10-25 17:35:11.366916,TXNREGIME_B_CROSS_PROCESS0000390,manbir29@ybl,266.75,6,17,other,upi_p2p,dev,0,0,0.0,0,0,0,0,,87.2,0.95,0.0,0.0,0.0,0.0,0.0,720.0,0.0,0.0,0.0,0.0,0.0,323,65
2026-10-25 17:51:42.309609,TXNREGIME_B_CROSS_PROCESS0001311,varshachokshi@oksbi,770.56,6,17,travel,upi_p2m,dev,0,0,0.0,0,1,0,0,,29.5,0.817,1.0,1063.32,1063.32,1063.32,0.0,17.379582490277777,0.0,1.0,3.0,0.0,1.0,120,14
2026-10-25 17:52:27.028093,TXNREGIME_B_CROSS_PROCESS0000181,lallaamara@oksbi,849.73,6,17,groceries,upi_p2p,dev,0,0,0.0,0,0,0,0,,71.3,0.484,1.0,126.14,126.14,126.14,0.0,8.407932036388889,0.0,1.0,1.0,0.0,0.0,154,77
2026-10-25 19:50:50.723895,TXNREGIME_B_CROSS_PROCESS0001456,dalajachand@okicici,919.82,6,19,utility_bill,upi_p2p,dev,0,0,0.0,0,0,0,0,,363.7,0.98,1.0,266.75,266.75,266.75,0.0,2.2609324941666666,0.0,1.0,1.0,0.0,0.0,323,9
2026-10-25 22:14:04.834855,TXNREGIME_B_CROSS_PROCESS0000995,lallaamara@oksbi,2288.86,6,22,groceries,upi_p2p,dev,0,0,0.0,0,0,0,0,,77.6,0.689,0.0,0.0,0.0,0.0,0.0,720.0,0.0,0.0,2.0,0.0,0.0,55,77
2026-10-25 23:36:09.343923,TXNREGIME_B_CROSS_PROCESS0000429,obansal@ybl,713.62,6,23,utility_bill,upi_p2p,dev,0,1,4.8,0,0,0,0,,199.8,0.905,0.0,0.0,0.0,0.0,0.0,720.0,0.0,0.0,0.0,0.0,0.0,16,60
2026-10-26 00:42:29.423994,TXNREGIME_B_CROSS_PROCESS0001043,eswaminathan@okhdfc,502.93,0,0,other,upi_p2p,dev,0,0,0.0,0,0,0,0,,27.0,0.848,3.0,2219.5033333333336,4596.835999999999,4969.9,1.0,13.321007942777777,0.0,2.0,2.0,1.0,3.0,3,43
2026-10-26 02:04:21.021667,TXNREGIME_B_CROSS_PROCESS0000810,groverubika@paytm,752.2,0,2,utility_bill,upi_p2p,dev,0,0,0.0,0,0,0,0,,1787.5,0.827,2.0,382.325,527.7155,543.87,1.0,21.984987092500003,0.0,1.0,0.0,0.0,0.0,290,142
2026-10-26 02:17:49.527036,TXNREGIME_B_CROSS_PROCESS0001091,nathanielghosh@okicici,841.08,0,2,groceries,upi_p2p,dev,0,0,0.0,0,0,0,0,,470.8,0.717,0.0,0.0,0.0,0.0,0.0,720.0,0.0,0.0,1.0,0.0,0.0,114,145
2026-10-26 03:59:17.051319,TXNREGIME_B_CROSS_PROCESS0001084,obansal@ybl,3511.56,0,3,person_to_person,upi_p2p,dev,0,0,0.0,0,0,0,0,,101.6,0.928,0.0,0.0,0.0,0.0,0.0,720.0,0.0,0.0,1.0,0.0,0.0,316,60
2026-10-26 05:58:13.955444,TXNREGIME_B_CROSS_PROCESS0000477,sanghviyashvi@ybl,12744.49,0,5,utility_bill,upi_autopay,dev,0,0,0.0,0,0,0,1,19.047149844856214,109.3,0.746,2.0,737.22,902.4780000000001,920.84,1.0,17.908297774166666,0.0,1.0,0.0,1.0,1.0,96,140
2026-10-26 07:31:17.118782,TXNREGIME_B_CROSS_PROCESS0000436,varshachokshi@oksbi,979.98,0,7,groceries,upi_p2p,dev,0,0,0.0,0,0,0,0,,511.4,0.793,1.0,715.48,715.48,715.48,1.0,35.72725845222222,0.0,0.0,1.0,0.0,0.0,4,14
2026-10-26 07:31:59.767521,TXNREGIME_B_CROSS_PROCESS0000718,lallaamara@oksbi,734.12,0,7,food_delivery,upi_p2m,dev,0,0,0.0,0,0,0,0,,183.4,0.966,1.0,282.48,282.48,282.48,1.0,39.15814689138889,0.0,0.0,2.0,1.0,1.0,41,77
2026-10-26 08:14:58.546290,TXNREGIME_B_CROSS_PROCESS0000462,yauvanibala@okhdfc,233.86,0,8,groceries,upi_p2p,dev,0,0,0.0,0,0,0,1,6.089385748848479,27.6,0.488,0.0,0.0,0.0,0.0,0.0,720.0,0.0,0.0,2.0,0.0,0.0,339,45
2026-10-26 08:40:25.924189,TXNREGIME_B_CROSS_PROCESS0000891,yagnesh08@ybl,1068.06,0,8,utility_bill,upi_p2p,dev,0,0,0.0,1,0,0,0,,4.7,0.404,0.0,0.0,0.0,0.0,0.0,720.0,0.0,0.0,0.0,0.0,0.0,78,166
2026-10-26 10:32:50.459605,TXNREGIME_B_CROSS_PROCESS0001418,lallaamara@oksbi,5606.66,0,10,other,upi_p2m,dev,0,0,0.3,0,0,0,0,,743.7,0.766,0.0,0.0,0.0,0.0,0.0,720.0,0.0,0.0,3.0,0.0,0.0,34,77
2026-10-26 10:34:36.408995,TXNREGIME_B_CROSS_PROCESS0000027,vincentkalla@oksbi,1633.68,0,10,travel,upi_p2p,dev,0,0,0.0,0,0,0,1,1.30463623995198,185.2,0.607,1.0,428.51,428.51,428.51,1.0,36.74811716333333,0.0,0.0,0.0,1.0,1.0,188,118
2026-10-26 10:59:16.680008,TXNREGIME_B_CROSS_PROCESS0000964,zhans@oksbi,274.2,0,10,person_to_person,upi_p2m,dev,0,0,0.0,0,0,0,0,,141.0,0.89,2.0,673.9549999999999,696.1445,698.61,1.0,20.72500343611111,0.0,1.0,0.0,0.0,0.0,5,4
2026-10-26 11:58:52.056850,TXNREGIME_B_CROSS_PROCESS0000447,psaxena@okicici,635.6,0,11,groceries,upi_p2m,dev,0,0,0.0,0,0,0,0,,76.4,0.998,0.0,0.0,0.0,0.0,0.0,720.0,0.0,0.0,0.0,0.0,0.0,23,34
2026-10-26 12:59:40.400219,TXNREGIME_B_CROSS_PROCESS0001409,groverubika@paytm,49794.67,0,12,utility_bill,upi_p2p,dev,0,0,0.0,0,0,0,0,,381.4,0.623,2.0,508.3,711.538,734.12,1.0,5.461286860555556,0.0,1.0,1.0,0.0,0.0,41,142
2026-10-26 17:10:03.622058,TXNREGIME_B_CROSS_PROCESS0000428,nathanielghosh@okicici,5258.79,0,17,groceries,upi_p2p,dev,0,0,0.0,0,0,0,0,,30.8,0.775,2.0,910.04,1028.57,1041.74,1.0,29.255238424166667,0.0,0.0,1.0,1.0,2.0,17,145
2026-10-26 17:47:15.879865,TXNREGIME_B_CROSS_PROCESS0000747,zhans@oksbi,2273.12,0,17,food_delivery,upi_p2p,dev,0,0,0.0,0,0,0,0,,321.4,0.926,1.0,152.02,152.02,152.02,1.0,29.922311091944447,0.0,0.0,1.0,0.0,0.0,93,4
2026-10-26 18:21:12.750523,TXNREGIME_B_CROSS_PROCESS0000426,kondachristopher@paytm,495.88,0,18,recharge,upi_p2p,dev,0,0,0.0,0,0,0,0,,350.8,0.975,0.0,0.0,0.0,0.0,0.0,720.0,0.0,0.0,0.0,0.0,0.0,80,132
2026-10-26 18:55:11.485246,TXNREGIME_B_CROSS_PROCESS0000019,manbir29@ybl,334.92,0,18,food_delivery,upi_autopay,dev,0,0,0.0,0,0,0,0,,125.5,0.908,1.0,2206.69,2206.69,2206.69,1.0,31.376785431666665,0.0,0.0,0.0,0.0,0.0,315,65
2026-10-26 19:17:35.165858,TXNREGIME_B_CROSS_PROCESS0001419,yauvanibala@okhdfc,47.79,0,19,utility_bill,upi_p2p,dev,0,0,0.0,0,0,0,0,,102.1,0.549,2.0,1270.805,2113.1014999999998,2206.69,1.0,0.37324461444444446,1.0,1.0,1.0,1.0,1.0,315,45
2026-10-26 20:19:42.761266,TXNREGIME_B_CROSS_PROCESS0000659,varshachokshi@oksbi,1129.57,0,20,utility_bill,upi_autopay,dev,0,0,0.0,0,0,0,0,,28.5,0.89,0.0,0.0,0.0,0.0,0.0,720.0,0.0,0.0,1.0,0.0,0.0,292,14
2026-10-26 21:40:08.436072,TXNREGIME_B_CROSS_PROCESS0000317,upma48@okicici,1083.92,0,21,person_to_person,upi_p2m,dev,0,0,0.0,0,0,0,0,,374.9,0.744,1.0,5606.66,5606.66,5606.66,0.0,11.121660129722223,0.0,1.0,0.0,0.0,0.0,34,92
2026-10-26 22:03:00.190848,TXNREGIME_B_CROSS_PROCESS0000804,kondachristopher@paytm,7635.28,0,22,person_to_person,upi_p2p,dev,0,0,0.0,0,0,0,0,,542.7,0.823,1.0,495.88,495.88,495.88,0.0,3.696511201388889,0.0,1.0,1.0,0.0,1.0,80,132
2026-10-26 23:06:35.101759,TXNREGIME_B_CROSS_PROCESS0001299,vincentkalla@oksbi,3783.3,0,23,food_delivery,upi_p2p,dev,0,0,0.0,0,0,0,0,,196.7,0.701,3.0,505.6166666666666,731.367,752.2,2.0,21.03724447,0.0,1.0,1.0,0.0,0.0,290,118
2026-10-26 23:45:21.517440,TXNREGIME_B_CROSS_PROCESS0001001,dalajachand@okicici,690.28,0,23,recharge,upi_p2m,dev,0,0,0.0,0,0,0,0,,1038.1,0.832,3.0,540.7033333333333,693.679,698.61,1.0,12.768010397777777,0.0,1.0,0.0,0.0,0.0,5,9
2026-10-26 23:45:30.595779,TXNREGIME_B_CROSS_PROCESS0000032,obansal@ybl,577.2,0,23,recharge,upi_p2m,dev,0,0,0.0,0,0,0,0,,343.3,0.652,1.0,2288.86,2288.86,2288.86,1.0,25.52382247888889,0.0,0.0,1.0,0.0,0.0,55,60
2026-10-27 01:27:47.239971,TXNREGIME_B_CROSS_PROCESS0000200,raksha81@ybl,353.94,1,1,food_delivery,upi_p2m,dev,0,0,0.0,0,0,0,0,,854.0,0.932,0.0,0.0,0.0,0.0,0.0,720.0,0.0,0.0,0.0,0.0,0.0,265,157
2026-10-27 01:29:45.211349,TXNREGIME_B_CROSS_PROCESS0000848,dalajachand@okicici,456.15,1,1,utility_bill,upi_p2p,dev,0,0,0.0,0,0,0,0,,53.3,0.778,1.0,265.85,265.85,265.85,2.0,55.77588460277778,0.0,0.0,1.0,0.0,0.0,322,9
2026-10-27 03:38:47.214798,TXNREGIME_B_CROSS_PROCESS0000431,manbir29@ybl,227.85,1,3,travel,upi_p2m,dev,0,0,0.0,1,0,0,0,,339.0,0.807,3.0,863.1333333333333,2019.513,2206.69,1.0,8.353346927777778,0.0,2.0,1.0,0.0,1.0,315,65
2026-10-27 04:55:15.934482,TXNREGIME_B_CROSS_PROCESS0000616,vincentkalla@oksbi,420.62,1,4,utility_bill,upi_p2m,dev,0,0,0.0,0,0,0,0,,305.4,0.952,0.0,0.0,0.0,0.0,0.0,720.0,0.0,0.0,2.0,0.0,0.0,305,118
2026-10-27 06:21:05.718711,TXNREGIME_B_CROSS_PROCESS0000707,balakrishnanmegha@okhdfc,755.68,1,6,groceries,upi_p2p,dev,0,0,0.0,0,0,0,0,,177.2,0.767,1.0,353.94,353.94,353.94,0.0,4.888466316666666,0.0,1.0,0.0,0.0,0.0,265,148
2026-10-27 07:26:21.038254,TXNREGIME_B_CROSS_PROCESS0000472,sanghviyashvi@ybl,383.43,1,7,groceries,upi_p2p,dev,0,0,0.0,0,0,0,0,,354.2,0.512,1.0,3480.44,3480.44,3480.44,1.0,44.64546721527778,0.0,0.0,0.0,0.0,0.0,86,140
2026-10-27 07:26:31.453158,TXNREGIME_B_CROSS_PROCESS0000195,manbir29@ybl,2650.28,1,7,groceries,upi_p2m,dev,0,0,0.0,0,0,1,0,,147.6,0.858,4.0,704.3125,1925.9244999999994,2206.69,1.0,3.7956217666666663,0.0,3.0,2.0,0.0,2.0,315,65
2026-10-27 07:55:31.251363,TXNREGIME_B_CROSS_PROCESS0000117,vyanjanaborde@okhdfc,267.02,1,7,other,upi_p2m,dev,0,0,0.0,0,0,0,0,,200.1,0.626,2.0,361.0,446.635,456.15,2.0,6.429455559444444,0.0,1.0,0.0,0.0,0.0,322,109
2026-10-27 08:15:59.580156,TXNREGIME_B_CROSS_PROCESS0000414,wapte@paytm,825.63,1,8,food_delivery,upi_autopay,dev,0,0,0.0,0,0,0,0,,624.6,0.994,1.0,1613.86,1613.86,1613.86,1.0,43.88005176972222,0.0,0.0,0.0,0.0,0.0,167,156
2026-10-27 09:20:12.933480,TXNREGIME_B_CROSS_PROCESS0000014,varshachokshi@oksbi,341.11,1,9,person_to_person,upi_p2p,dev,0,0,0.0,0,0,0,0,,1186.5,0.924,3.0,2359.6233333333334,4837.085,5258.79,2.0,16.16925317277778,0.0,1.0,1.0,0.0,0.0,17,14
2026-10-27 09:29:12.638506,TXNREGIME_B_CROSS_PROCESS0000373,vincentkalla@oksbi,6158.77,1,9,groceries,upi_p2p,dev,0,0,0.0,0,0,0,0,,304.3,0.722,2.0,916.9399999999999,1048.6819999999998,1063.32,2.0,39.62509136027778,0.0,0.0,3.0,0.0,0.0,120,118
2026-10-27 09:42:57.988502,TXNREGIME_B_CROSS_PROCESS0001217,balakrishnanmegha@okhdfc,547.32,1,9,e_commerce,upi_p2m,dev,0,0,0.0,0,0,0,0,,99.6,0.83,2.0,487.935,813.5504999999999,849.73,2.0,39.841933446944445,0.0,0.0,1.0,2.0,1.0,154,148
2026-10-27 11:46:33.658248,TXNREGIME_B_CROSS_PROCESS0000235,yauvanibala@okhdfc,634.23,1,11,groceries,upi_p2p,dev,0,0,0.0,0,0,0,0,,765.5,0.807,0.0,0.0,0.0,0.0,0.0,720.0,0.0,0.0,1.0,0.0,0.0,180,45
2026-10-27 12:24:26.030798,TXNREGIME_B_CROSS_PROCESS0000473,lallaamara@oksbi,10543.9,1,12,food_delivery,upi_p2p,dev,0,0,0.0,0,0,0,0,,22.4,0.671,2.0,593.2850000000001,887.1665,919.82,1.0,40.55980747305555,0.0,0.0,0.0,0.0,0.0,323,77
2026-10-27 13:03:38.790064,TXNREGIME_B_CROSS_PROCESS0000036,upma48@okicici,999.01,1,13,recharge,upi_p2p,dev,0,0,0.0,0,0,0,0,,160.9,0.673,0.0,0.0,0.0,0.0,0.0,720.0,0.0,0.0,1.0,0.0,0.0,260,92
2026-10-27 13:08:22.124549,TXNREGIME_B_CROSS_PROCESS0000529,nathanielghosh@okicici,1777.02,1,13,recharge,upi_p2p,dev,0,0,0.0,0,0,0,0,,175.7,0.918,0.0,0.0,0.0,0.0,0.0,720.0,0.0,0.0,1.0,0.0,0.0,89,145
2026-10-27 15:51:59.302200,TXNREGIME_B_CROSS_PROCESS0000744,nathanielghosh@okicici,920.58,1,15,person_to_person,upi_p2m,dev,0,0,0.0,0,0,0,0,,693.2,0.691,3.0,507.73,819.489,849.73,2.0,6.150364916111112,0.0,1.0,2.0,0.0,0.0,154,145
2026-10-27 16:31:54.730306,TXNREGIME_B_CROSS_PROCESS0000901,theodore82@ybl,1851.2,1,16,person_to_person,upi_p2p,dev,0,0,0.0,0,0,0,0,,57.6,0.81,2.0,847.73,966.755,979.98,2.0,33.01044764555556,0.0,0.0,0.0,0.0,0.0,4,138
2026-10-27 17:00:34.386318,TXNREGIME_B_CROSS_PROCESS0001185,vincentkalla@oksbi,432.16,1,17,utility_bill,upi_p2p,dev,0,0,0.0,0,0,0,0,,559.9,0.919,2.0,1031.095,1573.4215,1633.68,2.0,30.432771478611112,0.0,0.0,3.0,2.0,2.0,188,118
2026-10-27 17:39:30.335877,TXNREGIME_B_CROSS_PROCESS0000154,vermadarika@okhdfc,1458.49,1,17,e_commerce,upi_p2p,dev,0,0,0.0,0,0,0,0,,24.1,0.732,3.0,1182.22,1764.078,1851.2,2.0,1.1265571030555557,0.0,1.0,0.0,0.0,0.0,4,64
2026-10-27 19:37:14.361906,TXNREGIME_B_CROSS_PROCESS0000065,nathanielghosh@okicici,7303.91,1,19,utility_bill,upi_p2p,dev,0,0,0.0,0,0,0,0,,28.2,0.778,4.0,1854.995,4626.232499999998,5258.79,2.0,10.283730118333333,0.0,1.0,2.0,2.0,3.0,17,145
2026-10-27 19:41:53.542440,TXNREGIME_B_CROSS_PROCESS0000702,bdeol@ybl,718.28,1,19,groceries,upi_p2p,dev,0,0,0.0,0,0,0,0,,24.4,0.898,2.0,1433.0300000000002,2203.277,2288.86,1.0,19.93970740583333,0.0,1.0,0.0,0.0,0.0,55,85
2026-10-27 20:14:55.637057,TXNREGIME_B_CROSS_PROCESS0000526,yauvanibala@okhdfc,1891.26,1,20,recharge,upi_p2p,dev,0,0,1.3,0,0,0,0,,101.4,0.85,0.0,0.0,0.0,0.0,0.0,720.0,0.0,0.0,1.0,0.0,0.0,133,45
2026-10-27 21:44:26.824274,TXNREGIME_B_CROSS_PROCESS0000228,lallaamara@oksbi,272.36,1,21,utility_bill,upi_autopay,dev,0,0,0.0,0,0,0,0,,672.7,0.99,1.0,3511.56,3511.56,3511.56,1.0,41.75271470972222,0.0,0.0,1.0,0.0,0.0,316,77
2026-10-27 23:35:32.028472,TXNREGIME_B_CROSS_PROCESS0000106,wapte@paytm,1502.35,1,23,food_delivery,upi_p2m,dev,0,0,0.0,0,0,0,0,,197.0,0.75,0.0,0.0,0.0,0.0,0.0,720.0,0.0,0.0,1.0,0.0,0.0,160,156
2026-10-27 23:55:13.707753,TXNREGIME_B_CROSS_PROCESS0001430,yauvanibala@okhdfc,875.36,1,23,e_commerce,upi_p2p,dev,0,0,0.0,0,0,0,0,,67.2,0.987,1.0,1891.26,1891.26,1891.26,0.0,3.6716863044444445,0.0,1.0,2.0,0.0,1.0,133,45
2026-10-28 01:55:41.073870,TXNREGIME_B_CROSS_PROCESS0000053,vermadarika@okhdfc,6363.16,2,1,other,upi_p2p,dev,0,0,1.7,0,0,0,1,8.951677522580674,172.0,0.531,2.0,1931.935,3325.5895,3480.44,2.0,18.488898782222222,0.0,1.0,1.0,2.0,1.0,86,64
2026-10-28 02:45:36.801820,TXNREGIME_B_CROSS_PROCESS0000640,kondachristopher@paytm,1064.29,2,2,recharge,upi_p2p,dev,0,0,0.0,0,0,0,0,,1458.6,0.721,3.0,329.67333333333335,437.23699999999997,456.15,3.0,18.834875126944446,0.0,1.0,0.0,0.0,0.0,322,132
2026-10-28 03:07:30.613316,TXNREGIME_B_CROSS_PROCESS0000217,varshachokshi@oksbi,205.36,2,3,food_delivery,upi_autopay,dev,0,0,0.0,0,0,0,0,,278.4,0.796,2.0,1011.51,1661.697,1733.94,3.0,76.34245181722223,0.0,0.0,1.0,3.0,1.0,205,14
2026-10-28 04:17:49.809133,TXNREGIME_B_CROSS_PROCESS0001286,nathanielghosh@okicici,540.68,2,4,groceries,upi_p2m,dev,0,0,0.0,0,0,0,0,,289.6,0.558,1.0,841.08,841.08,841.08,2.0,50.000078360277776,0.0,0.0,3.0,2.0,1.0,114,145
2026-10-28 05:23:05.146938,TXNREGIME_B_CROSS_PROCESS0000029,lallaamara@oksbi,1354.31,2,5,food_delivery,upi_p2p,dev,0,0,0.0,0,0,0,0,,292.9,0.832,4.0,1325.0375,3328.6349999999993,3783.3,3.0,30.27501254972222,0.0,0.0,2.0,0.0,0.0,290,77
2026-10-28 05:35:38.286701,TXNREGIME_B_CROSS_PROCESS0000388,kondachristopher@paytm,1858.46,2,5,utility_bill,upi_p2m,dev,0,0,0.0,0,0,0,0,,132.4,0.927,4.0,610.9425,909.9525,920.58,2.0,13.727495694722222,0.0,2.0,1.0,0.0,0.0,154,132
2026-10-28 06:57:44.059131,TXNREGIME_B_CROSS_PROCESS0000155,vermadarika@okhdfc,273.67,2,6,recharge,upi_p2m,dev,0,0,0.0,0,0,0,0,,338.6,0.725,0.0,0.0,0.0,0.0,0.0,720.0,0.0,0.0,2.0,0.0,0.0,170,64
2026-10-28 07:30:03.740704,TXNREGIME_B_CROSS_PROCESS0000884,bhattivasana@ybl,25776.44,2,7,groceries,upi_p2p,dev,1,1,2.0,0,1,0,0,,72.4,0.672,2.0,4065.58,7278.3099999999995,7635.28,1.0,33.45098607111111,0.0,0.0,0.0,0.0,0.0,80,10
2026-10-28 08:44:27.600047,TXNREGIME_B_CROSS_PROCESS0000097,nathanielghosh@okicici,2045.55,2,8,groceries,upi_p2p,dev,0,0,0.0,0,0,0,0,,85.1,0.873,1.0,1777.02,1777.02,1777.02,0.0,19.601520971666666,0.0,1.0,4.0,0.0,1.0,89,145
2026-10-28 10:40:45.870124,TXNREGIME_B_CROSS_PROCESS0001417,nathanielghosh@okicici,710.49,2,10,recharge,upi_p2p,dev,0,0,0.0,0,0,0,0,,69.7,0.74,5.0,2944.778,6894.8859999999995,7303.91,3.0,15.058752282777778,0.0,1.0,5.0,3.0,4.0,17,145
2026-10-28 10:55:50.039417,TXNREGIME_B_CROSS_PROCESS0001302,zhans@oksbi,5594.43,2,10,other,upi_p2p,dev,0,0,0.0,0,0,0,0,,120.5,0.897,3.0,11302.533333333333,23962.323999999997,25776.44,1.0,3.4295274202777777,0.0,1.0,0.0,0.0,0.0,80,4
2026-10-28 11:24:09.788971,TXNREGIME_B_CROSS_PROCESS0000098,manbir29@ybl,2037.69,2,11,recharge,upi_p2p,dev,0,0,0.4,0,0,0,0,,403.2,0.704,0.0,0.0,0.0,0.0,0.0,720.0,0.0,0.0,0.0,0.0,0.0,319,65
2026-10-28 12:16:31.313732,TXNREGIME_B_CROSS_PROCESS0000118,lallaamara@oksbi,1073.96,2,12,e_commerce,upi_p2p,dev,0,0,0.0,0,0,0,0,,211.5,0.842,1.0,2037.69,2037.69,2037.69,0.0,0.8726457669444445,1.0,1.0,3.0,0.0,0.0,319,77
2026-10-28 13:59:48.361031,TXNREGIME_B_CROSS_PROCESS0001361,nathanielghosh@okicici,351.2,2,13,groceries,upi_p2p,dev,0,0,0.0,0,0,0,0,,263.1,0.914,2.0,690.88,826.06,841.08,2.0,9.699597749444443,0.0,1.0,5.0,2.0,2.0,114,145
2026-10-28 14:01:01.706885,TXNREGIME_B_CROSS_PROCESS0000093,yauvanibala@okhdfc,594.58,2,14,utility_bill,upi_p2m,dev,0,0,0.0,0,0,0,0,,231.5,0.774,5.0,1093.506,2561.562,2650.28,3.0,30.575070479722225,0.0,0.0,2.0,3.0,2.0,315,45
2026-10-28 14:35:39.281643,TXNREGIME_B_CROSS_PROCESS0000717,balakrishnanmegha@okhdfc,357.58,2,14,recharge,upi_autopay,dev,0,0,0.0,0,0,0,0,,502.2,0.647,0.0,0.0,0.0,0.0,0.0,720.0,0.0,0.0,0.0,0.0,0.0,248,148
2026-10-28 18:48:44.967060,TXNREGIME_B_CROSS_PROCESS0000050,vermadarika@okhdfc,240.82,2,18,e_commerce,upi_p2p,dev,0,0,0.0,0,0,0,0,,337.4,0.834,3.0,3409.0099999999998,6074.887999999999,6363.16,3.0,16.884414775,0.0,1.0,2.0,3.0,2.0,86,64
2026-10-28 20:06:49.421047,TXNREGIME_B_CROSS_PROCESS0000185,dalajachand@okicici,1241.38,2,20,person_to_person,upi_p2p,dev,0,0,0.0,0,0,0,0,,22.4,0.54,5.0,860.4459999999999,1670.884,1858.46,3.0,14.519759540555555,0.0,1.0,0.0,0.0,0.0,154,9
2026-10-28 20:33:21.847474,TXNREGIME_B_CROSS_PROCESS0000813,nathanielghosh@okicici,3323.65,2,20,food_delivery,upi_p2p,dev,0,0,0.0,0,0,0,0,,81.9,0.778,3.0,577.6533333333333,811.04,841.08,2.0,6.559301789722222,0.0,2.0,4.0,2.0,3.0,114,145
2026-10-28 21:05:59.571881,TXNREGIME_B_CROSS_PROCESS0000141,theodore82@ybl,2859.79,2,21,e_commerce,upi_p2m,dev,0,0,1.9,0,0,1,0,,566.6,0.896,3.0,742.7933333333334,1589.454,1733.94,4.0,17.9747107125,0.0,1.0,0.0,0.0,0.0,205,138
2026-10-28 22:15:51.854134,TXNREGIME_B_CROSS_PROCESS0000134,lallaamara@oksbi,2504.31,2,22,other,upi_p2p,dev,0,0,0.0,0,0,0,0,,111.0,0.828,1.0,273.67,273.67,273.67,0.0,15.302165278611112,0.0,1.0,2.0,0.0,0.0,170,77
2026-10-28 23:17:34.148006,TXNREGIME_B_CROSS_PROCESS0000700,vermadarika@okhdfc,1728.48,2,23,utility_bill,upi_p2m,dev,0,1,2.6,0,0,0,0,,815.2,0.926,2.0,3345.29,5380.522999999999,5606.66,2.0,49.62380887055555,0.0,0.0,3.0,0.0,0.0,34,64
2026-10-28 23:26:39.155692,TXNREGIME_B_CROSS_PROCESS0000728,groverubika@paytm,1097.6,2,23,food_delivery,upi_p2m,dev,0,0,0.0,0,0,0,0,,43.3,0.854,3.0,1194.78,2131.8019999999997,2288.86,3.0,27.74600368111111,0.0,0.0,0.0,0.0,0.0,55,142
2026-10-28 23:49:23.851547,TXNREGIME_B_CROSS_PROCESS0000956,yauvanibala@okhdfc,888.63,2,23,recharge,upi_p2m,dev,0,0,0.0,0,0,0,0,,153.7,0.923,6.0,923.9350000000001,1704.19,1858.46,3.0,3.7095640277777777,0.0,2.0,2.0,0.0,0.0,154,45
2026-10-29 00:18:19.467538,TXNREGIME_B_CROSS_PROCESS0001320,varshachokshi@oksbi,707.64,3,0,e_commerce,upi_p2m,dev,0,0,0.0,0,0,0,0,,230.1,0.925,4.0,578.0975,697.3605,698.61,3.0,48.54943058277778,0.0,0.0,1.0,0.0,0.0,5,14
2026-10-29 00:36:54.653585,TXNREGIME_B_CROSS_PROCESS0000402,eswaminathan@okhdfc,1290.06,3,0,recharge,upi_p2m,dev,0,0,0.0,0,0,0,0,,1654.6,0.818,1.0,713.62,713.62,713.62,3.0,73.01258601722222,0.0,0.0,0.0,0.0,0.0,16,43
2026-10-29 00:56:34.698200,TXNREGIME_B_CROSS_PROCESS0001203,wapte@paytm,570.44,3,0,e_commerce,upi_p2p,dev,0,0,0.0,0,0,0,1,1.7197032154540088,118.0,0.944,1.0,2381.66,2381.66,2381.66,3.0,93.02181643611111,0.0,0.0,0.0,0.0,0.0,24,156
2026-10-29 02:26:08.652032,TXNREGIME_B_CROSS_PROCESS0000652,vyanjanaborde@okhdfc,1454.56,3,2,food_delivery,upi_p2m,dev,0,0,0.0,0,0,0,0,,277.4,0.873,0.0,0.0,0.0,0.0,0.0,720.0,0.0,0.0,0.0,0.0,0.0,22,109
2026-10-29 02:31:20.037586,TXNREGIME_B_CROSS_PROCESS0001004,yauvanibala@okhdfc,1266.63,3,2,food_delivery,upi_p2m,dev,0,0,0.0,0,0,0,0,,94.0,0.862,0.0,0.0,0.0,0.0,0.0,720.0,0.0,0.0,2.0,0.0,0.0,145,45
2026-10-29 05:14:06.241733,TXNREGIME_B_CROSS_PROCESS0001355,bhattivasana@ybl,1644.39,3,5,person_to_person,upi_p2p,dev,0,0,0.0,0,0,0,0,,38.3,0.895,6.0,1010.3516666666668,2539.3825,2650.28,3.0,15.217926346666667,0.0,1.0,1.0,0.0,0.0,315,10
2026-10-29 05:37:21.689443,TXNREGIME_B_CROSS_PROCESS0001398,balakrishnanmegha@okhdfc,956.26,3,5,recharge,upi_p2p,dev,0,0,0.0,0,0,0,0,,314.6,0.861,2.0,1383.31,1840.465,1891.26,1.0,29.702217136111113,0.0,0.0,1.0,0.0,0.0,133,148
2026-10-29 06:10:53.545060,TXNREGIME_B_CROSS_PROCESS0000908,obansal@ybl,692.76,3,6,utility_bill,upi_p2m,dev,0,0,0.0,0,0,0,0,,553.6,0.972,2.0,727.615,1096.1064999999999,1137.05,4.0,97.34649348666667,0.0,0.0,0.0,0.0,0.0,201,60
2026-10-29 06:24:24.733339,TXNREGIME_B_CROSS_PROCESS0001147,yauvanibala@okhdfc,331.74,3,6,groceries,upi_p2m,dev,1,0,0.0,0,0,0,0,,23.0,0.883,3.0,1240.96,1797.7599999999998,1891.26,1.0,0.78417886,1.0,1.0,3.0,1.0,2.0,133,45
2026-10-29 06:39:41.677705,TXNREGIME_B_CROSS_PROCESS0001471,nathanielghosh@okicici,1278.79,3,6,utility_bill,upi_autopay,dev,0,0,0.0,0,0,0,0,,146.6,0.852,2.0,1911.2849999999999,2032.1235,2045.55,1.0,21.92057712722222,0.0,1.0,4.0,1.0,2.0,89,145
2026-10-29 07:44:01.543400,TXNREGIME_B_CROSS_PROCESS0000164,balakrishnanmegha@okhdfc,1466.2,3,7,e_commerce,upi_p2m,dev,0,0,0.0,0,0,0,0,,42.9,0.837,7.0,918.8914285714285,1673.3359999999996,1858.46,3.0,7.910469959166667,0.0,2.0,2.0,3.0,2.0,154,148
2026-10-29 08:02:45.724312,TXNREGIME_B_CROSS_PROCESS0000733,nathanielghosh@okicici,1110.91,3,8,food_delivery,upi_p2p,dev,0,0,0.0,0,0,0,0,,322.7,0.995,4.0,1264.1525000000001,2951.2644999999993,3323.65,3.0,11.489965788333333,0.0,2.0,5.0,3.0,4.0,114,145
2026-10-29 08:13:41.227892,TXNREGIME_B_CROSS_PROCESS0000662,lallaamara@oksbi,571.78,3,8,e_commerce,upi_p2p,dev,0,0,0.0,0,0,0,0,,851.6,0.725,0.0,0.0,0.0,0.0,0.0,720.0,0.0,0.0,2.0,0.0,0.0,161,77
2026-10-29 08:50:10.975168,TXNREGIME_B_CROSS_PROCESS0000175,vyanjanaborde@okhdfc,629.31,3,8,groceries,upi_p2m,dev,0,0,0.0,0,0,0,0,,71.3,0.649,3.0,4739.643333333333,11562.124999999998,12744.49,4.0,74.86583881222222,0.0,0.0,1.0,0.0,0.0,96,109
2026-10-29 09:23:05.410706,TXNREGIME_B_CROSS_PROCESS0000764,yagnesh08@ybl,383.59,3,9,groceries,upi_p2m,dev,1,0,0.0,0,0,0,0,,8.1,0.152,2.0,1212.57,2167.065,2273.12,3.0,63.597091900277775,0.0,0.0,0.0,0.0,0.0,93,166
2026-10-29 09:58:17.752482,TXNREGIME_B_CROSS_PROCESS0000198,nathanielghosh@okicici,2060.0,3,9,utility_bill,upi_p2p,dev,0,0,0.0,0,0,0,1,22.149121971118028,104.4,0.816,1.0,1129.57,1129.57,1129.57,2.0,61.64305311555555,0.0,0.0,5.0,0.0,0.0,292,145
2026-10-29 11:39:26.284084,TXNREGIME_B_CROSS_PROCESS0000233,kondachristopher@paytm,821.52,3,11,groceries,upi_p2m,dev,0,0,0.0,0,0,0,0,,272.6,0.96,3.0,831.4499999999999,1513.528,1633.68,4.0,42.64774937944445,0.0,0.0,0.0,0.0,0.0,188,132
2026-10-29 12:44:54.830135,TXNREGIME_B_CROSS_PROCESS0000586,yagnesh08@ybl,9776.31,3,12,travel,upi_p2p,dev,1,0,0.0,0,0,1,0,,14.0,0.063,4.0,828.9675,1511.8559999999998,1633.68,4.0,1.0912627919444444,0.0,1.0,1.0,0.0,0.0,188,166
2026-10-29 13:11:32.443074,TXNREGIME_B_CROSS_PROCESS0000504,yagnesh08@ybl,15426.95,3,13,person_to_person,upi_p2p,dev,0,1,0.4,1,1,0,0,,2.4,0.0,2.0,1476.05,2291.0989999999997,2381.66,4.0,12.249373576111113,0.0,1.0,2.0,0.0,0.0,24,166
2026-10-29 13:46:44.720123,TXNREGIME_B_CROSS_PROCESS0000336,vincentkalla@oksbi,632.57,3,13,utility_bill,upi_p2p,dev,0,0,0.0,0,0,0,0,,41.4,0.983,4.0,3712.06,10970.942499999996,12744.49,4.0,4.942706931944444,0.0,1.0,0.0,0.0,0.0,96,118
2026-10-29 13:51:09.482170,TXNREGIME_B_CROSS_PROCESS0000550,vermadarika@okhdfc,744.42,3,13,food_delivery,upi_p2p,dev,0,0,0.0,0,0,0,0,,461.7,0.858,1.0,634.23,634.23,634.23,2.0,50.07661775611111,0.0,0.0,2.0,0.0,0.0,180,64
2026-10-29 16:36:57.772703,TXNREGIME_B_CROSS_PROCESS0001126,zhans@oksbi,443.32,3,16,e_commerce,upi_p2m,dev,0,0,0.0,0,0,0,0,,255.3,0.684,3.0,936.2433333333333,2084.167,2273.12,4.0,7.231211665833333,0.0,1.0,0.0,2.0,1.0,93,4
2026-10-29 16:43:01.547038,TXNREGIME_B_CROSS_PROCESS0000475,nathanielghosh@okicici,228.87,3,16,utility_bill,upi_p2p,dev,0,0,0.0,0,0,0,0,,269.2,0.798,3.0,2664.2166666666667,5649.225,6158.77,4.0,55.23025237,0.0,0.0,4.0,0.0,0.0,120,145
2026-10-29 18:17:33.605603,TXNREGIME_B_CROSS_PROCESS0000307,canne@ybl,481.25,3,18,food_delivery,upi_p2m,dev,0,0,0.0,1,0,0,0,,47.5,0.99,2.0,554.81,735.593,755.68,2.0,59.941079692222225,0.0,0.0,0.0,0.0,0.0,265,100
2026-10-29 19:26:26.901872,TXNREGIME_B_CROSS_PROCESS0000227,vermadarika@okhdfc,721.71,3,19,other,upi_p2p,dev,0,0,0.0,0,0,0,0,,55.1,0.921,4.0,1251.2875,1792.2934999999998,1851.2,4.0,49.78237944305556,0.0,0.0,2.0,2.0,1.0,4,64
2026-10-29 19:47:53.596418,TXNREGIME_B_CROSS_PROCESS0000339,groverubika@paytm,1073.9,3,19,recharge,upi_p2p,dev,0,0,0.0,0,0,0,1,0.35899405454279476,194.3,0.879,1.0,635.6,635.6,635.6,3.0,79.81709432444444,0.0,0.0,1.0,0.0,0.0,23,142
2026-10-29 20:13:16.235964,TXNREGIME_B_CROSS_PROCESS0001206,vermadarika@okhdfc,1362.14,3,20,groceries,upi_p2m,dev,0,0,0.0,0,0,0,0,,508.5,0.995,4.0,2616.9625,5930.751999999999,6363.16,4.0,25.408685806666664,0.0,0.0,3.0,4.0,3.0,86,64
2026-10-29 20:17:55.417356,TXNREGIME_B_CROSS_PROCESS0000089,lallaamara@oksbi,2385.59,3,20,food_delivery,upi_p2p,dev,0,0,0.0,0,0,0,0,,328.4,0.827,2.0,1388.99,2392.778,2504.31,1.0,22.034323117222222,0.0,1.0,2.0,0.0,1.0,170,77
2026-10-29 21:49:14.623124,TXNREGIME_B_CROSS_PROCESS0000397,dalajachand@okicici,1759.11,3,21,other,upi_p2p,dev,0,0,0.0,0,0,0,0,,407.0,0.698,3.0,3910.1566666666663,9581.491999999998,10543.9,4.0,57.41349786833334,0.0,0.0,0.0,4.0,1.0,323,9
2026-10-29 21:51:38.111613,TXNREGIME_B_CROSS_PROCESS0001108,lallaamara@oksbi,2020.55,3,21,utility_bill,upi_p2m,dev,0,0,0.0,0,0,0,0,,133.7,0.643,3.0,1721.1899999999998,2492.438,2504.31,1.0,1.5618595158333333,0.0,2.0,3.0,0.0,2.0,170,77
2026-10-29 22:01:18.773808,TXNREGIME_B_CROSS_PROCESS0000696,upma48@okicici,1983.48,3,22,food_delivery,upi_p2m,dev,0,0,0.3,0,0,0,0,,118.7,0.574,4.0,1272.0425,2690.9124999999995,2859.79,5.0,24.92200053527778,0.0,0.0,0.0,0.0,0.0,205,92
2026-10-29 22:09:52.875959,TXNREGIME_B_CROSS_PROCESS0000962,yauvanibala@okhdfc,559.82,3,22,other,upi_p2p,dev,0,0,0.0,0,0,0,0,,200.2,0.767,1.0,1266.63,1266.63,1266.63,0.0,19.642455103611113,0.0,1.0,3.0,0.0,1.0,145,45
2026-10-29 23:23:28.988857,TXNREGIME_B_CROSS_PROCESS0001021,zhans@oksbi,540.26,3,23,other,upi_p2p,dev,0,0,0.0,0,0,0,0,,186.6,0.978,5.0,3096.162,10379.759999999998,12744.49,4.0,9.612296870555555,0.0,2.0,1.0,0.0,0.0,96,4
2026-10-30 04:57:41.928384,TXNREGIME_B_CROSS_PROCESS0000663,varshachokshi@oksbi,1169.77,4,4,recharge,upi_p2m,dev,0,0,0.0,0,0,0,0,,29.7,0.97,4.0,2055.38,5394.4524999999985,6158.77,5.0,12.24455037388889,0.0,1.0,0.0,5.0,2.0,120,14
2026-10-30 06:59:10.271769,TXNREGIME_B_CROSS_PROCESS0001305,vincentkalla@oksbi,1090.9,4,6,travel,upi_p2p,dev,0,0,0.0,0,0,0,0,,58.3,0.915,2.0,1000.07,1119.6080000000002,1132.89,5.0,130.63846434583334,0.0,0.0,1.0,0.0,0.0,0,118
2026-10-30 07:21:48.589743,TXNREGIME_B_CROSS_PROCESS0001135,obansal@ybl,922.76,4,7,recharge,upi_p2p,dev,0,0,0.0,0,0,0,0,,505.9,0.655,1.0,268.0,268.0,268.0,4.0,119.57112149555556,0.0,0.0,0.0,0.0,0.0,45,60
2026-10-30 07:26:10.244935,TXNREGIME_B_CROSS_PROCESS0000238,vyanjanaborde@okhdfc,1120.24,4,7,utility_bill,upi_p2p,dev,0,0,0.0,0,0,0,0,,89.1,0.704,0.0,0.0,0.0,0.0,0.0,720.0,0.0,0.0,1.0,0.0,0.0,140,109
2026-10-30 07:38:26.578693,TXNREGIME_B_CROSS_PROCESS0001002,nathanielghosh@okicici,663.45,4,7,groceries,upi_p2p,dev,0,0,0.0,0,0,1,0,,1199.9,0.791,2.0,1594.7849999999999,2013.4785,2060.0,3.0,21.669118391944448,0.0,1.0,3.0,0.0,1.0,292,145
2026-10-30 10:44:32.337754,TXNREGIME_B_CROSS_PROCESS0000480,yagnesh08@ybl,2341.4,4,10,food_delivery,upi_p2p,dev,0,0,0.0,0,0,0,0,,8.1,0.123,4.0,1790.36,4410.303999999998,4969.9,5.0,106.03414271111112,0.0,0.0,2.0,0.0,0.0,3,166
2026-10-30 13:06:09.080491,TXNREGIME_B_CROSS_PROCESS0001304,obansal@ybl,652.09,4,13,groceries,upi_autopay,dev,0,0,0.0,0,0,1,0,,24.0,0.856,2.0,1891.96,3349.6,3511.56,4.0,63.361737838055554,0.0,0.0,1.0,4.0,1.0,316,60
2026-10-30 13:06:18.476900,TXNREGIME_B_CROSS_PROCESS0001391,eswaminathan@okhdfc,497.1,4,13,e_commerce,upi_p2p,dev,0,0,0.0,0,0,0,0,,122.7,0.982,1.0,1454.56,1454.56,1454.56,1.0,34.66939579666666,0.0,0.0,0.0,0.0,0.0,22,43
2026-10-30 15:18:47.819136,TXNREGIME_B_CROSS_PROCESS0000572,varshachokshi@oksbi,70.31,4,15,recharge,upi_p2p,dev,0,1,1.9,0,0,0,0,,144.4,0.885,1.0,1068.06,1068.06,1068.06,4.0,102.63941526305557,0.0,0.0,1.0,0.0,0.0,78,14
2026-10-30 16:00:17.711664,TXNREGIME_B_CROSS_PROCESS0000039,sanghviyashvi@ybl,1060.51,4,16,e_commerce,upi_p2m,dev,0,0,0.0,0,0,0,0,,313.7,0.684,6.0,2670.1783333333333,9788.5775,12744.49,5.0,16.613534113055554,0.0,1.0,0.0,5.0,2.0,96,140
2026-10-30 16:31:23.606884,TXNREGIME_B_CROSS_PROCESS0000758,upma48@okicici,516.57,4,16,person_to_person,upi_p2p,dev,0,0,0.0,0,0,0,0,,49.7,0.823,3.0,1478.67,3225.613,3511.56,4.0,3.4207017758333333,0.0,1.0,1.0,0.0,0.0,316,92
2026-10-30 16:37:34.118964,TXNREGIME_B_CROSS_PROCESS0000603,psaxena@okicici,2738.15,4,16,food_delivery,upi_p2p,dev,0,0,0.0,0,0,0,0,,742.1,0.742,2.0,854.75,1051.9850000000001,1073.9,4.0,20.827922929444444,0.0,1.0,0.0,4.0,1.0,23,34
2026-10-30 17:24:23.676576,TXNREGIME_B_CROSS_PROCESS0000955,obansal@ybl,1916.93,4,17,utility_bill,upi_p2p,dev,0,0,0.0,0,0,0,1,4.629277238446886,436.9,0.637,5.0,1145.372,1772.658,1851.2,5.0,21.96577075111111,0.0,1.0,2.0,5.0,1.0,4,60
2026-10-30 18:07:52.466004,TXNREGIME_B_CROSS_PROCESS0001241,balakrishnanmegha@okhdfc,662.6,4,18,e_commerce,upi_autopay,dev,0,0,0.0,0,0,0,0,,397.9,0.919,2.0,1219.745,1574.4485,1613.86,5.0,81.86469051333333,0.0,0.0,0.0,0.0,0.0,167,148
2026-10-30 21:08:43.602130,TXNREGIME_B_CROSS_PROCESS0000277,lallaamara@oksbi,3163.31,4,21,food_delivery,upi_p2p,dev,0,0,0.0,0,0,0,0,,90.1,0.72,0.0,0.0,0.0,0.0,0.0,720.0,0.0,0.0,1.0,0.0,0.0,338,77
2026-10-30 21:48:25.447800,TXNREGIME_B_CROSS_PROCESS0001054,varshachokshi@oksbi,299.85,4,21,e_commerce,upi_p2p,dev,0,0,0.0,0,0,1,0,,71.9,0.916,1.0,420.62,420.62,420.62,3.0,88.88597592166667,0.0,0.0,2.0,0.0,0.0,305,14
2026-10-30 22:00:40.591656,TXNREGIME_B_CROSS_PROCESS0000852,bdeol@ybl,117.66,4,22,food_delivery,upi_p2p,dev,0,1,0.4,0,0,0,0,,697.1,0.892,4.0,1170.4850000000001,2110.171,2288.86,4.0,46.56706554555556,0.0,0.0,0.0,3.0,1.0,55,85
2026-10-30 22:20:32.648577,TXNREGIME_B_CROSS_PROCESS0000495,theodore82@ybl,1475.9,4,22,e_commerce,upi_p2m,dev,0,0,0.0,0,0,0,0,,36.7,0.873,2.0,1001.8399999999999,1261.2379999999998,1290.06,4.0,45.72722083111111,0.0,0.0,0.0,0.0,0.0,16,138
2026-10-30 22:25:59.518348,TXNREGIME_B_CROSS_PROCESS0000902,dalajachand@okicici,1305.03,4,22,recharge,upi_p2p,dev,0,0,0.9,0,0,0,0,,135.2,0.935,5.0,1878.2580000000003,5160.969999999999,6158.77,5.0,17.471552767777776,0.0,1.0,0.0,0.0,0.0,120,9
2026-10-30 23:09:27.379610,TXNREGIME_B_CROSS_PROCESS0001040,kondachristopher@paytm,608.58,4,23,food_delivery,upi_p2m,dev,0,0,0.0,0,0,0,0,,232.2,0.714,5.0,2618.436,8147.783999999998,9776.31,6.0,34.409041520833334,0.0,0.0,0.0,1.0,1.0,188,132
2026-10-31 03:05:56.303415,TXNREGIME_B_CROSS_PROCESS0001281,varshachokshi@oksbi,110.97,5,3,e_commerce,upi_p2m,dev,0,0,0.0,0,0,0,0,,256.2,0.539,2.0,569.185,1018.1724999999999,1068.06,4.0,11.785690077499998,0.0,1.0,3.0,0.0,1.0,78,14
2026-10-31 03:44:12.311733,TXNREGIME_B_CROSS_PROCESS0000000,yauvanibala@okhdfc,119.53,5,3,groceries,upi_p2m,dev,0,0,0.0,0,0,0,0,,168.4,0.844,1.0,571.78,571.78,571.78,1.0,43.508634400277785,0.0,0.0,0.0,0.0,0.0,161,45
2026-10-31 04:06:09.357577,TXNREGIME_B_CROSS_PROCESS0000547,obansal@ybl,909.53,5,4,groceries,upi_p2p,dev,0,0,0.0,0,0,0,0,,805.9,0.788,5.0,1330.892,3297.5019999999995,3783.3,6.0,70.71783628861111,0.0,0.0,3.0,0.0,0.0,290,60
2026-10-31 04:07:40.079153,TXNREGIME_B_CROSS_PROCESS0000560,lallaamara@oksbi,161.19,5,4,food_delivery,upi_p2p,dev,0,0,0.0,0,0,0,0,,66.2,0.804,2.0,360.235,414.5815,420.62,3.0,6.320730931388889,0.0,1.0,1.0,0.0,0.0,305,77
2026-10-31 04:43:59.663997,TXNREGIME_B_CROSS_PROCESS0000561,obansal@ybl,3016.26,5,4,groceries,upi_p2m,dev,0,0,0.0,0,0,0,0,,355.0,0.423,2.0,595.38,890.0219999999999,922.76,5.0,21.369742848333335,0.0,1.0,4.0,0.0,1.0,45,60
2026-10-31 05:50:53.993721,TXNREGIME_B_CROSS_PROCESS0001230,kondachristopher@paytm,412.42,5,5,food_delivery,upi_p2p,dev,0,0,0.0,0,0,0,0,,252.0,0.877,3.0,2806.353333333333,5218.842,5606.66,4.0,54.55551269861111,0.0,0.0,1.0,0.0,0.0,34,132
2026-10-31 06:21:22.972466,TXNREGIME_B_CROSS_PROCESS0001016,theodore82@ybl,348.53,5,6,groceries,upi_p2p,dev,0,0,0.0,0,0,0,0,,52.0,0.889,3.0,1159.86,1457.316,1475.9,5.0,8.013978858055555,0.0,1.0,1.0,0.0,1.0,16,138
2026-10-31 07:37:42.303116,TXNREGIME_B_CROSS_PROCESS0001437,lallaamara@oksbi,760.26,5,7,food_delivery,upi_p2m,dev,0,0,0.1,0,0,0,0,,256.2,0.824,3.0,715.9966666666666,1092.6209999999999,1137.05,6.0,49.44687723777778,0.0,0.0,2.0,6.0,2.0,201,77
2026-10-31 07:50:42.824479,TXNREGIME_B_CROSS_PROCESS0000318,wapte@paytm,412.15,5,7,groceries,upi_p2m,dev,0,0,0.0,0,0,0,0,,364.3,0.779,3.0,1034.03,1535.0369999999998,1613.86,5.0,13.713988465277778,0.0,1.0,0.0,3.0,1.0,167,156
2026-10-31 09:36:42.402476,TXNREGIME_B_CROSS_PROCESS0000450,yagnesh08@ybl,100000.0,5,9,groceries,upi_p2m,dev,0,0,2.3,0,0,0,0,,7.7,0.177,3.0,1700.4533333333331,2018.697,2045.55,3.0,50.95020132527778,0.0,0.0,1.0,0.0,0.0,89,166
2026-10-31 10:53:51.970442,TXNREGIME_B_CROSS_PROCESS0001176,vermadarika@okhdfc,584.21,5,10,food_delivery,upi_p2p,dev,0,0,0.0,0,0,0,0,,133.9,0.821,1.0,1191.08,1191.08,1191.08,5.0,143.38588448972223,0.0,0.0,0.0,5.0,1.0,245,64
2026-10-31 11:15:07.190361,TXNREGIME_B_CROSS_PROCESS0000423,balakrishnanmegha@okhdfc,2401.58,5,11,recharge,upi_p2p,dev,0,0,0.0,0,0,0,0,,108.5,0.805,3.0,530.29,728.237,755.68,4.0,40.959329099444446,0.0,0.0,1.0,4.0,1.0,265,148
2026-10-31 11:45:15.753785,TXNREGIME_B_CROSS_PROCESS0000146,canne@ybl,989.37,5,11,person_to_person,upi_p2p,dev,0,0,0.1,0,0,0,0,,627.0,0.522,3.0,16937.09,44888.615,49794.67,6.0,118.759820435,0.0,0.0,0.0,0.0,0.0,41,100
2026-10-31 12:30:07.984653,TXNREGIME_B_CROSS_PROCESS0001321,zhans@oksbi,23884.88,5,12,utility_bill,upi_p2p,dev,0,0,0.0,0,0,0,0,,270.2,0.47,4.0,813.0124999999999,1998.6499999999992,2273.12,6.0,43.88616998611111,0.0,0.0,0.0,4.0,2.0,93,4
2026-10-31 12:33:19.377230,TXNREGIME_B_CROSS_PROCESS0001169,obansal@ybl,4055.58,5,12,travel,upi_p2p,dev,0,0,0.0,0,0,0,0,,54.8,0.889,6.0,1260.665,3176.0525000000002,3783.3,7.0,8.452783236944445,0.0,1.0,4.0,0.0,1.0,290,60
2026-10-31 13:04:30.071367,TXNREGIME_B_CROSS_PROCESS0000152,vermadarika@okhdfc,311.79,5,13,e_commerce,upi_p2p,dev,0,1,10.4,0,0,0,0,,658.5,0.71,2.0,887.645,1160.7365,1191.08,6.0,2.1772502569444443,0.0,1.0,1.0,6.0,2.0,245,64
2026-10-31 13:10:04.224960,TXNREGIME_B_CROSS_PROCESS0001178,vermadarika@okhdfc,386.81,5,13,recharge,upi_p2p,dev,0,0,0.0,0,0,0,0,,32.4,0.87,3.0,695.6933333333333,1130.393,1191.08,6.0,0.0928204425,1.0,2.0,2.0,6.0,3.0,245,64
2026-10-31 14:48:14.188500,TXNREGIME_B_CROSS_PROCESS0000613,bdeol@ybl,1511.66,5,14,food_delivery,upi_p2p,dev,0,0,0.0,0,0,0,0,,196.2,0.892,8.0,987.3050000000001,1721.1689999999999,1858.46,6.0,55.07017919444444,0.0,0.0,1.0,0.0,0.0,154,85
2026-10-31 17:19:31.340681,TXNREGIME_B_CROSS_PROCESS0000331,nathanielghosh@okicici,831.34,5,17,e_commerce,upi_p2p,dev,0,0,0.0,0,0,0,0,,657.8,0.806,4.0,26275.34,85306.83249999996,100000.0,4.0,7.713593945833333,0.0,1.0,0.0,4.0,3.0,89,145
2026-10-31 17:29:21.316638,TXNREGIME_B_CROSS_PROCESS0000335,yauvanibala@okhdfc,690.18,5,17,person_to_person,upi_p2p,dev,0,0,0.0,0,0,0,0,,183.5,0.634,4.0,9875.5075,23055.265999999992,25776.44,4.0,78.55868811694444,0.0,0.0,1.0,0.0,0.0,80,45
2026-10-31 18:27:46.148616,TXNREGIME_B_CROSS_PROCESS0000208,bhattivasana@ybl,242.86,5,18,utility_bill,upi_p2p,dev,0,0,0.0,0,0,0,0,,779.2,0.99,7.0,2440.2257142857147,9239.295999999991,12744.49,6.0,26.457899153333333,0.0,0.0,0.0,0.0,0.0,96,10
2026-10-31 19:15:44.496656,TXNREGIME_B_CROSS_PROCESS0000853,vincentkalla@oksbi,845.15,5,19,recharge,upi_p2m,dev,0,0,0.0,0,0,0,0,,81.8,0.784,5.0,604.006,705.834,707.64,6.0,66.95695253277778,0.0,0.0,0.0,6.0,1.0,5,118
2026-10-31 20:42:55.842100,TXNREGIME_B_CROSS_PROCESS0001160,sanghviyashvi@ybl,292.07,5,20,food_delivery,upi_p2m,dev,0,0,0.0,1,0,0,0,,339.1,0.899,3.0,1030.3466666666666,1128.691,1132.89,7.0,37.729325091944446,0.0,0.0,0.0,7.0,2.0,0,140
2026-10-31 21:00:56.482869,TXNREGIME_B_CROSS_PROCESS0001005,groverubika@paytm,598.69,5,21,person_to_person,upi_p2m,dev,0,0,0.0,0,0,0,0,,116.1,0.864,4.0,12950.16,42473.87499999998,49794.67,7.0,9.261313634444445,0.0,1.0,0.0,5.0,1.0,41,142
2026-10-31 22:56:19.474261,TXNREGIME_B_CROSS_PROCESS0001309,zhans@oksbi,88.31,5,22,e_commerce,upi_p2m,dev,0,0,0.0,0,0,0,0,,26.3,0.964,6.0,644.1966666666666,810.7725,845.15,6.0,3.6763826680555556,0.0,1.0,1.0,5.0,1.0,5,4
2026-10-31 23:18:07.259856,TXNREGIME_B_CROSS_PROCESS0000740,sanghviyashvi@ybl,386.49,5,23,recharge,upi_p2p,dev,0,0,0.0,0,0,0,0,,1270.0,0.883,3.0,1284.34,1966.9569999999999,2060.0,5.0,39.661300323055556,0.0,0.0,1.0,0.0,0.0,292,140
2026-10-31 23:25:36.813739,TXNREGIME_B_CROSS_PROCESS0000427,sanghviyashvi@ybl,646.53,5,23,groceries,upi_p2m,dev,0,0,0.0,0,0,0,1,0.974406599291574,55.9,0.902,4.0,513.3275,973.0689999999997,1064.29,7.0,92.6666699775,0.0,0.0,2.0,0.0,0.0,322,140
2026-11-01 00:27:23.484108,TXNREGIME_B_CROSS_PROCESS0000875,yauvanibala@okhdfc,1067.77,6,0,person_to_person,upi_p2p,dev,0,0,0.0,0,0,0,0,,51.4,0.849,4.0,1013.655,1751.0099999999998,1891.26,4.0,66.0496529913889,0.0,0.0,2.0,4.0,3.0,133,45
2026-11-01 01:13:54.971292,TXNREGIME_B_CROSS_PROCESS0000594,nathanielghosh@okicici,1916.54,6,1,food_delivery,upi_p2m,dev,0,1,0.8,0,0,0,0,,81.3,0.927,5.0,21186.54,80409.10999999999,100000.0,4.0,7.906564058611111,0.0,2.0,1.0,4.0,4.0,89,145
2026-11-01 01:54:26.563843,TXNREGIME_B_CROSS_PROCESS0000167,kondachristopher@paytm,352.31,6,1,e_commerce,upi_p2p,dev,0,0,0.0,0,0,0,0,,150.6,0.503,5.0,8038.442,22148.207999999995,25776.44,5.0,8.41812422361111,0.0,1.0,1.0,5.0,2.0,80,132
2026-11-01 02:05:09.837031,TXNREGIME_B_CROSS_PROCESS0001412,yauvanibala@okhdfc,1496.9,6,2,e_commerce,upi_p2p,dev,0,0,0.0,0,0,0,0,,307.8,0.946,9.0,1045.5666666666666,1719.74,1858.46,6.0,11.282124591944443,0.0,1.0,3.0,3.0,1.0,154,45
2026-11-01 03:00:42.011279,TXNREGIME_B_CROSS_PROCESS0001037,zhans@oksbi,428.17,6,3,e_commerce,upi_p2m,dev,0,0,0.0,0,0,0,0,,117.5,0.566,1.0,999.01,999.01,999.01,4.0,109.95089478194446,0.0,0.0,2.0,0.0,0.0,260,4
2026-11-01 04:01:02.336500,TXNREGIME_B_CROSS_PROCESS0000915,vincentkalla@oksbi,1301.62,6,4,food_delivery,upi_p2p,dev,0,0,0.0,0,0,0,0,,142.5,0.83,6.0,2572.3966666666665,6792.63,7303.91,7.0,89.33790732666668,0.0,0.0,1.0,0.0,0.0,17,118
2026-11-01 04:25:43.652503,TXNREGIME_B_CROSS_PROCESS0000229,yagnesh08@ybl,313.63,6,4,recharge,upi_p2m,dev,0,0,0.0,0,0,0,0,,7.7,0.104,1.0,3163.31,3163.31,3163.31,1.0,31.283347325833336,0.0,0.0,1.0,0.0,0.0,338,166
2026-11-01 06:52:03.068031,TXNREGIME_B_CROSS_PROCESS0000949,groverubika@paytm,256.64,6,6,person_to_person,upi_p2p,dev,0,0,0.0,0,0,0,0,,992.4,0.939,3.0,1482.55,2571.725,2738.15,5.0,38.241374740833336,0.0,0.0,1.0,2.0,1.0,23,142
2026-11-01 07:15:34.895531,TXNREGIME_B_CROSS_PROCESS0001116,vyanjanaborde@okhdfc,665.42,6,7,food_delivery,upi_p2p,dev,0,0,0.0,0,0,0,0,,62.2,0.732,2.0,1555.825,1989.5035,2037.69,3.0,90.9843282775,0.0,0.0,0.0,0.0,0.0,319,109
2026-11-01 09:00:21.608447,TXNREGIME_B_CROSS_PROCESS0000755,bhattivasana@ybl,8232.07,6,9,person_to_person,upi_p2m,dev,0,0,0.0,0,0,0,0,,394.6,0.893,4.0,1059.8775,1920.4354999999996,2060.0,5.0,9.703985719722223,0.0,1.0,1.0,0.0,0.0,292,10
2026-11-01 10:12:39.771332,TXNREGIME_B_CROSS_PROCESS0001215,varshachokshi@oksbi,290.58,6,10,groceries,upi_p2p,dev,0,0,0.0,0,0,0,0,,81.0,0.935,0.0,0.0,0.0,0.0,0.0,720.0,0.0,0.0,0.0,0.0,0.0,117,14
2026-11-01 10:46:07.792534,TXNREGIME_B_CROSS_PROCESS0000556,obansal@ybl,602.17,6,10,groceries,upi_p2m,dev,0,0,0.0,0,0,0,0,,268.1,0.863,7.0,1659.9385714285713,3973.8959999999997,4055.58,8.0,22.213448695555552,0.0,1.0,1.0,1.0,2.0,290,60
2026-11-01 10:52:25.732400,TXNREGIME_B_CROSS_PROCESS0000896,vincentkalla@oksbi,1250.28,6,10,groceries,upi_p2p,dev,0,0,0.0,0,0,0,0,,119.0,0.557,3.0,293.8866666666667,408.543,420.62,5.0,30.746014790833332,0.0,0.0,2.0,5.0,1.0,305,118
2026-11-01 11:06:19.812657,TXNREGIME_B_CROSS_PROCESS0000942,kondachristopher@paytm,1312.48,6,11,e_commerce,upi_p2p,dev,0,0,0.0,0,0,0,0,,183.3,0.768,6.0,6757.419999999999,21241.149999999998,25776.44,5.0,9.198124670555556,0.0,2.0,1.0,5.0,3.0,80,132
2026-11-01 11:15:10.428294,TXNREGIME_B_CROSS_PROCESS0000575,lallaamara@oksbi,621.67,6,11,food_delivery,upi_p2p,dev,0,0,0.0,0,1,0,0,,95.3,0.886,2.0,975.8299999999999,1406.687,1454.56,3.0,46.14776427611111,0.0,0.0,0.0,0.0,0.0,22,77
2026-11-01 11:35:06.569015,TXNREGIME_B_CROSS_PROCESS0000009,groverubika@paytm,463.18,6,11,e_commerce,upi_p2p,dev,0,0,0.0,0,0,0,0,,130.7,0.897,5.0,539.9680000000001,980.7379999999998,1064.29,7.0,12.158265354444445,0.0,1.0,2.0,0.0,0.0,322,142
2026-11-01 12:16:28.112232,TXNREGIME_B_CROSS_PROCESS0000936,dalajachand@okicici,618.69,6,12,food_delivery,upi_p2m,dev,0,0,0.0,0,0,0,0,,330.4,0.858,8.0,2165.555,8655.096999999992,12744.49,7.0,17.81165656,0.0,1.0,0.0,7.0,1.0,96,9
2026-11-01 12:31:07.386235,TXNREGIME_B_CROSS_PROCESS0000130,kondachristopher@paytm,1988.88,6,12,recharge,upi_p2p,dev,0,0,0.0,0,0,0,0,,287.2,0.938,6.0,1782.72,4945.335,6158.77,7.0,38.0855188575,0.0,0.0,2.0,0.0,0.0,120,132
2026-11-01 12:31:51.544442,TXNREGIME_B_CROSS_PROCESS0001226,upma48@okicici,1839.68,6,12,other,upi_p2p,dev,0,0,0.0,0,0,0,0,,669.5,0.637,5.0,1414.33,2684.528,2859.79,7.0,62.509102953888885,0.0,0.0,0.0,2.0,1.0,205,92
2026-11-01 16:36:19.949294,TXNREGIME_B_CROSS_PROCESS0000044,psaxena@okicici,232.48,6,16,person_to_person,upi_p2p,dev,0,0,0.0,0,0,0,0,,110.8,0.316,4.0,1176.0725,2488.5125,2738.15,6.0,9.738022573055556,0.0,1.0,0.0,6.0,2.0,23,34
2026-11-01 16:51:00.701298,TXNREGIME_B_CROSS_PROCESS0000752,varshachokshi@oksbi,125.81,6,16,e_commerce,upi_p2p,dev,0,0,0.0,0,0,0,0,,807.5,0.93,6.0,1485.2216666666666,2640.7125,2859.79,7.0,4.319210237777778,0.0,1.0,1.0,7.0,2.0,205,14
2026-11-01 17:55:07.372905,TXNREGIME_B_CROSS_PROCESS0000732,bdeol@ybl,1114.76,6,17,person_to_person,upi_p2p,dev,0,0,0.0,0,0,0,1,0.43438852941176237,390.4,0.695,5.0,959.9200000000001,2050.6079999999997,2288.86,6.0,43.90743923583333,0.0,0.0,0.0,4.0,2.0,55,85
2026-11-01 18:08:58.570704,TXNREGIME_B_CROSS_PROCESS0000609,balakrishnanmegha@okhdfc,1716.12,6,18,groceries,upi_p2p,dev,0,1,3.2,0,0,0,0,,66.9,0.755,10.0,1090.7,1702.3999999999996,1858.46,7.0,16.06353713138889,0.0,1.0,0.0,7.0,3.0,154,148
2026-11-01 18:32:36.255028,TXNREGIME_B_CROSS_PROCESS0000581,kondachristopher@paytm,176.9,6,18,utility_bill,upi_p2p,dev,0,0,0.0,0,0,0,0,,200.2,0.523,0.0,0.0,0.0,0.0,0.0,720.0,0.0,0.0,3.0,0.0,0.0,68,132
2026-11-01 19:50:00.285586,TXNREGIME_B_CROSS_PROCESS0001375,vyanjanaborde@okhdfc,765.97,6,19,e_commerce,upi_p2p,dev,0,0,0.0,0,0,0,0,,84.0,0.993,4.0,957.0274999999999,1448.024,1475.9,6.0,37.477031422222225,0.0,0.0,1.0,0.0,0.0,16,109
2026-11-01 22:56:42.059886,TXNREGIME_B_CROSS_PROCESS0000889,balakrishnanmegha@okhdfc,1158.0,6,22,e_commerce,upi_p2p,dev,0,0,0.0,0,0,0,0,,1079.4,0.819,4.0,618.4725,1100.0494999999996,1191.08,7.0,33.77717636833333,0.0,0.0,1.0,0.0,0.0,245,148
2026-11-01 23:51:17.544613,TXNREGIME_B_CROSS_PROCESS0000672,vyanjanaborde@okhdfc,1050.52,6,23,groceries,upi_p2p,dev,0,0,0.0,0,0,0,0,,436.1,0.957,3.0,6126.349999999999,14122.421,15426.95,7.0,82.66252820527778,0.0,0.0,2.0,0.0,0.0,24,109
2026-11-01 23:58:33.600000,TXNREGIME_B_CROSS_PROCESS0001159,nathanielghosh@okicici,903.58,6,23,utility_bill,upi_p2m,dev,0,0,0.0,0,0,0,0,,340.2,0.723,6.0,17974.873333333333,75511.3875,100000.0,5.0,22.744063530000002,0.0,1.0,1.0,5.0,5.0,89,145
2026-11-01 23:58:33.600000,TXNREGIME_B_CROSS_PROCESS0000519,vermadarika@okhdfc,135.78,6,23,utility_bill,upi_p2m,dev,0,0,0.0,0,0,0,0,,649.1,0.62,5.0,726.3779999999999,1184.464,1191.08,7.0,1.030983365,0.0,1.0,0.0,7.0,4.0,245,64
2026-11-01 23:58:33.600000,TXNREGIME_B_CROSS_PROCESS0000591,nathanielghosh@okicici,218.14,6,23,e_commerce,upi_p2p,dev,0,0,0.0,0,0,0,0,,455.9,0.656,4.0,845.7775,1126.5915,1132.89,8.0,27.260488305555555,0.0,0.0,1.0,0.0,0.0,0,145
2026-11-01 23:58:33.600000,TXNREGIME_B_CROSS_PROCESS0001370,canne@ybl,472.64,6,23,person_to_person,upi_p2p,dev,0,0,0.0,0,0,0,0,,1626.1,0.758,7.0,1100.9285714285713,2517.203,2650.28,7.0,90.74093285194445,0.0,0.0,0.0,0.0,0.0,315,100
2026-11-01 23:58:33.600000,TXNREGIME_B_CROSS_PROCESS0000973,nathanielghosh@okicici,482.97,6,23,food_delivery,upi_p2p,dev,0,0,0.0,0,0,0,0,,148.6,0.903,11.0,1147.5563636363638,1787.29,1858.46,7.0,5.826397026666667,0.0,2.0,1.0,5.0,1.0,154,145
2026-11-01 23:58:33.600000,TXNREGIME_B_CROSS_PROCESS0001425,bdeol@ybl,2223.65,6,23,other,upi_p2p,dev,0,0,0.0,0,0,0,0,,165.4,0.949,6.0,985.7266666666668,1995.335,2288.86,7.0,6.057285304166666,0.0,1.0,1.0,5.0,3.0,55,85
2026-11-01 23:58:33.600000,TXNREGIME_B_CROSS_PROCESS0001442,lallaamara@oksbi,2918.34,6,23,e_commerce,upi_p2p,dev,0,0,0.0,0,0,0,0,,64.4,0.624,4.0,1796.03,2486.502,2504.31,4.0,74.11541344083334,0.0,0.0,1.0,4.0,3.0,170,77
2026-11-01 23:58:33.600000,TXNREGIME_B_CROSS_PROCESS0000471,kondachristopher@paytm,430.42,6,23,person_to_person,upi_p2p,dev,0,0,0.0,0,0,1,0,,220.2,0.865,7.0,564.7842857142857,803.8969999999999,845.15,7.0,25.037257149722222,0.0,0.0,4.0,0.0,0.0,5,132
2026-11-01 23:58:33.600000,TXNREGIME_B_CROSS_PROCESS0000260,vincentkalla@oksbi,525.54,6,23,e_commerce,upi_p2p,dev,0,0,0.0,0,0,0,0,,90.1,0.608,8.0,1527.7175,3960.2819999999997,4055.58,8.0,13.207168740555556,0.0,1.0,2.0,6.0,1.0,290,118
2026-11-01 23:58:33.600000,TXNREGIME_B_CROSS_PROCESS0000766,kondachristopher@paytm,635.87,6,23,e_commerce,upi_autopay,dev,0,0,0.0,0,0,0,0,,127.6,0.82,4.0,727.0625,1080.5314999999998,1137.05,8.0,40.347582467777784,0.0,0.0,4.0,0.0,0.0,201,132
2026-11-01 23:58:33.600000,TXNREGIME_B_CROSS_PROCESS0001340,yauvanibala@okhdfc,513.32,6,23,utility_bill,upi_p2m,dev,0,0,0.0,0,0,0,0,,134.3,0.866,5.0,2494.316,6997.655999999999,8232.07,6.0,14.969997653611111,0.0,1.0,2.0,0.0,0.0,292,45
2026-11-01 23:58:33.600000,TXNREGIME_B_CROSS_PROCESS0001131,bdeol@ybl,592.35,6,23,groceries,upi_p2p,dev,0,0,0.0,0,0,0,0,,83.4,0.556,1.0,290.58,290.58,290.58,0.0,13.764952407777779,0.0,1.0,1.0,0.0,0.0,117,85
2026-11-02 07:35:28.937444,TXNREGIME_B_CROSS_PROCESS0000531,jasonpillai@oksbi,1410.58,0,7,recharge,upi_p2m,test,0,0,0.0,0,0,0,0,,460.5,0.701,0.0,0.0,0.0,0.0,0.0,720.0,0.0,0.0,0.0,0.0,0.0,198,103
2026-11-02 10:37:08.261086,TXNREGIME_B_CROSS_PROCESS0001166,dugargaurav@paytm,5161.22,0,10,groceries,upi_p2m,test,0,0,0.0,0,0,0,0,,789.9,0.537,0.0,0.0,0.0,0.0,0.0,720.0,0.0,0.0,0.0,0.0,0.0,273,23
2026-11-02 13:58:22.122915,TXNREGIME_B_CROSS_PROCESS0000876,janilucky@okhdfc,2102.81,0,13,utility_bill,upi_p2m,test,0,0,0.0,0,0,0,0,,178.3,0.907,0.0,0.0,0.0,0.0,0.0,720.0,0.0,0.0,0.0,0.0,0.0,138,111
2026-11-02 14:35:13.812634,TXNREGIME_B_CROSS_PROCESS0000363,jai04@okhdfc,340.73,0,14,food_delivery,upi_p2p,test,0,0,0.0,0,0,0,0,,117.2,0.796,0.0,0.0,0.0,0.0,0.0,720.0,0.0,0.0,0.0,0.0,0.0,110,63
2026-11-02 14:48:00.318574,TXNREGIME_B_CROSS_PROCESS0000446,prabhakarmaanas@ybl,1102.88,0,14,food_delivery,upi_p2p,test,0,0,0.0,0,0,0,0,,410.9,0.931,0.0,0.0,0.0,0.0,0.0,720.0,0.0,0.0,0.0,0.0,0.0,224,152
2026-11-02 15:07:02.734121,TXNREGIME_B_CROSS_PROCESS0001395,jhalak31@paytm,50000.0,0,15,other,upi_p2p,test,1,1,13.6,0,1,0,0,,5.3,0.0,0.0,0.0,0.0,0.0,0.0,720.0,0.0,0.0,0.0,0.0,0.0,303,165
2026-11-02 18:42:28.147050,TXNREGIME_B_CROSS_PROCESS0000558,vmemon@paytm,2407.07,0,18,person_to_person,upi_p2m,test,0,0,0.0,0,0,0,0,,46.8,0.744,0.0,0.0,0.0,0.0,0.0,720.0,0.0,0.0,0.0,0.0,0.0,261,78
2026-11-02 18:45:03.596347,TXNREGIME_B_CROSS_PROCESS0000979,khora@ybl,1177.93,0,18,recharge,upi_p2p,test,0,0,0.0,0,0,0,0,,1611.7,0.883,0.0,0.0,0.0,0.0,0.0,720.0,0.0,0.0,0.0,0.0,0.0,13,56
2026-11-02 19:38:47.867807,TXNREGIME_B_CROSS_PROCESS0000209,desaiqasim@ybl,1249.85,0,19,recharge,upi_p2p,test,0,0,0.0,0,0,0,0,,55.5,0.809,0.0,0.0,0.0,0.0,0.0,720.0,0.0,0.0,0.0,0.0,0.0,70,110
2026-11-02 19:56:41.395665,TXNREGIME_B_CROSS_PROCESS0001402,khora@ybl,2412.85,0,19,person_to_person,upi_p2m,test,0,0,0.0,0,0,0,0,,447.8,0.713,0.0,0.0,0.0,0.0,0.0,720.0,0.0,0.0,1.0,0.0,0.0,92,56
2026-11-02 20:17:39.926501,TXNREGIME_B_CROSS_PROCESS0001422,aaravbhargava@okicici,482.24,0,20,utility_bill,upi_p2p,test,0,0,0.0,0,0,0,0,,193.5,0.682,0.0,0.0,0.0,0.0,0.0,720.0,0.0,0.0,0.0,0.0,0.0,168,68
2026-11-02 20:56:27.754635,TXNREGIME_B_CROSS_PROCESS0001479,vmemon@paytm,749.81,0,20,recharge,upi_p2p,test,0,0,0.0,0,0,0,0,,66.2,0.986,0.0,0.0,0.0,0.0,0.0,720.0,0.0,0.0,1.0,0.0,0.0,29,78
2026-11-02 21:05:04.995087,TXNREGIME_B_CROSS_PROCESS0001025,prabhakarmaanas@ybl,1156.84,0,21,recharge,upi_p2p,test,0,0,0.0,0,0,0,0,,305.5,0.652,0.0,0.0,0.0,0.0,0.0,720.0,0.0,0.0,1.0,0.0,0.0,328,152
2026-11-02 21:24:01.230309,TXNREGIME_B_CROSS_PROCESS0001478,ijaya24@okicici,2627.0,0,21,utility_bill,upi_p2p,test,0,0,0.0,0,0,0,0,,537.6,0.706,0.0,0.0,0.0,0.0,0.0,720.0,0.0,0.0,0.0,0.0,0.0,129,39
2026-11-02 22:17:38.682957,TXNREGIME_B_CROSS_PROCESS0001270,prabhakarmaanas@ybl,731.93,0,22,e_commerce,upi_p2m,test,0,0,0.0,0,0,0,0,,349.6,0.748,0.0,0.0,0.0,0.0,0.0,720.0,0.0,0.0,2.0,0.0,0.0,113,152
2026-11-03 01:05:32.473624,TXNREGIME_B_CROSS_PROCESS0001451,hchandran@oksbi,1391.77,1,1,travel,upi_p2p,test,0,0,0.0,0,0,0,0,,481.2,0.938,1.0,731.93,731.93,731.93,0.0,2.7982751852777774,0.0,1.0,0.0,0.0,0.0,113,141
2026-11-03 02:05:32.461167,TXNREGIME_B_CROSS_PROCESS0001112,wmammen@oksbi,1676.48,1,2,other,upi_p2p,test,1,0,0.0,0,0,0,0,,10.1,0.0,0.0,0.0,0.0,0.0,0.0,720.0,0.0,0.0,0.0,0.0,0.0,280,162
2026-11-03 03:38:33.173893,TXNREGIME_B_CROSS_PROCESS0000646,divya74@okicici,3965.75,1,3,utility_bill,upi_p2m,test,0,0,0.0,0,0,0,0,,23.0,0.837,0.0,0.0,0.0,0.0,0.0,720.0,0.0,0.0,0.0,0.0,0.0,285,159
2026-11-03 04:18:30.176405,TXNREGIME_B_CROSS_PROCESS0000058,jhalak31@paytm,25197.39,1,4,recharge,upi_p2p,test,0,0,0.0,0,0,0,0,,4.3,0.214,0.0,0.0,0.0,0.0,0.0,720.0,0.0,0.0,1.0,0.0,0.0,250,165
2026-11-03 04:26:23.752369,TXNREGIME_B_CROSS_PROCESS0001316,doshidhriti@paytm,730.9,1,4,e_commerce,upi_p2p,test,0,0,0.0,0,0,0,0,,374.8,0.907,0.0,0.0,0.0,0.0,0.0,720.0,0.0,0.0,0.0,0.0,0.0,172,139
2026-11-03 04:48:25.102788,TXNREGIME_B_CROSS_PROCESS0000716,dugargaurav@paytm,466.06,1,4,recharge,upi_p2m,test,0,0,0.0,0,0,0,0,,1105.2,0.841,0.0,0.0,0.0,0.0,0.0,720.0,0.0,0.0,1.0,0.0,0.0,220,23
2026-11-03 05:13:20.478954,TXNREGIME_B_CROSS_PROCESS0000265,lpadmanabhan@ybl,6225.99,1,5,recharge,upi_p2p,test,0,0,0.0,0,0,1,0,,157.1,0.897,0.0,0.0,0.0,0.0,0.0,720.0,0.0,0.0,0.0,0.0,0.0,109,58
2026-11-03 05:23:36.999744,TXNREGIME_B_CROSS_PROCESS0001154,khora@ybl,548.55,1,5,recharge,upi_p2m,test,0,0,0.0,0,0,0,0,,254.2,0.977,1.0,2407.07,2407.07,2407.07,0.0,10.685792415,0.0,1.0,2.0,0.0,0.0,261,56
2026-11-03 07:03:28.259864,TXNREGIME_B_CROSS_PROCESS0000303,prabhakarmaanas@ybl,3236.92,1,7,person_to_person,upi_p2m,test,0,0,0.0,0,0,0,0,,1291.0,0.658,1.0,50000.0,50000.0,50000.0,0.0,15.9404238175,0.0,1.0,3.0,0.0,0.0,303,152
2026-11-03 07:05:37.134690,TXNREGIME_B_CROSS_PROCESS0001444,david08@paytm,933.65,1,7,travel,upi_p2p,test,0,0,0.0,0,0,0,0,,46.5,0.923,0.0,0.0,0.0,0.0,0.0,720.0,0.0,0.0,0.0,0.0,0.0,73,88
2026-11-03 08:03:00.790785,TXNREGIME_B_CROSS_PROCESS0000514,ijaya24@okicici,621.62,1,8,groceries,upi_p2m,test,0,0,0.0,0,0,0,0,,297.6,0.894,0.0,0.0,0.0,0.0,0.0,720.0,0.0,0.0,1.0,0.0,0.0,59,39
2026-11-03 08:12:51.410219,TXNREGIME_B_CROSS_PROCESS0000704,ijaya24@okicici,254.32,1,8,e_commerce,upi_p2p,test,0,0,0.0,0,0,0,0,,189.9,0.983,0.0,0.0,0.0,0.0,0.0,720.0,0.0,0.0,2.0,0.0,0.0,317,39
2026-11-03 08:51:16.621599,TXNREGIME_B_CROSS_PROCESS0001397,lallafalguni@paytm,618.7,1,8,groceries,upi_p2p,test,0,0,0.0,0,0,0,0,,166.3,0.931,0.0,0.0,0.0,0.0,0.0,720.0,0.0,0.0,0.0,0.0,0.0,30,131
2026-11-03 09:38:17.299566,TXNREGIME_B_CROSS_PROCESS0001173,jaggigagan@oksbi,366.83,1,9,recharge,upi_p2m,test,0,0,0.0,0,0,0,0,,165.4,0.717,1.0,254.32,254.32,254.32,0.0,1.4238581519444444,0.0,1.0,0.0,0.0,0.0,317,150
2026-11-03 09:49:20.797607,TXNREGIME_B_CROSS_PROCESS0000649,hchandran@oksbi,866.93,1,9,e_commerce,upi_p2p,test,0,0,0.0,0,0,0,0,,160.6,0.882,1.0,1676.48,1676.48,1676.48,0.0,7.730093455555555,0.0,1.0,1.0,0.0,0.0,280,141
2026-11-03 14:13:36.084124,TXNREGIME_B_CROSS_PROCESS0000253,lallafalguni@paytm,288.11,1,14,utility_bill,upi_p2p,test,0,0,0.0,0,0,0,0,,285.6,0.884,1.0,1249.85,1249.85,1249.85,0.0,18.580060088055554,0.0,1.0,1.0,0.0,0.0,70,131
2026-11-03 14:49:58.600387,TXNREGIME_B_CROSS_PROCESS0000638,desaiqasim@ybl,5415.45,1,14,groceries,upi_p2m,test,0,0,0.0,0,0,0,0,,93.6,0.792,0.0,0.0,0.0,0.0,0.0,720.0,0.0,0.0,1.0,0.0,0.0,232,110
2026-11-03 15:29:34.161631,TXNREGIME_B_CROSS_PROCESS0001308,desaiqasim@ybl,6442.85,1,15,utility_bill,upi_autopay,test,0,1,2.5,0,0,0,0,,114.1,0.901,0.0,0.0,0.0,0.0,0.0,720.0,0.0,0.0,2.0,0.0,0.0,69,110
2026-11-03 16:57:37.726550,TXNREGIME_B_CROSS_PROCESS0001057,yashvibora@paytm,40.11,1,16,person_to_person,upi_p2p,test,0,0,0.0,0,0,0,0,,790.9,0.874,0.0,0.0,0.0,0.0,0.0,720.0,0.0,0.0,0.0,0.0,0.0,304,147
2026-11-03 18:39:35.973223,TXNREGIME_B_CROSS_PROCESS0000498,lallafalguni@paytm,2907.97,1,18,other,upi_p2m,test,0,0,0.0,0,0,0,0,,391.2,0.605,2.0,768.98,1201.763,1249.85,0.0,4.4333025275,0.0,2.0,2.0,0.0,1.0,70,131
2026-11-03 18:51:19.327584,TXNREGIME_B_CROSS_PROCESS0001271,lallafalguni@paytm,287.95,1,18,food_delivery,upi_p2m,test,0,0,0.0,0,0,0,0,,40.0,0.836,0.0,0.0,0.0,0.0,0.0,720.0,0.0,0.0,3.0,0.0,0.0,242,131
2026-11-03 20:36:47.745240,TXNREGIME_B_CROSS_PROCESS0000931,balasubramanianhardik@paytm,4035.36,1,20,food_delivery,upi_p2p,test,0,0,0.0,0,0,0,0,,376.5,0.855,1.0,6225.99,6225.99,6225.99,0.0,15.390907301666665,0.0,1.0,0.0,0.0,0.0,109,107
2026-11-03 21:09:01.886534,TXNREGIME_B_CROSS_PROCESS0000845,jaggigagan@oksbi,770.95,1,21,utility_bill,upi_p2p,test,0,0,0.0,0,0,0,0,,69.3,0.818,1.0,1410.58,1410.58,1410.58,1.0,37.559152525,0.0,0.0,1.0,0.0,0.0,198,150
2026-11-03 23:30:11.409514,TXNREGIME_B_CROSS_PROCESS0001034,hchandran@oksbi,1324.12,1,23,utility_bill,upi_p2p,test,0,0,0.0,0,0,0,0,,301.6,0.694,2.0,1271.705,1636.0025,1676.48,0.0,13.680725529722222,0.0,2.0,2.0,0.0,1.0,280,141
2026-11-04 00:41:31.440811,TXNREGIME_B_CROSS_PROCESS0000016,hchandran@oksbi,192.28,2,0,e_commerce,upi_p2m,test,0,0,0.0,0,0,0,0,,243.4,0.821,2.0,1061.85,1358.7779999999998,1391.77,1.0,23.5997131075,0.0,1.0,3.0,0.0,1.0,113,141
2026-11-04 01:33:36.565880,TXNREGIME_B_CROSS_PROCESS0001165,idalal@paytm,640.83,2,1,recharge,upi_p2p,test,0,0,0.2,0,0,0,0,,21.2,0.948,0.0,0.0,0.0,0.0,0.0,720.0,0.0,0.0,0.0,0.0,0.0,127,35
2026-11-04 01:57:43.037932,TXNREGIME_B_CROSS_PROCESS0001389,amara13@paytm,1098.73,2,1,groceries,upi_p2p,test,0,0,0.0,0,0,0,0,,156.5,0.859,0.0,0.0,0.0,0.0,0.0,720.0,0.0,0.0,0.0,0.0,0.0,277,15
2026-11-04 02:26:21.394924,TXNREGIME_B_CROSS_PROCESS0000686,ijaya24@okicici,1049.04,2,2,person_to_person,upi_p2p,test,0,0,0.0,0,0,0,0,,77.0,0.719,0.0,0.0,0.0,0.0,0.0,720.0,0.0,0.0,2.0,0.0,0.0,63,39
2026-11-04 03:01:29.310948,TXNREGIME_B_CROSS_PROCESS0000278,hemanidixit@okicici,2070.96,2,3,food_delivery,upi_p2m,test,0,0,0.0,0,0,0,0,,794.3,0.796,0.0,0.0,0.0,0.0,0.0,720.0,0.0,0.0,0.0,0.0,0.0,99,126
2026-11-04 03:16:26.504425,TXNREGIME_B_CROSS_PROCESS0000006,aaravbhargava@okicici,378.1,2,3,person_to_person,upi_p2m,test,0,0,0.0,0,0,0,0,,237.4,0.58,0.0,0.0,0.0,0.0,0.0,720.0,0.0,0.0,0.0,0.0,0.0,184,68
2026-11-04 04:02:27.682775,TXNREGIME_B_CROSS_PROCESS0000197,balasubramanianhardik@paytm,1222.53,2,4,person_to_person,upi_autopay,test,0,0,0.0,0,0,0,0,,68.8,0.827,1.0,25197.39,25197.39,25197.39,0.0,23.732640658333334,0.0,1.0,1.0,0.0,0.0,250,107
2026-11-04 05:11:52.376576,TXNREGIME_B_CROSS_PROCESS0000622,balasubramanianhardik@paytm,1032.69,2,5,groceries,upi_p2p,test,0,0,0.0,0,0,0,0,,79.6,0.569,0.0,0.0,0.0,0.0,0.0,720.0,0.0,0.0,2.0,0.0,0.0,308,107
2026-11-04 05:29:11.428116,TXNREGIME_B_CROSS_PROCESS0001245,sastryirya@ybl,2528.59,2,5,person_to_person,upi_p2p,test,0,0,0.0,0,0,0,0,,593.3,0.931,1.0,2070.96,2070.96,2070.96,0.0,2.4616992133333335,0.0,1.0,0.0,0.0,0.0,99,146
2026-11-04 06:08:50.420088,TXNREGIME_B_CROSS_PROCESS0000171,usoman@okhdfc,286.54,2,6,utility_bill,upi_p2m,test,0,0,0.0,0,1,0,0,,136.0,0.845,0.0,0.0,0.0,0.0,0.0,720.0,0.0,0.0,0.0,0.0,0.0,272,41
2026-11-04 07:24:08.886653,TXNREGIME_B_CROSS_PROCESS0000204,prabhakarmaanas@ybl,1103.68,2,7,e_commerce,upi_p2p,test,0,0,0.0,0,0,0,0,,1372.1,0.804,0.0,0.0,0.0,0.0,0.0,720.0,0.0,0.0,0.0,0.0,0.0,158,152
2026-11-04 10:06:38.783295,TXNREGIME_B_CROSS_PROCESS0000230,dugargaurav@paytm,2988.75,2,10,e_commerce,upi_p2m,test,0,0,0.0,0,0,0,0,,238.5,0.875,1.0,5161.22,5161.22,5161.22,1.0,47.49181172472222,0.0,0.0,0.0,1.0,1.0,273,23
2026-11-04 10:32:37.180265,TXNREGIME_B_CROSS_PROCESS0000493,ijaya24@okicici,171.79,2,10,food_delivery,upi_autopay,test,0,0,0.0,0,0,0,0,,129.9,0.872,1.0,2627.0,2627.0,2627.0,1.0,37.14331943222222,0.0,0.0,1.0,1.0,1.0,129,39
2026-11-04 14:03:03.491558,TXNREGIME_B_CROSS_PROCESS0001235,jai04@okhdfc,3508.87,2,14,food_delivery,upi_p2p,test,0,0,0.0,0,0,0,0,,30.7,0.877,0.0,0.0,0.0,0.0,0.0,720.0,0.0,0.0,0.0,0.0,0.0,330,63
2026-11-04 16:09:48.273070,TXNREGIME_B_CROSS_PROCESS0000151,prabhakarmaanas@ybl,6470.53,2,16,food_delivery,upi_p2p,test,0,0,0.0,0,0,0,0,,267.7,0.683,0.0,0.0,0.0,0.0,0.0,720.0,0.0,0.0,1.0,0.0,0.0,107,152
2026-11-04 16:23:41.243114,TXNREGIME_B_CROSS_PROCESS0001078,sastryirya@ybl,3484.23,2,16,other,upi_p2p,test,0,0,0.0,0,0,0,0,,63.4,0.798,2.0,13209.96,23998.646999999997,25197.39,1.0,12.353766760833334,0.0,1.0,1.0,0.0,0.0,250,146
2026-11-04 16:41:07.670844,TXNREGIME_B_CROSS_PROCESS0000026,usoman@okhdfc,4403.47,2,16,utility_bill,upi_p2m,test,0,0,0.0,0,0,0,0,,55.7,0.686,2.0,310.575,361.2045,366.83,1.0,31.047325355,0.0,0.0,1.0,0.0,0.0,317,41
2026-11-04 16:53:16.018635,TXNREGIME_B_CROSS_PROCESS0000825,harrison25@ybl,1774.76,2,16,person_to_person,upi_p2p,test,0,0,0.0,0,0,0,0,,347.9,0.922,0.0,0.0,0.0,0.0,0.0,720.0,0.0,0.0,0.0,0.0,0.0,40,82
2026-11-04 17:43:41.137072,TXNREGIME_B_CROSS_PROCESS0000788,jaggigagan@oksbi,353.9,2,17,groceries,upi_p2p,test,0,0,0.0,0,0,0,1,1.0696668567015892,420.8,0.884,0.0,0.0,0.0,0.0,0.0,720.0,0.0,0.0,1.0,0.0,0.0,236,150
2026-11-04 19:37:03.972696,TXNREGIME_B_CROSS_PROCESS0001491,chaaya60@ybl,255.79,2,19,groceries,upi_p2p,test,0,0,0.0,0,0,0,0,,437.9,0.64,0.0,0.0,0.0,0.0,0.0,720.0,0.0,0.0,0.0,0.0,0.0,166,122
2026-11-04 19:45:21.320118,TXNREGIME_B_CROSS_PROCESS0001015,yashvibora@paytm,1121.94,2,19,other,upi_autopay,test,0,0,0.0,0,0,0,0,,114.7,0.906,2.0,1090.7649999999999,1378.5985,1410.58,2.0,22.60539821777778,0.0,1.0,0.0,0.0,0.0,198,147
2026-11-04 21:00:01.842050,TXNREGIME_B_CROSS_PROCESS0001170,jhalak31@paytm,15263.86,2,21,person_to_person,upi_p2p,test,0,0,0.0,0,1,0,0,,1.1,0.463,0.0,0.0,0.0,0.0,0.0,720.0,0.0,0.0,0.0,0.0,0.0,7,165
2026-11-04 21:27:20.451114,TXNREGIME_B_CROSS_PROCESS0001099,aaravbhargava@okicici,445.17,2,21,groceries,upi_p2p,test,0,1,0.2,0,0,0,0,,68.4,0.982,3.0,1674.8733333333332,3999.806,4403.47,1.0,4.770216741666666,0.0,1.0,1.0,0.0,0.0,317,68
2026-11-04 21:57:07.990926,TXNREGIME_B_CROSS_PROCESS0000851,prabhakarmaanas@ybl,1025.8,2,21,other,upi_p2p,test,0,0,0.0,0,0,0,0,,212.0,0.554,3.0,771.9933333333333,1325.786,1391.77,1.0,21.260152809722225,0.0,1.0,2.0,1.0,1.0,113,152
2026-11-04 22:10:45.196813,TXNREGIME_B_CROSS_PROCESS0001140,hemanidixit@okicici,537.98,2,22,e_commerce,upi_autopay,test,0,0,0.0,0,0,0,0,,67.2,0.897,1.0,618.7,618.7,618.7,1.0,37.32460422611111,0.0,0.0,1.0,0.0,0.0,30,126
2026-11-04 23:24:08.959965,TXNREGIME_B_CROSS_PROCESS0001073,usoman@okhdfc,907.74,2,23,recharge,upi_p2p,test,0,0,0.0,0,0,0,0,,25.6,0.847,0.0,0.0,0.0,0.0,0.0,720.0,0.0,0.0,2.0,0.0,0.0,37,41
2026-11-04 23:44:44.558227,TXNREGIME_B_CROSS_PROCESS0000877,vmemon@paytm,1078.51,2,23,e_commerce,upi_p2m,test,0,0,0.0,0,0,0,0,,353.3,0.887,1.0,40.11,40.11,40.11,1.0,30.78523102138889,0.0,0.0,0.0,0.0,0.0,304,78
2026-11-04 23:50:44.833100,TXNREGIME_B_CROSS_PROCESS0001123,idalal@paytm,2764.0,2,23,groceries,upi_p2p,test,0,0,0.0,0,0,0,0,,530.3,0.917,0.0,0.0,0.0,0.0,0.0,720.0,0.0,0.0,1.0,0.0,0.0,208,35
2026-11-05 00:13:03.048380,TXNREGIME_B_CROSS_PROCESS0001068,yashvibora@paytm,879.97,3,0,food_delivery,upi_p2p,test,0,0,0.0,0,0,0,0,,402.7,0.697,1.0,286.54,286.54,286.54,0.0,18.070174525555554,0.0,1.0,1.0,0.0,0.0,272,147
2026-11-05 03:21:51.259048,TXNREGIME_B_CROSS_PROCESS0000637,amara13@paytm,265.72,3,3,other,upi_p2p,test,0,0,0.0,0,0,0,0,,36.2,0.955,1.0,1774.76,1774.76,1774.76,0.0,10.476455670277778,0.0,1.0,0.0,0.0,0.0,40,15
2026-11-05 05:53:11.939806,TXNREGIME_B_CROSS_PROCESS0000244,dbatra@ybl,7841.78,3,5,food_delivery,upi_p2p,test,0,0,0.0,0,0,0,0,,201.9,0.702,1.0,6470.53,6470.53,6470.53,0.0,13.72324076,0.0,1.0,0.0,0.0,0.0,107,3
2026-11-05 06:09:07.605882,TXNREGIME_B_CROSS_PROCESS0000914,chaaya60@ybl,1333.45,3,6,food_delivery,upi_p2m,test,0,0,0.0,0,0,0,1,2.700939586779712,289.9,0.674,1.0,1103.68,1103.68,1103.68,0.0,22.749644230277777,0.0,1.0,1.0,0.0,0.0,158,122
2026-11-05 06:12:09.813239,TXNREGIME_B_CROSS_PROCESS0000273,jasonpillai@oksbi,94.64,3,6,groceries,upi_p2m,test,0,0,0.0,0,0,0,0,,27.0,0.941,0.0,0.0,0.0,0.0,0.0,720.0,0.0,0.0,0.0,0.0,0.0,11,103
2026-11-05 09:04:56.333855,TXNREGIME_B_CROSS_PROCESS0001031,lpadmanabhan@ybl,920.75,3,9,e_commerce,upi_autopay,test,0,0,0.0,0,0,0,0,,174.0,0.861,1.0,2412.85,2412.85,2412.85,2.0,61.13748283055555,0.0,0.0,0.0,0.0,0.0,92,58
2026-11-05 09:22:57.858750,TXNREGIME_B_CROSS_PROCESS0000974,sastryirya@ybl,499.69,3,9,e_commerce,upi_autopay,test,0,0,0.0,0,0,0,0,,32.5,0.765,1.0,6442.85,6442.85,6442.85,1.0,41.88991586638888,0.0,0.0,1.0,0.0,0.0,69,146
2026-11-05 09:54:14.264592,TXNREGIME_B_CROSS_PROCESS0001461,divya74@okicici,199.94,3,9,person_to_person,upi_p2m,test,0,0,0.3,0,0,0,0,,650.2,0.721,2.0,1399.395,2504.2394999999997,2627.0,2.0,23.360301201944445,0.0,1.0,0.0,0.0,0.0,129,159
2026-11-05 14:09:20.943841,TXNREGIME_B_CROSS_PROCESS0000892,lpadmanabhan@ybl,164.3,3,14,groceries,upi_p2m,test,0,1,0.3,0,0,0,0,,386.0,0.576,0.0,0.0,0.0,0.0,0.0,720.0,0.0,0.0,1.0,0.0,0.0,98,58
2026-11-05 14:13:54.602485,TXNREGIME_B_CROSS_PROCESS0000689,ijaya24@okicici,1656.24,3,14,e_commerce,upi_p2p,test,0,0,0.0,0,0,0,0,,83.6,0.968,0.0,0.0,0.0,0.0,0.0,720.0,0.0,0.0,0.0,0.0,0.0,294,39
2026-11-05 15:38:52.521312,TXNREGIME_B_CROSS_PROCESS0000596,ygopal@ybl,258.82,3,15,e_commerce,upi_p2p,test,0,0,0.0,0,0,0,0,,314.2,0.701,3.0,1289.1766666666665,1641.244,1676.48,2.0,40.14475327722222,0.0,0.0,0.0,0.0,0.0,280,133
2026-11-05 16:24:43.342844,TXNREGIME_B_CROSS_PROCESS0000205,lallafalguni@paytm,1647.39,3,16,person_to_person,upi_p2p,test,0,0,0.0,0,0,0,0,,331.1,0.919,1.0,287.95,287.95,287.95,1.0,45.55667090555555,0.0,0.0,0.0,1.0,1.0,242,131
2026-11-05 16:52:26.214439,TXNREGIME_B_CROSS_PROCESS0001168,chaaya60@ybl,149.21,3,16,groceries,upi_p2p,test,0,0,0.0,0,0,0,0,,1708.4,0.671,0.0,0.0,0.0,0.0,0.0,720.0,0.0,0.0,2.0,0.0,0.0,213,122
2026-11-05 18:58:04.484702,TXNREGIME_B_CROSS_PROCESS0000392,usoman@okhdfc,1150.65,3,18,food_delivery,upi_p2m,test,0,0,0.0,0,0,0,0,,77.9,0.945,1.0,907.74,907.74,907.74,0.0,19.565423538055555,0.0,1.0,1.0,0.0,1.0,37,41
2026-11-05 19:16:28.787033,TXNREGIME_B_CROSS_PROCESS0000980,janilucky@okhdfc,1419.64,3,19,utility_bill,upi_p2p,test,0,0,0.0,0,0,0,1,3.525577349927329,73.7,0.898,0.0,0.0,0.0,0.0,0.0,720.0,0.0,0.0,0.0,0.0,0.0,15,111
2026-11-05 20:24:18.520395,TXNREGIME_B_CROSS_PROCESS0000001,jaggigagan@oksbi,585.17,3,20,person_to_person,upi_p2m,test,0,0,0.0,0,0,0,0,,478.9,0.397,4.0,1367.4475,3809.724999999999,4403.47,2.0,22.949463689166667,0.0,1.0,0.0,2.0,1.0,317,150
2026-11-05 21:22:17.732019,TXNREGIME_B_CROSS_PROCESS0000160,balasubramanianhardik@paytm,3559.15,3,21,travel,upi_p2m,test,0,0,0.0,0,0,0,0,,493.8,0.955,1.0,1049.04,1049.04,1049.04,1.0,42.93231585972222,0.0,0.0,0.0,0.0,0.0,63,107
2026-11-05 23:08:06.618010,TXNREGIME_B_CROSS_PROCESS0000648,sastryirya@ybl,1869.06,3,23,recharge,upi_p2p,test,0,0,0.0,0,0,0,0,,430.3,0.912,1.0,1032.69,1032.69,1032.69,1.0,41.93728928722222,0.0,0.0,1.0,0.0,0.0,308,146
2026-11-06 02:21:59.463290,TXNREGIME_B_CROSS_PROCESS0000564,aaravbhargava@okicici,1854.98,4,2,e_commerce,upi_p2m,test,0,0,0.0,0,0,0,0,,396.8,0.804,1.0,15263.86,15263.86,15263.86,1.0,29.366005899999998,0.0,0.0,0.0,0.0,0.0,7,68
2026-11-06 02:37:13.974204,TXNREGIME_B_CROSS_PROCESS0000837,ijaya24@okicici,885.72,4,2,food_delivery,upi_p2m,test,0,0,0.0,0,0,0,0,,22.5,0.915,3.0,999.5766666666667,2384.294,2627.0,3.0,16.716586003333333,0.0,1.0,1.0,3.0,2.0,129,39
2026-11-06 04:41:09.168220,TXNREGIME_B_CROSS_PROCESS0001220,balasubramanianhardik@paytm,306.74,4,4,utility_bill,upi_p2m,test,0,0,0.0,0,0,0,0,,80.7,0.62,2.0,5130.675,6116.4585,6225.99,2.0,56.072617494444444,0.0,0.0,1.0,2.0,1.0,109,107
2026-11-06 06:01:16.792241,TXNREGIME_B_CROSS_PROCESS0000060,nidradin@paytm,2505.82,4,6,recharge,upi_p2p,test,0,0,0.0,0,0,0,1,3.104683139059798,587.5,0.906,1.0,353.9,353.9,353.9,1.0,36.29323754694445,0.0,0.0,0.0,0.0,0.0,236,90
2026-11-06 06:15:00.946559,TXNREGIME_B_CROSS_PROCESS0001104,gulatireva@okhdfc,5789.2,4,6,e_commerce,upi_autopay,test,0,0,0.0,0,0,0,0,,256.3,0.957,0.0,0.0,0.0,0.0,0.0,720.0,0.0,0.0,0.0,0.0,0.0,155,72
2026-11-06 07:02:41.729312,TXNREGIME_B_CROSS_PROCESS0000850,yashvibora@paytm,304.45,4,7,food_delivery,upi_p2m,test,0,0,0.0,0,0,1,0,,192.8,0.94,2.0,559.31,1026.59,1078.51,2.0,31.299214190277777,0.0,0.0,0.0,2.0,1.0,304,147
2026-11-06 07:21:59.324314,TXNREGIME_B_CROSS_PROCESS0001008,chaaya60@ybl,452.17,4,7,other,upi_p2p,test,0,0,0.0,0,0,0,0,,477.1,0.779,1.0,149.21,149.21,149.21,0.0,14.492530520833334,0.0,1.0,1.0,0.0,1.0,213,122
2026-11-06 07:54:13.504638,TXNREGIME_B_CROSS_PROCESS0001000,dugargaurav@paytm,837.96,4,7,utility_bill,upi_p2m,test,0,0,0.0,0,0,0,0,,184.9,0.672,2.0,3471.27,6145.692,6442.85,2.0,22.521012746666667,0.0,1.0,0.0,0.0,0.0,69,23
2026-11-06 09:46:02.792954,TXNREGIME_B_CROSS_PROCESS0001225,lpadmanabhan@ybl,1110.68,4,9,utility_bill,upi_p2m,test,0,0,0.0,0,0,1,0,,75.1,0.927,1.0,2764.0,2764.0,2764.0,1.0,33.921655515,0.0,0.0,1.0,0.0,0.0,208,58
2026-11-06 09:46:41.758587,TXNREGIME_B_CROSS_PROCESS0000143,usoman@okhdfc,62.31,4,9,groceries,upi_p2m,test,0,0,3.0,0,0,0,0,,477.6,0.657,2.0,578.34,614.664,618.7,3.0,35.599044937222224,0.0,0.0,1.0,0.0,0.0,30,41
2026-11-06 10:12:40.980419,TXNREGIME_B_CROSS_PROCESS0001163,maanavdasgupta@okhdfc,126.85,4,10,travel,upi_p2p,test,0,0,0.0,0,0,0,0,,578.5,0.697,2.0,2299.775,2505.7085,2528.59,2.0,52.72487563972222,0.0,0.0,0.0,0.0,0.0,99,52
2026-11-06 10:43:14.709221,TXNREGIME_B_CROSS_PROCESS0000898,prabhakarmaanas@ybl,10180.89,4,10,utility_bill,upi_p2p,test,0,0,0.0,0,0,0,0,,345.4,0.823,4.0,835.4449999999999,1336.8745,1391.77,3.0,36.76853285972222,0.0,0.0,0.0,3.0,2.0,113,152
2026-11-06 11:41:27.582594,TXNREGIME_B_CROSS_PROCESS0000988,aaravbhargava@okicici,2993.49,4,11,food_delivery,upi_p2p,test,0,0,0.0,0,0,0,0,,910.8,0.902,1.0,255.79,255.79,255.79,1.0,40.07322497166667,0.0,0.0,1.0,0.0,0.0,166,68
2026-11-06 13:25:56.634606,TXNREGIME_B_CROSS_PROCESS0000401,dbatra@ybl,1746.15,4,13,travel,upi_p2m,test,0,0,0.0,0,0,0,0,,1073.2,0.738,1.0,164.3,164.3,164.3,0.0,23.276580768055556,0.0,1.0,0.0,0.0,0.0,98,3
2026-11-06 14:39:21.825898,TXNREGIME_B_CROSS_PROCESS0001157,jai04@okhdfc,223.52,4,14,food_delivery,upi_p2p,test,1,0,0.0,0,0,0,0,,665.1,0.681,0.0,0.0,0.0,0.0,0.0,720.0,0.0,0.0,0.0,0.0,0.0,320,63
2026-11-06 17:02:02.445811,TXNREGIME_B_CROSS_PROCESS0000484,yashvibora@paytm,1542.68,4,17,person_to_person,upi_p2p,test,0,0,0.0,0,0,1,0,,50.3,0.828,3.0,474.3566666666666,1001.1039999999998,1078.51,3.0,9.98908791638889,0.0,1.0,1.0,3.0,2.0,304,147
2026-11-06 19:14:47.874527,TXNREGIME_B_CROSS_PROCESS0001065,aaravbhargava@okicici,607.71,4,19,utility_bill,upi_p2m,test,0,0,0.0,0,0,1,0,,229.0,0.596,0.0,0.0,0.0,0.0,0.0,720.0,0.0,0.0,2.0,0.0,0.0,53,68
2026-11-06 19:35:41.246897,TXNREGIME_B_CROSS_PROCESS0000856,hemanidixit@okicici,413.18,4,19,e_commerce,upi_p2p,test,0,0,0.0,0,0,0,0,,247.3,0.882,1.0,621.62,621.62,621.62,3.0,83.54457114222222,0.0,0.0,0.0,0.0,0.0,59,126
2026-11-06 19:50:21.778714,TXNREGIME_B_CROSS_PROCESS0000343,ijaya24@okicici,218.91,4,19,groceries,upi_p2m,test,0,0,0.0,0,0,0,0,,546.0,0.688,1.0,223.52,223.52,223.52,0.0,5.183320226666667,0.0,1.0,1.0,0.0,0.0,320,39
2026-11-06 19:58:11.489385,TXNREGIME_B_CROSS_PROCESS0001151,chaaya60@ybl,12231.1,4,19,food_delivery,upi_p2p,test,0,0,0.0,0,0,0,0,,886.5,0.933,0.0,0.0,0.0,0.0,0.0,720.0,0.0,0.0,1.0,0.0,0.0,51,122
2026-11-06 21:55:50.279891,TXNREGIME_B_CROSS_PROCESS0000774,aaravbhargava@okicici,190.43,4,21,other,upi_p2m,test,0,0,0.0,0,0,0,0,,228.6,0.332,2.0,1624.6399999999999,2856.6049999999996,2993.49,2.0,10.239638138055556,0.0,1.0,3.0,0.0,1.0,166,68
2026-11-06 22:21:19.573005,TXNREGIME_B_CROSS_PROCESS0000485,david08@paytm,470.9,4,22,person_to_person,upi_p2p,test,0,0,0.0,0,0,0,0,,476.0,0.652,0.0,0.0,0.0,0.0,0.0,720.0,0.0,0.0,0.0,0.0,0.0,243,88
2026-11-06 22:40:42.751279,TXNREGIME_B_CROSS_PROCESS0000422,dbatra@ybl,637.29,4,22,travel,upi_p2p,test,0,0,0.0,0,0,0,0,,212.0,0.937,2.0,955.225,1667.0575000000001,1746.15,1.0,9.246143520277776,0.0,1.0,1.0,0.0,1.0,98,3
2026-11-06 23:34:11.907368,TXNREGIME_B_CROSS_PROCESS0000246,jasonpillai@oksbi,126.15,4,23,e_commerce,upi_p2p,test,0,0,0.0,0,0,0,0,,138.2,0.861,1.0,730.9,730.9,730.9,3.0,91.13004305527778,0.0,0.0,0.0,0.0,0.0,172,103
2026-11-07 01:33:08.281962,TXNREGIME_B_CROSS_PROCESS0001138,prabhakarmaanas@ybl,7778.34,5,1,person_to_person,upi_p2p,test,0,0,0.0,0,0,0,0,,95.3,0.861,3.0,1146.57,2719.7199999999993,2993.49,2.0,3.6216672419444444,0.0,2.0,1.0,0.0,0.0,166,152
2026-11-07 02:21:44.949279,TXNREGIME_B_CROSS_PROCESS0000625,usoman@okhdfc,590.02,5,2,food_delivery,upi_autopay,test,0,0,0.0,0,0,0,0,,342.4,0.639,2.0,221.215,223.2895,223.52,0.0,6.523102934722222,0.0,2.0,1.0,0.0,0.0,320,41
2026-11-07 04:17:39.080275,TXNREGIME_B_CROSS_PROCESS0000667,usoman@okhdfc,548.58,5,4,e_commerce,upi_p2m,test,0,0,0.0,0,0,0,0,,1107.6,0.807,3.0,344.15000000000003,553.37,590.02,0.0,1.9317030544444445,0.0,3.0,2.0,0.0,1.0,320,41
2026-11-07 06:20:13.951515,TXNREGIME_B_CROSS_PROCESS0000806,dugargaurav@paytm,417.12,5,6,person_to_person,upi_p2m,test,0,0,0.0,0,0,0,0,,526.8,0.424,1.0,466.06,466.06,466.06,4.0,97.5302357575,0.0,0.0,1.0,4.0,1.0,220,23
2026-11-07 06:25:11.443759,TXNREGIME_B_CROSS_PROCESS0000191,amara13@paytm,190.54,5,6,e_commerce,upi_p2p,test,0,0,0.0,0,0,0,0,,77.1,0.981,2.0,967.6700000000001,1579.4180000000001,1647.39,3.0,38.00780580972222,0.0,0.0,0.0,0.0,0.0,242,15
2026-11-07 08:53:56.364052,TXNREGIME_B_CROSS_PROCESS0000880,amara13@paytm,718.1,5,8,person_to_person,upi_p2m,test,0,0,0.0,0,0,0,0,,337.4,0.84,1.0,470.9,470.9,470.9,0.0,10.54355306861111,0.0,1.0,1.0,0.0,0.0,243,15
2026-11-07 09:05:59.322622,TXNREGIME_B_CROSS_PROCESS0000419,jaggigagan@oksbi,606.68,5,9,food_delivery,upi_p2m,test,0,0,0.0,0,0,0,0,,234.7,0.748,5.0,1210.992,3639.8099999999995,4403.47,4.0,36.69466728527778,0.0,0.0,0.0,3.0,2.0,317,150
2026-11-07 09:30:05.725542,TXNREGIME_B_CROSS_PROCESS0001094,ijaya24@okicici,497.96,5,9,e_commerce,upi_p2p,test,0,0,0.0,0,0,0,0,,193.8,0.595,1.0,482.24,482.24,482.24,4.0,109.20716640027779,0.0,0.0,1.0,0.0,0.0,168,39
2026-11-07 12:25:03.454725,TXNREGIME_B_CROSS_PROCESS0000321,gulatireva@okhdfc,1784.52,5,12,e_commerce,upi_p2m,test,0,0,0.0,0,0,0,0,,166.6,0.75,1.0,5789.2,5789.2,5789.2,1.0,30.167363379444446,0.0,0.0,0.0,1.0,1.0,155,72
2026-11-07 13:36:56.249692,TXNREGIME_B_CROSS_PROCESS0000773,sastryirya@ybl,1411.77,5,13,groceries,upi_p2p,test,0,0,0.0,0,0,0,0,,424.6,0.934,1.0,1098.73,1098.73,1098.73,3.0,83.65366993333333,0.0,0.0,0.0,0.0,0.0,277,146
2026-11-07 13:40:09.725365,TXNREGIME_B_CROSS_PROCESS0000322,david08@paytm,881.12,5,13,recharge,upi_p2m,test,0,0,0.0,0,0,0,0,,94.0,0.854,0.0,0.0,0.0,0.0,0.0,720.0,0.0,0.0,1.0,0.0,0.0,27,88
2026-11-07 13:51:15.114283,TXNREGIME_B_CROSS_PROCESS0001323,usoman@okhdfc,819.64,5,13,travel,upi_p2p,test,0,0,0.0,0,0,0,0,,171.5,0.572,2.0,583.255,850.2985000000001,879.97,3.0,61.63668497305556,0.0,0.0,2.0,3.0,1.0,272,41
2026-11-07 14:28:42.190070,TXNREGIME_B_CROSS_PROCESS0001464,dugargaurav@paytm,990.57,5,14,other,upi_p2m,test,0,0,0.0,0,0,0,0,,29.8,0.656,2.0,1666.8,2338.245,2412.85,4.0,53.39607117083334,0.0,0.0,1.0,0.0,0.0,92,23
2026-11-07 15:42:54.507776,TXNREGIME_B_CROSS_PROCESS0001017,ygopal@ybl,709.98,5,15,groceries,upi_p2m,test,0,0,0.0,0,0,0,0,,192.7,0.536,0.0,0.0,0.0,0.0,0.0,720.0,0.0,0.0,0.0,0.0,0.0,251,133
2026-11-07 15:46:19.133044,TXNREGIME_B_CROSS_PROCESS0000598,balasubramanianhardik@paytm,300.06,5,15,e_commerce,upi_p2m,test,0,0,0.0,0,0,0,0,,58.0,0.921,3.0,9968.050000000001,23026.073999999997,25197.39,4.0,71.37719164722222,0.0,0.0,0.0,3.0,1.0,250,107
2026-11-07 15:49:23.939011,TXNREGIME_B_CROSS_PROCESS0000843,dbatra@ybl,2117.4,5,15,groceries,upi_p2m,test,0,0,0.0,0,0,0,0,,221.7,0.91,0.0,0.0,0.0,0.0,0.0,720.0,0.0,0.0,1.0,0.0,0.0,108,3
2026-11-07 16:53:22.822549,TXNREGIME_B_CROSS_PROCESS0000070,avni50@okicici,783.0,5,16,recharge,upi_p2p,test,0,0,0.0,0,0,0,0,,310.1,0.776,3.0,1481.9766666666667,2742.1579999999994,2907.97,4.0,94.22968036833333,0.0,0.0,0.0,0.0,0.0,70,81
2026-11-07 17:16:38.840248,TXNREGIME_B_CROSS_PROCESS0001303,amara13@paytm,660.48,5,17,groceries,upi_p2m,test,0,0,0.0,0,0,0,0,,215.9,0.971,2.0,1218.565,1321.9615000000001,1333.45,3.0,59.12534287944444,0.0,0.0,2.0,0.0,0.0,158,15
2026-11-07 19:07:28.292775,TXNREGIME_B_CROSS_PROCESS0000536,sastryirya@ybl,1676.31,5,19,groceries,upi_p2p,test,0,0,0.0,0,0,0,0,,238.2,0.789,4.0,7551.0525,21940.41599999999,25197.39,4.0,3.352544369722222,0.0,1.0,1.0,3.0,1.0,250,146
2026-11-07 19:30:53.975684,TXNREGIME_B_CROSS_PROCESS0000532,jai04@okhdfc,824.85,5,19,travel,upi_p2m,test,0,0,0.0,0,0,0,0,,44.3,0.835,2.0,26618.46,47661.846,50000.0,5.0,108.45714328333332,0.0,0.0,0.0,0.0,0.0,303,63
2026-11-07 20:01:29.953208,TXNREGIME_B_CROSS_PROCESS0000580,dugargaurav@paytm,336.15,5,20,food_delivery,upi_p2p,test,0,0,0.0,0,0,0,0,,41.7,0.93,2.0,4074.985,5052.5965,5161.22,5.0,81.91421386472223,0.0,0.0,2.0,5.0,2.0,273,23
2026-11-07 20:59:00.519824,TXNREGIME_B_CROSS_PROCESS0000650,prabhakarmaanas@ybl,570.11,5,20,e_commerce,upi_autopay,test,0,0,0.0,0,0,0,0,,114.6,0.516,1.0,1156.84,1156.84,1156.84,4.0,119.89875687138888,0.0,0.0,1.0,4.0,1.0,328,152
2026-11-07 21:30:49.634349,TXNREGIME_B_CROSS_PROCESS0000633,usoman@okhdfc,1670.13,5,21,recharge,upi_p2p,test,0,1,13.8,0,0,0,1,4.605381748863059,309.4,0.849,1.0,749.81,749.81,749.81,5.0,120.57274436499999,0.0,0.0,3.0,0.0,0.0,29,41
2026-11-08 00:03:13.621249,TXNREGIME_B_CROSS_PROCESS0000737,dugargaurav@paytm,1630.68,6,0,groceries,upi_p2m,test,0,0,0.0,0,0,0,0,,734.6,0.67,3.0,2828.706666666667,4943.973,5161.22,5.0,4.0287966780555555,0.0,1.0,3.0,5.0,3.0,273,23
2026-11-08 00:17:58.999918,TXNREGIME_B_CROSS_PROCESS0000706,avni50@okicici,779.31,6,0,e_commerce,upi_p2m,test,0,0,0.0,0,0,0,1,1.4443007868671458,170.5,0.971,2.0,594.5,705.74,718.1,1.0,15.400732184999999,0.0,1.0,1.0,0.0,0.0,243,81
2026-11-08 01:25:54.284746,TXNREGIME_B_CROSS_PROCESS0000088,balasubramanianhardik@paytm,388.25,6,1,person_to_person,upi_p2m,test,0,0,0.0,0,0,0,0,,21.9,0.98,3.0,656.1033333333334,773.189,779.31,1.0,1.1320235633333333,0.0,2.0,1.0,0.0,0.0,243,107
2026-11-08 03:57:54.465997,TXNREGIME_B_CROSS_PROCESS0000805,dbatra@ybl,1367.98,6,3,groceries,upi_p2p,test,0,0,0.0,0,0,0,0,,293.9,0.49,1.0,340.73,340.73,340.73,5.0,133.37795926750002,0.0,0.0,1.0,0.0,0.0,110,3
2026-11-08 04:10:03.644327,TXNREGIME_B_CROSS_PROCESS0000383,sastryirya@ybl,239.19,6,4,recharge,upi_p2p,test,0,0,0.0,0,0,0,0,,36.6,0.719,1.0,3965.75,3965.75,3965.75,5.0,120.52513067611112,0.0,0.0,2.0,0.0,0.0,285,146
2026-11-08 04:36:39.448895,TXNREGIME_B_CROSS_PROCESS0000035,usoman@okhdfc,431.2,6,4,person_to_person,upi_p2m,test,0,0,0.0,0,0,0,0,,236.3,0.987,1.0,1656.24,1656.24,1656.24,2.0,62.37912400277778,0.0,0.0,2.0,0.0,0.0,294,41
2026-11-08 06:00:48.365822,TXNREGIME_B_CROSS_PROCESS0000410,divya74@okicici,1542.82,6,6,person_to_person,upi_p2p,test,0,0,0.0,0,0,0,0,,108.7,0.529,2.0,854.355,1316.6174999999998,1367.98,5.0,2.0483055069444447,0.0,1.0,0.0,0.0,0.0,110,159
2026-11-08 06:59:14.476171,TXNREGIME_B_CROSS_PROCESS0000178,ygopal@ybl,861.82,6,6,food_delivery,upi_p2p,test,0,0,0.0,0,0,0,0,,708.0,0.841,1.0,933.65,933.65,933.65,4.0,119.89370596694445,0.0,0.0,1.0,0.0,0.0,73,133
2026-11-08 07:13:24.945427,TXNREGIME_B_CROSS_PROCESS0001107,dugargaurav@paytm,861.84,6,7,groceries,upi_p2p,test,0,0,0.0,0,0,0,0,,199.8,0.869,0.0,0.0,0.0,0.0,0.0,720.0,0.0,0.0,3.0,0.0,0.0,279,23
2026-11-08 07:16:30.521689,TXNREGIME_B_CROSS_PROCESS0000941,aaravbhargava@okicici,653.47,6,7,food_delivery,upi_p2p,test,0,0,0.0,0,0,0,0,,178.0,0.777,0.0,0.0,0.0,0.0,0.0,720.0,0.0,0.0,0.0,0.0,0.0,200,68
2026-11-08 07:31:26.696350,TXNREGIME_B_CROSS_PROCESS0001474,ygopal@ybl,1584.97,6,7,recharge,upi_p2p,test,0,0,1.1,0,0,0,0,,324.3,0.912,6.0,1110.2733333333333,3454.2725,4403.47,4.0,22.42427048,0.0,1.0,2.0,0.0,0.0,317,133
2026-11-08 09:22:17.593594,TXNREGIME_B_CROSS_PROCESS0001098,nidradin@paytm,2016.06,6,9,groceries,upi_p2m,test,0,0,0.0,0,0,0,0,,272.4,0.76,0.0,0.0,0.0,0.0,0.0,720.0,0.0,0.0,0.0,0.0,0.0,215,90
2026-11-08 12:24:08.585689,TXNREGIME_B_CROSS_PROCESS0000682,balasubramanianhardik@paytm,68.59,6,12,utility_bill,upi_autopay,test,0,0,0.0,0,0,0,0,,391.1,0.907,4.0,1031.5874999999999,1623.6259999999997,1676.48,5.0,68.75446232694445,0.0,0.0,2.0,0.0,0.0,280,107
2026-11-08 16:00:04.338916,TXNREGIME_B_CROSS_PROCESS0000800,aaravbhargava@okicici,4750.45,6,16,e_commerce,upi_p2p,test,0,0,0.0,0,0,0,0,,110.0,0.835,1.0,607.71,607.71,607.71,1.0,44.75457344138889,0.0,0.0,1.0,1.0,1.0,53,68
2026-11-08 16:35:47.398783,TXNREGIME_B_CROSS_PROCESS0000968,wmammen@oksbi,129.81,6,16,e_commerce,upi_p2m,test,0,0,0.0,0,0,0,0,,6.3,0.539,1.0,709.98,709.98,709.98,1.0,24.881358613055554,0.0,0.0,0.0,0.0,0.0,251,162
2026-11-08 19:24:07.456468,TXNREGIME_B_CROSS_PROCESS0001211,ijaya24@okicici,1040.54,6,19,food_delivery,upi_p2p,test,0,0,0.0,0,0,0,0,,48.8,0.885,1.0,378.1,378.1,378.1,4.0,112.12804223416667,0.0,0.0,0.0,0.0,0.0,184,39
2026-11-08 19:29:16.442094,TXNREGIME_B_CROSS_PROCESS0000619,nidradin@paytm,1233.33,6,19,recharge,upi_p2m,test,0,0,0.0,0,0,0,0,,99.6,0.62,1.0,2016.06,2016.06,2016.06,0.0,10.116346805555555,0.0,1.0,1.0,0.0,1.0,215,90
2026-11-08 21:59:20.322715,TXNREGIME_B_CROSS_PROCESS0000816,sastryirya@ybl,1547.75,6,21,e_commerce,upi_p2m,test,0,0,0.0,0,0,1,0,,43.3,0.672,2.0,7156.155,7773.2175,7841.78,4.0,88.10232858583333,0.0,0.0,1.0,0.0,0.0,107,146
2026-11-08 22:15:32.346941,TXNREGIME_B_CROSS_PROCESS0001367,khora@ybl,275.04,6,22,groceries,upi_p2p,test,0,0,0.0,0,0,0,0,,90.6,0.745,0.0,0.0,0.0,0.0,0.0,720.0,0.0,0.0,0.0,0.0,0.0,203,56
2026-11-09 01:47:42.956279,TXNREGIME_B_CROSS_PROCESS0000415,prabhakarmaanas@ybl,265.34,0,1,recharge,upi_autopay,test,0,0,0.0,0,0,0,0,,386.2,0.757,3.0,18020.59,45323.691999999995,50000.0,6.0,30.280272387500002,0.0,0.0,0.0,5.0,1.0,303,152
2026-11-09 02:54:29.235475,TXNREGIME_B_CROSS_PROCESS0000506,lpadmanabhan@ybl,699.8,0,2,recharge,upi_p2p,test,0,0,1.2,0,0,0,0,,127.0,0.785,2.0,1937.3400000000001,2681.334,2764.0,4.0,65.14067847805555,0.0,0.0,0.0,2.0,1.0,208,58
2026-11-09 02:58:46.695652,TXNREGIME_B_CROSS_PROCESS0000818,jai04@okhdfc,495.39,0,2,person_to_person,upi_p2p,test,0,0,0.0,0,0,0,0,,409.3,0.796,1.0,3508.87,3508.87,3508.87,4.0,108.92866780388889,0.0,0.0,0.0,4.0,1.0,330,63
2026-11-09 03:46:38.992068,TXNREGIME_B_CROSS_PROCESS0000911,janilucky@okhdfc,966.32,0,3,person_to_person,upi_p2m,test,0,0,0.0,0,0,0,0,,465.6,0.956,1.0,1419.64,1419.64,1419.64,3.0,80.50283473194445,0.0,0.0,0.0,3.0,1.0,15,111
2026-11-09 04:06:24.321439,TXNREGIME_B_CROSS_PROCESS0000721,wmammen@oksbi,586.47,0,4,e_commerce,upi_p2p,test,0,0,0.0,0,0,0,0,,2.6,0.147,2.0,2102.47,3779.422,3965.75,6.0,23.939076975555558,0.0,1.0,1.0,0.0,0.0,285,162
2026-11-09 05:10:52.855917,TXNREGIME_B_CROSS_PROCESS0000190,sastryirya@ybl,239.93,0,5,person_to_person,upi_p2p,test,0,0,0.0,0,0,0,0,,113.3,0.627,3.0,2593.5,5882.361,6442.85,5.0,69.2775975775,0.0,0.0,1.0,3.0,1.0,69,146
2026-11-09 05:52:10.367284,TXNREGIME_B_CROSS_PROCESS0001156,balasubramanianhardik@paytm,2149.22,0,5,person_to_person,upi_p2m,test,0,0,0.0,0,0,0,0,,329.9,0.914,2.0,2304.0950000000003,3433.6445,3559.15,5.0,80.49795424027778,0.0,0.0,1.0,3.0,1.0,63,107
2026-11-09 05:58:00.549647,TXNREGIME_B_CROSS_PROCESS0000458,balasubramanianhardik@paytm,960.18,0,5,e_commerce,upi_p2m,test,0,0,0.0,0,0,0,0,,348.5,0.371,3.0,3522.6966666666667,6006.927,6225.99,6.0,73.28093928527777,0.0,0.0,2.0,5.0,2.0,109,107
2026-11-09 07:02:20.456189,TXNREGIME_B_CROSS_PROCESS0000047,janilucky@okhdfc,972.3,0,7,groceries,upi_p2p,test,0,0,0.0,0,0,0,0,,28.5,0.671,1.0,640.83,640.83,640.83,5.0,125.47885841916666,0.0,0.0,1.0,0.0,0.0,127,111
2026-11-09 07:19:04.111537,TXNREGIME_B_CROSS_PROCESS0001167,doshidhriti@paytm,2369.85,0,7,groceries,upi_p2m,test,0,0,0.0,0,0,0,0,,316.8,0.959,1.0,12231.1,12231.1,12231.1,2.0,59.347950597777775,0.0,0.0,0.0,0.0,0.0,51,139
2026-11-09 08:06:54.244763,TXNREGIME_B_CROSS_PROCESS0000384,chaaya60@ybl,161.52,0,8,person_to_person,upi_p2p,test,0,0,0.0,0,0,0,0,,263.6,0.764,2.0,7300.475,11738.0375,12231.1,2.0,0.7972592294444444,1.0,1.0,0.0,2.0,1.0,51,122
2026-11-09 08:32:52.276881,TXNREGIME_B_CROSS_PROCESS0000409,ijaya24@okicici,266.22,0,8,food_delivery,upi_p2p,test,0,0,0.0,0,0,0,0,,78.4,0.69,4.0,971.1125,2365.807999999999,2627.0,6.0,77.92730629916667,0.0,0.0,1.0,6.0,3.0,129,39
2026-11-09 09:06:02.466721,TXNREGIME_B_CROSS_PROCESS0000836,dugargaurav@paytm,2661.19,0,9,recharge,upi_p2m,test,0,0,0.0,0,0,0,0,,274.8,0.579,3.0,1441.39,2270.622,2412.85,6.0,42.62229906972222,0.0,0.0,0.0,1.0,1.0,92,23
2026-11-09 09:08:18.627135,TXNREGIME_B_CROSS_PROCESS0001291,sastryirya@ybl,1015.75,0,9,utility_bill,upi_p2m,test,0,0,0.0,0,0,0,0,,797.1,0.789,3.0,5286.6866666666665,7704.655,7841.78,4.0,11.149529005555555,0.0,1.0,2.0,0.0,1.0,107,146
2026-11-09 10:28:08.430181,TXNREGIME_B_CROSS_PROCESS0000710,sastryirya@ybl,1148.3,0,10,food_delivery,upi_p2p,test,0,0,0.0,0,0,0,0,,35.2,0.806,5.0,6376.104,20854.757999999994,25197.39,6.0,39.344482612777774,0.0,0.0,3.0,4.0,2.0,250,146
2026-11-09 10:36:16.147368,TXNREGIME_B_CROSS_PROCESS0000607,avni50@okicici,6056.23,0,10,person_to_person,upi_p2m,test,0,0,0.0,0,0,0,0,,154.1,0.932,2.0,806.565,955.7265,972.3,5.0,3.565469771944444,0.0,1.0,0.0,0.0,0.0,127,81
2026-11-09 11:01:41.754335,TXNREGIME_B_CROSS_PROCESS0001366,khora@ybl,1784.26,0,11,person_to_person,upi_p2p,test,0,0,0.0,0,0,0,0,,1093.9,0.79,1.0,1177.93,1177.93,1177.93,6.0,160.27726610777776,0.0,0.0,1.0,6.0,1.0,13,56
2026-11-09 11:05:06.181486,TXNREGIME_B_CROSS_PROCESS0000041,divya74@okicici,361.02,0,11,utility_bill,upi_p2p,test,0,0,0.0,0,0,0,0,,77.3,0.86,4.0,395.25750000000005,583.804,590.02,2.0,54.7908614475,0.0,0.0,0.0,0.0,0.0,320,159
2026-11-09 11:08:36.988808,TXNREGIME_B_CROSS_PROCESS0000817,prabhakarmaanas@ybl,1426.49,0,11,groceries,upi_p2m,test,0,0,0.0,0,0,0,0,,398.3,0.877,4.0,13581.7775,42985.537999999986,50000.0,6.0,9.348342369166666,0.0,1.0,1.0,6.0,2.0,303,152
2026-11-09 11:29:16.021885,TXNREGIME_B_CROSS_PROCESS0000985,david08@paytm,2046.34,0,11,person_to_person,upi_p2p,test,0,0,0.0,0,0,0,0,,342.5,0.711,3.0,4920.823333333334,11244.975,12231.1,2.0,3.372715867222222,0.0,2.0,0.0,0.0,0.0,51,88
2026-11-09 11:45:10.388004,TXNREGIME_B_CROSS_PROCESS0000399,yashvibora@paytm,5709.06,0,11,food_delivery,upi_p2p,test,0,0,0.0,0,0,0,0,,98.2,0.855,4.0,2529.2,4835.349499999999,5161.22,7.0,35.69910187638889,0.0,0.0,0.0,0.0,0.0,273,147
2026-11-09 11:49:23.245528,TXNREGIME_B_CROSS_PROCESS0000715,aaravbhargava@okicici,272.16,0,11,groceries,upi_p2p,test,0,0,0.0,0,0,0,0,,101.3,0.741,2.0,2679.08,4543.313,4750.45,2.0,19.821918503333336,0.0,1.0,1.0,2.0,2.0,53,68
2026-11-09 14:04:26.951996,TXNREGIME_B_CROSS_PROCESS0001327,gulatireva@okhdfc,178.11,0,14,person_to_person,upi_p2p,test,0,0,0.0,0,0,0,0,,141.7,0.795,1.0,881.12,881.12,881.12,2.0,48.40478517527778,0.0,0.0,0.0,0.0,0.0,27,72
2026-11-09 18:16:25.629459,TXNREGIME_B_CROSS_PROCESS0000193,dbatra@ybl,1124.99,0,18,food_delivery,upi_p2p,test,0,0,0.0,0,0,0,0,,35.8,0.982,3.0,849.2466666666666,1635.2640000000001,1746.15,4.0,67.59524393888888,0.0,0.0,0.0,3.0,2.0,98,3
2026-11-09 18:43:16.906294,TXNREGIME_B_CROSS_PROCESS0000811,chaaya60@ybl,339.28,0,18,utility_bill,upi_p2p,test,0,0,0.0,0,0,0,0,,118.3,0.861,2.0,300.69,437.02200000000005,452.17,4.0,83.35488388333334,0.0,0.0,1.0,4.0,2.0,213,122
2026-11-09 18:45:54.193066,TXNREGIME_B_CROSS_PROCESS0000387,desaiqasim@ybl,3763.11,0,18,utility_bill,upi_p2p,test,0,0,0.0,0,0,1,0,,267.9,0.795,4.0,2005.1075,5602.116499999998,6442.85,6.0,13.583704763611111,0.0,1.0,0.0,6.0,1.0,69,110
2026-11-09 19:22:03.166873,TXNREGIME_B_CROSS_PROCESS0000546,chaaya60@ybl,3058.23,0,19,utility_bill,upi_p2m,test,0,0,0.0,0,0,0,0,,459.6,0.99,3.0,313.55333333333334,440.881,452.17,4.0,0.6461834941666666,1.0,1.0,2.0,4.0,3.0,213,122
2026-11-09 20:08:29.003405,TXNREGIME_B_CROSS_PROCESS0000557,lpadmanabhan@ybl,330.58,0,20,groceries,upi_p2p,test,0,0,0.0,0,0,0,0,,222.6,0.764,0.0,0.0,0.0,0.0,0.0,720.0,0.0,0.0,1.0,0.0,0.0,189,58
2026-11-09 20:22:08.386861,TXNREGIME_B_CROSS_PROCESS0001119,chaaya60@ybl,570.75,0,20,e_commerce,upi_p2p,test,0,0,0.0,0,0,0,0,,331.0,0.707,4.0,741.4375,1473.0545,1542.68,6.0,75.334983625,0.0,0.0,3.0,0.0,0.0,304,122
2026-11-09 23:04:57.423370,TXNREGIME_B_CROSS_PROCESS0001243,amara13@paytm,825.9,0,23,travel,upi_p2p,test,0,0,0.0,0,0,0,0,,190.9,0.906,0.0,0.0,0.0,0.0,0.0,720.0,0.0,0.0,0.0,0.0,0.0,192,15
2026-11-09 23:13:16.463076,TXNREGIME_B_CROSS_PROCESS0000784,prabhakarmaanas@ybl,496.9,0,23,food_delivery,upi_autopay,test,0,0,0.0,0,0,0,0,,646.2,0.734,2.0,863.4749999999999,1127.5034999999998,1156.84,7.0,50.23776201444444,0.0,0.0,2.0,7.0,2.0,328,152
2026-11-10 00:47:32.251174,TXNREGIME_B_CROSS_PROCESS0000140,maanavdasgupta@okhdfc,5174.25,1,0,food_delivery,upi_p2p,test,0,0,0.0,0,0,0,0,,337.0,0.692,2.0,1192.98,1396.9740000000002,1419.64,4.0,21.01479419611111,0.0,1.0,0.0,0.0,0.0,15,52
2026-11-10 01:52:55.531826,TXNREGIME_B_CROSS_PROCESS0000746,prabhakarmaanas@ybl,2800.89,1,1,food_delivery,upi_p2p,test,0,0,0.0,0,0,0,0,,581.8,0.691,0.0,0.0,0.0,0.0,0.0,720.0,0.0,0.0,2.0,0.0,0.0,186,152
2026-11-10 03:50:37.716338,TXNREGIME_B_CROSS_PROCESS0000692,gulatireva@okhdfc,2584.78,1,3,e_commerce,upi_p2p,test,0,0,0.0,0,0,0,0,,141.9,0.757,1.0,861.84,861.84,861.84,1.0,44.620214141944444,0.0,0.0,1.0,0.0,0.0,279,72
2026-11-10 04:32:31.925894,TXNREGIME_B_CROSS_PROCESS0001009,amara13@paytm,410.8,1,4,e_commerce,upi_p2p,test,0,0,0.0,0,0,0,0,,157.3,0.604,4.0,589.14,770.1284999999999,779.31,3.0,51.11045587444444,0.0,0.0,1.0,2.0,1.0,243,15
2026-11-10 04:33:42.780150,TXNREGIME_B_CROSS_PROCESS0000281,ygopal@ybl,761.25,1,4,groceries,upi_p2p,test,0,0,0.0,0,0,0,0,,268.6,0.969,0.0,0.0,0.0,0.0,0.0,720.0,0.0,0.0,0.0,0.0,0.0,132,133
2026-11-10 05:41:47.950300,TXNREGIME_B_CROSS_PROCESS0000257,ygopal@ybl,264.52,1,5,food_delivery,upi_p2p,test,0,0,0.0,0,0,0,0,,26.5,0.756,2.0,517.4,611.198,621.62,6.0,82.1018620563889,0.0,0.0,1.0,0.0,0.0,59,133
2026-11-10 08:11:19.463986,TXNREGIME_B_CROSS_PROCESS0000408,balasubramanianhardik@paytm,250.3,1,8,e_commerce,upi_p2p,test,0,0,0.0,0,0,0,0,,38.0,0.827,2.0,3786.8599999999997,5588.965999999999,5789.2,4.0,67.7711136836111,0.0,0.0,0.0,0.0,0.0,155,107
2026-11-10 08:51:01.318554,TXNREGIME_B_CROSS_PROCESS0000108,lpadmanabhan@ybl,499.01,1,8,utility_bill,upi_p2p,test,0,0,0.0,0,0,0,0,,125.9,0.977,2.0,1450.875,1827.2414999999999,1869.06,6.0,105.71519459555556,0.0,0.0,1.0,0.0,0.0,308,58
2026-11-10 09:05:17.621983,TXNREGIME_B_CROSS_PROCESS0001331,amara13@paytm,505.55,1,9,e_commerce,upi_p2m,test,0,0,0.0,0,0,1,0,,71.2,0.496,5.0,553.472,767.068,779.31,3.0,4.546026691388889,0.0,1.0,2.0,3.0,2.0,243,15
2026-11-10 09:34:03.559825,TXNREGIME_B_CROSS_PROCESS0001379,chaaya60@ybl,548.92,1,9,utility_bill,upi_p2p,test,0,0,0.0,0,0,0,0,,88.5,0.97,4.0,2804.5125,7060.612499999998,7778.34,5.0,80.01535496194444,0.0,0.0,3.0,5.0,1.0,166,122
2026-11-10 09:54:07.040213,TXNREGIME_B_CROSS_PROCESS0000196,amara13@paytm,432.51,1,9,groceries,upi_p2p,test,0,0,0.0,0,0,0,0,,73.7,0.786,6.0,545.485,764.0074999999999,779.31,3.0,0.8137272861111112,1.0,2.0,3.0,3.0,3.0,243,15
2026-11-10 10:33:50.154310,TXNREGIME_B_CROSS_PROCESS0000873,hchandran@oksbi,1527.92,1,10,e_commerce,upi_p2m,test,0,0,0.0,0,0,0,0,,343.8,0.844,3.0,1575.466666666667,2482.827,2528.59,6.0,96.35254830305556,0.0,0.0,0.0,0.0,0.0,99,141
2026-11-10 13:35:05.873741,TXNREGIME_B_CROSS_PROCESS0000739,gulatireva@okhdfc,624.73,1,13,utility_bill,upi_p2p,test,0,0,0.0,0,0,0,0,,425.7,0.836,3.0,1032.5366666666666,1310.473,1333.45,6.0,68.30750930361111,0.0,0.0,2.0,0.0,0.0,158,72
2026-11-10 14:06:41.841326,TXNREGIME_B_CROSS_PROCESS0001216,lpadmanabhan@ybl,598.52,1,14,recharge,upi_p2p,test,0,0,0.0,0,0,0,0,,271.3,0.862,3.0,1524.8266666666666,2598.6679999999997,2764.0,5.0,35.20350162527778,0.0,0.0,2.0,4.0,2.0,208,58
2026-11-10 15:38:23.489652,TXNREGIME_B_CROSS_PROCESS0000548,doshidhriti@paytm,525.54,1,15,utility_bill,upi_p2m,test,0,0,0.0,0,0,0,0,,213.3,0.858,2.0,1481.095,1753.9434999999999,1784.26,7.0,28.61159314361111,0.0,0.0,0.0,0.0,0.0,13,139
2026-11-10 16:02:43.389970,TXNREGIME_B_CROSS_PROCESS0001343,usoman@okhdfc,5497.45,1,16,travel,upi_p2m,test,0,0,0.0,1,0,0,0,,167.0,0.958,1.0,825.9,825.9,825.9,0.0,16.9627685,0.0,1.0,0.0,0.0,0.0,192,41
2026-11-10 19:20:56.760066,TXNREGIME_B_CROSS_PROCESS0000237,nidradin@paytm,1633.36,1,19,recharge,upi_p2p,test,0,0,0.0,0,0,0,0,,1407.7,0.996,3.0,406.33,610.628,618.7,7.0,105.57083374416668,0.0,0.0,0.0,0.0,0.0,30,90
2026-11-10 20:01:10.520042,TXNREGIME_B_CROSS_PROCESS0000005,desaiqasim@ybl,460.6,1,20,utility_bill,upi_p2p,test,0,0,0.0,0,0,0,0,,669.4,0.937,1.0,5415.45,5415.45,5415.45,7.0,173.1866443486111,0.0,0.0,0.0,7.0,1.0,232,110
2026-11-10 21:08:02.793724,TXNREGIME_B_CROSS_PROCESS0000763,prabhakarmaanas@ybl,1161.31,1,21,groceries,upi_p2m,test,0,0,0.0,0,0,0,0,,29.5,0.901,6.0,5504.803333333333,19769.1,25197.39,7.0,34.66510098416666,0.0,0.0,2.0,0.0,0.0,250,152
2026-11-10 21:39:08.941452,TXNREGIME_B_CROSS_PROCESS0000101,nidradin@paytm,374.42,1,21,recharge,upi_p2m,test,0,0,0.0,0,0,0,0,,409.2,0.87,4.0,713.0875,1481.1609999999996,1633.36,7.0,2.3033837183333334,0.0,1.0,1.0,0.0,1.0,30,90
2026-11-11 00:38:09.060520,TXNREGIME_B_CROSS_PROCESS0000730,jaggigagan@oksbi,1170.73,2,0,recharge,upi_p2p,test,0,0,0.0,0,0,0,0,,103.3,0.572,3.0,1101.1566666666668,1381.716,1410.58,8.0,148.87992788944445,0.0,0.0,0.0,7.0,1.0,198,150
2026-11-11 01:52:16.962360,TXNREGIME_B_CROSS_PROCESS0000124,avni50@okicici,4377.7,2,1,food_delivery,upi_p2m,test,0,0,0.0,0,0,0,0,,243.3,0.707,2.0,1209.97,1624.114,1670.13,8.0,76.35759111416667,0.0,0.0,0.0,0.0,0.0,29,81
2026-11-11 02:03:47.883158,TXNREGIME_B_CROSS_PROCESS0001400,yashvibora@paytm,536.46,2,2,e_commerce,upi_p2m,test,0,0,0.0,0,0,0,0,,167.5,0.66,4.0,918.1825,1652.9759999999999,1746.15,5.0,31.78951491638889,0.0,0.0,0.0,0.0,0.0,98,147
2026-11-11 02:08:35.124294,TXNREGIME_B_CROSS_PROCESS0000585,amara13@paytm,214.11,2,2,e_commerce,upi_autopay,test,0,0,0.0,0,0,0,0,,76.8,0.708,7.0,529.3457142857143,760.9469999999999,779.31,4.0,16.241134466944445,0.0,3.0,3.0,3.0,4.0,243,15
2026-11-11 02:12:07.547658,TXNREGIME_B_CROSS_PROCESS0000827,desaiqasim@ybl,361.73,2,2,other,upi_p2p,test,0,0,0.0,0,0,0,0,,141.2,0.974,2.0,1429.8600000000001,2398.224,2505.82,6.0,116.18076539361111,0.0,0.0,1.0,0.0,0.0,236,110
2026-11-11 02:23:04.664925,TXNREGIME_B_CROSS_PROCESS0000002,chaaya60@ybl,279.42,2,2,travel,upi_p2p,test,0,0,0.0,1,0,0,0,,200.1,0.804,4.0,1746.3400000000001,2623.939,2661.19,8.0,41.28394394555555,0.0,0.0,1.0,0.0,0.0,92,122
2026-11-11 02:32:05.189345,TXNREGIME_B_CROSS_PROCESS0001088,khora@ybl,110.37,2,2,groceries,upi_autopay,test,0,0,0.0,0,0,0,0,,380.8,0.968,4.0,999.7225000000001,2667.320999999999,3058.23,5.0,31.167228464444445,0.0,0.0,0.0,0.0,0.0,213,56
2026-11-11 03:34:00.668531,TXNREGIME_B_CROSS_PROCESS0000452,david08@paytm,7019.45,2,3,groceries,upi_p2m,test,0,0,0.0,0,0,0,0,,89.7,0.794,2.0,529.615,845.9694999999999,881.12,3.0,37.4926990375,0.0,0.0,0.0,3.0,1.0,27,88
2026-11-11 03:47:24.660117,TXNREGIME_B_CROSS_PROCESS0001360,jaggigagan@oksbi,305.6,2,3,food_delivery,upi_p2p,test,0,0,0.0,0,0,0,0,,492.2,0.603,4.0,2882.0675,5897.395499999999,6225.99,7.0,45.82336401944445,0.0,0.0,1.0,0.0,0.0,109,150
2026-11-11 09:01:10.250559,TXNREGIME_B_CROSS_PROCESS0000503,nidradin@paytm,360.11,2,9,person_to_person,upi_p2p,test,0,0,0.0,0,0,0,0,,260.3,0.916,5.0,645.354,1430.4279999999999,1633.36,8.0,11.3670303075,0.0,2.0,2.0,0.0,2.0,30,90
2026-11-11 10:47:04.147223,TXNREGIME_B_CROSS_PROCESS0000577,prabhakarmaanas@ybl,290.02,2,10,other,upi_autopay,test,0,0,0.0,0,0,0,0,,743.4,0.676,3.0,741.2833333333333,1098.167,1156.84,8.0,35.56324559638889,0.0,0.0,1.0,8.0,3.0,328,152
2026-11-11 11:03:14.482090,TXNREGIME_B_CROSS_PROCESS0000651,amara13@paytm,3277.14,2,11,person_to_person,upi_p2p,test,0,0,0.0,0,0,0,0,,105.4,0.781,4.0,628.4675,1068.8304999999998,1156.84,8.0,0.26953746305555554,1.0,1.0,1.0,0.0,0.0,328,15
2026-11-11 12:40:34.342936,TXNREGIME_B_CROSS_PROCESS0000906,amara13@paytm,3624.7,2,12,person_to_person,upi_p2m,test,0,0,0.0,0,0,0,0,,162.8,0.827,1.0,653.47,653.47,653.47,3.0,77.4010614575,0.0,0.0,2.0,0.0,0.0,200,15
2026-11-11 14:09:10.976312,TXNREGIME_B_CROSS_PROCESS0000294,jai04@okhdfc,336.05,2,14,person_to_person,upi_p2m,test,0,0,0.0,0,0,0,0,,90.9,0.893,2.0,441.59000000000003,463.613,466.06,8.0,103.81584022138888,0.0,0.0,0.0,0.0,0.0,220,63
2026-11-11 15:00:26.796133,TXNREGIME_B_CROSS_PROCESS0000018,gulatireva@okhdfc,880.75,2,15,e_commerce,upi_p2p,test,0,0,3.0,0,0,0,0,,508.2,0.94,3.0,2252.47,3418.157,3559.15,7.0,57.137896902499996,0.0,0.0,0.0,0.0,0.0,63,72
2026-11-11 15:32:17.481693,TXNREGIME_B_CROSS_PROCESS0000148,ygopal@ybl,1102.09,2,15,recharge,upi_p2m,test,0,0,0.0,0,0,0,0,,265.9,0.584,2.0,2938.025,5167.7074999999995,5415.45,8.0,19.51860045861111,0.0,1.0,0.0,0.0,0.0,232,133
2026-11-11 16:38:56.879000,TXNREGIME_B_CROSS_PROCESS0001180,aaravbhargava@okicici,669.92,2,16,other,upi_p2p,test,0,0,0.0,0,0,0,0,,187.4,0.777,2.0,8559.42,14593.416,15263.86,6.0,134.282615475,0.0,0.0,0.0,5.0,1.0,7,68
2026-11-11 19:19:57.605688,TXNREGIME_B_CROSS_PROCESS0000258,doshidhriti@paytm,900.66,2,19,recharge,upi_p2m,test,0,0,0.0,0,0,0,0,,37.7,0.95,4.0,930.585,1298.9845,1333.45,7.0,29.74770331861111,0.0,0.0,0.0,0.0,0.0,158,139
2026-11-11 20:46:38.901019,TXNREGIME_B_CROSS_PROCESS0000658,hchandran@oksbi,4824.15,2,20,groceries,upi_p2p,test,0,0,0.0,0,0,0,0,,86.3,0.975,3.0,2692.8933333333334,6405.616999999999,7019.45,4.0,17.210620135555555,0.0,1.0,0.0,0.0,0.0,27,141
2026-11-11 21:57:17.412577,TXNREGIME_B_CROSS_PROCESS0000761,gulatireva@okhdfc,2482.98,2,21,travel,upi_p2p,test,0,0,0.0,0,0,0,0,,202.2,0.145,5.0,2353.394,6821.369999999999,7778.34,7.0,36.38718132,0.0,0.0,1.0,0.0,0.0,166,72
2026-11-11 23:00:45.102778,TXNREGIME_B_CROSS_PROCESS0000349,prabhakarmaanas@ybl,150.75,2,23,other,upi_p2p,test,0,0,0.0,0,0,0,0,,90.0,0.968,1.0,2800.89,2800.89,2800.89,1.0,45.13043637555556,0.0,0.0,1.0,1.0,1.0,186,152
2026-11-11 23:41:35.335893,TXNREGIME_B_CROSS_PROCESS0000771,usoman@okhdfc,689.75,2,23,food_delivery,upi_p2m,test,0,0,0.0,0,0,0,0,,198.2,0.528,3.0,2520.07,4798.789,5174.25,6.0,46.90085686638889,0.0,0.0,0.0,0.0,0.0,15,41
2026-11-12 00:29:36.974566,TXNREGIME_B_CROSS_PROCESS0001060,ygopal@ybl,957.4,3,0,e_commerce,upi_p2m,test,0,0,0.0,0,0,0,0,,136.7,0.495,1.0,2117.4,2117.4,2117.4,4.0,104.67028765416667,0.0,0.0,1.0,0.0,0.0,108,133
2026-11-12 01:52:15.079749,TXNREGIME_B_CROSS_PROCESS0000048,nidradin@paytm,742.09,3,1,other,upi_p2p,test,0,0,0.0,0,0,0,0,,77.0,0.681,2.0,1477.81,2314.1440000000002,2407.07,9.0,212.47724444583332,0.0,0.0,1.0,0.0,0.0,261,90
2026-11-12 01:56:44.474998,TXNREGIME_B_CROSS_PROCESS0001200,jai04@okhdfc,632.39,3,1,utility_bill,upi_p2p,test,0,1,3.0,0,1,0,0,,291.6,0.724,3.0,1162.5766666666666,1723.627,1784.26,9.0,34.30582926277778,0.0,0.0,1.0,0.0,0.0,13,63
2026-11-12 02:11:43.611908,TXNREGIME_B_CROSS_PROCESS0000720,sastryirya@ybl,124.3,3,2,e_commerce,upi_p2p,test,0,0,0.0,0,0,0,0,,1210.1,0.851,4.0,2062.49,4611.058499999998,5174.25,6.0,2.5022988930555554,0.0,1.0,0.0,0.0,0.0,15,146
2026-11-12 03:09:19.490538,TXNREGIME_B_CROSS_PROCESS0000563,idalal@paytm,3452.6,3,3,food_delivery,upi_p2m,test,0,0,0.0,0,0,0,0,,293.1,0.768,4.0,1293.25,2516.0019999999995,2764.0,7.0,37.04379144777778,0.0,0.0,0.0,7.0,1.0,208,35
2026-11-12 03:46:46.626339,TXNREGIME_B_CROSS_PROCESS0001221,david08@paytm,1673.74,3,3,e_commerce,upi_p2p,test,0,0,0.0,0,0,0,0,,102.0,0.856,2.0,897.735,930.0585,933.65,8.0,92.79226393555557,0.0,0.0,0.0,8.0,1.0,73,88
2026-11-12 06:08:37.428839,TXNREGIME_B_CROSS_PROCESS0000814,ijaya24@okicici,1820.31,3,6,person_to_person,upi_p2p,test,0,0,0.0,0,0,0,0,,25.8,0.993,1.0,275.04,275.04,275.04,3.0,79.88474497166666,0.0,0.0,0.0,0.0,0.0,203,39
2026-11-12 06:27:12.652013,TXNREGIME_B_CROSS_PROCESS0000661,prabhakarmaanas@ybl,2367.03,3,6,other,upi_p2p,test,0,0,0.0,0,0,0,0,,58.1,0.957,5.0,1158.202,2853.08,3277.14,9.0,19.399491645277777,0.0,2.0,2.0,9.0,4.0,328,152
2026-11-12 06:39:01.055921,TXNREGIME_B_CROSS_PROCESS0001141,nidradin@paytm,396.18,3,6,utility_bill,upi_p2m,test,0,0,0.0,0,0,0,0,,146.5,0.82,6.0,597.8133333333334,1379.695,1633.36,8.0,21.630779267222223,0.0,1.0,2.0,1.0,3.0,30,90
2026-11-12 06:45:23.967290,TXNREGIME_B_CROSS_PROCESS0000989,aaravbhargava@okicici,2393.83,3,6,person_to_person,upi_p2p,test,0,0,0.2,0,0,0,0,,170.4,0.84,2.0,709.3199999999999,1007.4179999999999,1040.54,8.0,83.35458633944444,0.0,0.0,1.0,8.0,1.0,184,68
2026-11-12 06:56:14.563412,TXNREGIME_B_CROSS_PROCESS0000252,chaaya60@ybl,1290.09,3,6,e_commerce,upi_p2m,test,0,0,0.0,0,0,0,0,,285.4,0.587,5.0,821.8520000000001,2537.0179999999996,3058.23,6.0,28.402603907499998,0.0,0.0,0.0,6.0,4.0,213,122
2026-11-12 07:16:06.027883,TXNREGIME_B_CROSS_PROCESS0001421,wmammen@oksbi,1065.84,3,7,groceries,upi_p2m,test,0,1,0.7,0,0,0,0,,15.0,0.448,6.0,1359.6733333333334,3049.6125,3277.14,9.0,0.8148266305555555,1.0,3.0,0.0,0.0,0.0,328,162
2026-11-12 07:37:27.189202,TXNREGIME_B_CROSS_PROCESS0000769,lallafalguni@paytm,634.87,3,7,person_to_person,upi_p2p,test,0,0,0.0,0,1,0,0,,410.9,0.917,5.0,707.3,1449.846,1542.68,8.0,59.2552228725,0.0,0.0,0.0,0.0,0.0,304,131
2026-11-12 08:31:38.277760,TXNREGIME_B_CROSS_PROCESS0000998,avni50@okicici,734.57,3,8,groceries,upi_p2m,test,0,0,0.0,0,0,0,0,,63.5,0.824,4.0,1307.2325,2659.2519999999995,2907.97,9.0,111.6376264475,0.0,0.0,0.0,4.0,1.0,70,81
2026-11-12 09:35:14.962328,TXNREGIME_B_CROSS_PROCESS0000690,gulatireva@okhdfc,764.05,3,9,groceries,upi_p2p,test,0,0,0.0,0,0,0,0,,620.4,0.921,3.0,2608.0066666666667,5388.732,5789.2,6.0,49.398749539444445,0.0,0.0,2.0,6.0,2.0,155,72
2026-11-12 09:52:14.686066,TXNREGIME_B_CROSS_PROCESS0000847,sastryirya@ybl,357.86,3,9,food_delivery,upi_autopay,test,0,0,0.0,0,0,0,0,,352.4,0.835,3.0,1876.7733333333333,4336.1759999999995,4750.45,5.0,70.04762237166666,0.0,0.0,1.0,0.0,0.0,53,146
2026-11-12 10:00:38.466783,TXNREGIME_B_CROSS_PROCESS0000334,dugargaurav@paytm,992.82,3,10,groceries,upi_p2p,test,0,0,0.0,0,0,1,0,,577.4,0.845,2.0,1723.3100000000002,2498.633,2584.78,4.0,54.16687512361111,0.0,0.0,0.0,4.0,1.0,279,23
2026-11-12 10:29:04.388961,TXNREGIME_B_CROSS_PROCESS0000274,janilucky@okhdfc,12799.75,3,10,groceries,upi_p2p,test,0,0,0.0,0,0,0,0,,274.9,0.935,2.0,1537.4,2059.4,2117.4,4.0,9.990948443055556,0.0,1.0,0.0,0.0,0.0,108,111
2026-11-12 12:00:27.067328,TXNREGIME_B_CROSS_PROCESS0001486,jasonpillai@oksbi,1153.23,3,12,e_commerce,upi_p2m,test,0,0,0.0,0,0,0,0,,275.2,0.82,8.0,489.94124999999997,757.8865,779.31,5.0,33.86442862055556,0.0,0.0,0.0,0.0,0.0,243,103
2026-11-12 13:10:45.940690,TXNREGIME_B_CROSS_PROCESS0000520,lpadmanabhan@ybl,1196.58,3,13,utility_bill,upi_p2m,test,0,0,0.0,0,0,0,0,,143.0,0.733,1.0,2102.81,2102.81,2102.81,9.0,239.20661604861112,0.0,0.0,0.0,0.0,0.0,138,58
2026-11-12 13:37:07.273451,TXNREGIME_B_CROSS_PROCESS0000085,ebhatt@ybl,3095.25,3,13,person_to_person,upi_p2p,test,0,0,0.0,0,0,0,0,,76.8,0.741,4.0,3225.7074999999995,6690.154999999999,7019.45,4.0,16.841214564444442,0.0,1.0,0.0,0.0,0.0,27,69
2026-11-12 14:28:51.253446,TXNREGIME_B_CROSS_PROCESS0000308,jaggigagan@oksbi,700.84,3,14,groceries,upi_p2p,test,0,0,0.0,0,0,0,0,,303.1,0.868,4.0,1563.58,2459.9455,2528.59,8.0,51.91697198222222,0.0,0.0,0.0,0.0,0.0,99,150
2026-11-12 16:01:56.877430,TXNREGIME_B_CROSS_PROCESS0000046,desaiqasim@ybl,81.9,3,16,person_to_person,upi_p2p,test,0,0,0.0,0,0,0,0,,34.5,0.921,0.0,0.0,0.0,0.0,0.0,720.0,0.0,0.0,0.0,0.0,0.0,173,110
2026-11-12 16:03:54.763396,TXNREGIME_B_CROSS_PROCESS0000045,sastryirya@ybl,444.08,3,16,groceries,upi_p2m,test,0,0,0.3,0,0,0,0,,177.6,0.974,7.0,4884.3042857142855,18683.441999999985,25197.39,9.0,42.93110268666667,0.0,0.0,2.0,7.0,3.0,250,146
2026-11-12 18:31:51.854223,TXNREGIME_B_CROSS_PROCESS0000157,janilucky@okhdfc,3906.28,3,18,person_to_person,upi_p2p,test,0,0,0.0,0,0,0,0,,567.4,0.847,6.0,899.8916666666668,2616.1949999999997,3058.23,7.0,11.593691891944443,0.0,1.0,1.0,0.0,0.0,213,111
2026-11-12 21:46:01.913857,TXNREGIME_B_CROSS_PROCESS0001499,avni50@okicici,458.25,3,21,utility_bill,upi_p2p,test,0,0,0.0,0,0,0,0,,115.3,0.905,9.0,563.64,1003.6619999999998,1153.23,5.0,9.75967959138889,0.0,1.0,1.0,4.0,1.0,243,81
2026-11-13 02:02:29.512943,TXNREGIME_B_CROSS_PROCESS0000261,sastryirya@ybl,1997.41,4,2,e_commerce,upi_p2p,test,0,0,0.0,0,0,0,0,,1113.5,0.985,5.0,924.6,1287.496,1333.45,8.0,30.708863126388888,0.0,0.0,3.0,0.0,0.0,158,146
2026-11-13 04:07:08.894071,TXNREGIME_B_CROSS_PROCESS0000398,dugargaurav@paytm,557.27,4,4,groceries,upi_p2p,test,0,0,0.0,0,0,0,0,,905.9,0.873,5.0,3165.172,5599.492,5709.06,10.0,88.36625168527777,0.0,0.0,1.0,10.0,4.0,273,23
2026-11-13 05:24:38.205262,TXNREGIME_B_CROSS_PROCESS0000483,jai04@okhdfc,1732.94,4,5,other,upi_p2p,test,0,0,0.0,0,0,0,0,,819.2,0.711,2.0,2002.1299999999999,3358.196,3508.87,8.0,98.43097489166666,0.0,0.0,0.0,8.0,2.0,330,63
2026-11-13 05:35:32.997224,TXNREGIME_B_CROSS_PROCESS0000400,doshidhriti@paytm,119.6,4,5,person_to_person,upi_p2p,test,0,0,0.0,0,0,0,0,,166.1,0.925,3.0,1479.8133333333335,2425.584,2584.78,4.0,19.581814011388886,0.0,1.0,0.0,0.0,0.0,279,139
2026-11-13 05:37:25.941747,TXNREGIME_B_CROSS_PROCESS0000965,doshidhriti@paytm,315.72,4,5,utility_bill,upi_p2p,test,0,0,0.0,0,0,0,1,3.1112785460566723,70.0,0.982,6.0,1103.4016666666666,1831.42,1997.41,8.0,3.582341334444444,0.0,1.0,1.0,1.0,1.0,158,139
2026-11-13 07:17:13.164977,TXNREGIME_B_CROSS_PROCESS0000905,balasubramanianhardik@paytm,2714.09,4,7,recharge,upi_p2m,test,0,0,0.0,0,0,0,0,,65.1,0.98,5.0,2366.774,5787.864,6225.99,10.0,51.49680690555555,0.0,0.0,0.0,9.0,3.0,109,107
2026-11-13 07:17:59.910165,TXNREGIME_B_CROSS_PROCESS0000993,ijaya24@okicici,510.51,4,7,food_delivery,upi_p2m,test,0,0,0.0,0,0,0,0,,28.6,0.62,1.0,1102.88,1102.88,1102.88,10.0,256.49988655305555,0.0,0.0,0.0,0.0,0.0,224,39
2026-11-13 07:36:59.965374,TXNREGIME_B_CROSS_PROCESS0000538,hchandran@oksbi,705.72,4,7,recharge,upi_p2p,test,0,0,0.0,0,0,0,0,,157.3,0.975,7.0,990.8757142857143,1798.2219999999995,1997.41,9.0,1.9927843408333332,0.0,2.0,0.0,0.0,0.0,158,141
2026-11-13 09:53:37.966639,TXNREGIME_B_CROSS_PROCESS0000304,lpadmanabhan@ybl,1197.91,4,9,other,upi_p2m,test,0,0,0.0,0,0,0,0,,1463.7,0.949,3.0,1133.5866666666668,1785.4229999999998,1869.06,9.0,73.04351335694444,0.0,0.0,1.0,3.0,1.0,308,58
2026-11-13 12:43:10.668780,TXNREGIME_B_CROSS_PROCESS0000416,lpadmanabhan@ybl,930.67,4,12,e_commerce,upi_p2m,test,0,0,0.0,0,0,0,0,,182.8,0.664,4.0,1149.6675,1768.3874999999998,1869.06,9.0,2.8257505947222223,0.0,1.0,2.0,3.0,2.0,308,58
2026-11-13 13:19:35.166950,TXNREGIME_B_CROSS_PROCESS0000668,idalal@paytm,973.61,4,13,travel,upi_p2m,test,0,0,0.0,0,0,0,0,,254.6,0.881,3.0,1597.1366666666665,3627.821999999999,3965.75,10.0,105.21967930861112,0.0,0.0,0.0,0.0,0.0,285,35
2026-11-13 13:22:03.446638,TXNREGIME_B_CROSS_PROCESS0000930,aaravbhargava@okicici,625.61,4,13,travel,upi_p2m,test,0,0,0.0,0,0,0,1,2.7663003285702,27.1,0.817,7.0,569.0085714285714,1328.961999999999,1633.36,10.0,30.717330754722223,0.0,0.0,0.0,0.0,0.0,30,68
2026-11-13 13:53:56.832030,TXNREGIME_B_CROSS_PROCESS0001307,doshidhriti@paytm,663.65,4,13,groceries,upi_p2m,test,0,0,0.0,0,0,0,0,,140.5,0.965,4.0,1030.03,1693.3104999999998,1784.26,10.0,35.95343250888889,0.0,0.0,2.0,2.0,1.0,13,139
2026-11-13 15:43:58.085572,TXNREGIME_B_CROSS_PROCESS0000494,chaaya60@ybl,1842.78,4,15,travel,upi_p2p,test,0,0,0.0,0,0,0,0,,59.9,0.972,4.0,4202.2025,10751.912499999997,12231.1,6.0,100.24501769083334,0.0,0.0,0.0,6.0,2.0,51,122
2026-11-13 15:54:54.257350,TXNREGIME_B_CROSS_PROCESS0001482,nidradin@paytm,3482.72,4,15,food_delivery,upi_autopay,test,0,0,0.0,0,0,1,0,,28.3,0.981,2.0,1255.25,1396.118,1411.77,9.0,146.29944657166666,0.0,0.0,0.0,0.0,0.0,277,90
2026-11-13 18:17:47.507041,TXNREGIME_B_CROSS_PROCESS0001254,prabhakarmaanas@ybl,1794.8,4,18,person_to_person,upi_p2p,test,0,0,0.0,0,0,0,1,3.522985057285026,54.2,0.562,7.0,1317.6971428571428,3004.106999999999,3277.14,10.0,35.028188655,0.0,0.0,0.0,10.0,5.0,328,152
2026-11-13 18:47:43.878803,TXNREGIME_B_CROSS_PROCESS0000537,chaaya60@ybl,115.66,4,18,utility_bill,upi_p2m,test,0,0,0.0,0,0,0,0,,195.9,0.772,2.0,806.695,1073.2615,1102.88,11.0,11.495546843888889,0.0,1.0,1.0,0.0,0.0,224,122
2026-11-13 19:12:12.209862,TXNREGIME_B_CROSS_PROCESS0000132,ygopal@ybl,1873.52,4,19,e_commerce,upi_p2m,test,0,0,0.0,0,0,0,0,,580.6,0.895,3.0,5291.516666666666,11731.515,12799.75,6.0,32.71883913916667,0.0,0.0,0.0,1.0,1.0,108,133
2026-11-13 19:43:37.718571,TXNREGIME_B_CROSS_PROCESS0000958,dugargaurav@paytm,1005.9,4,19,e_commerce,upi_p2p,test,0,0,0.0,0,0,0,0,,45.2,0.598,1.0,761.25,761.25,761.25,3.0,87.16526067250001,0.0,0.0,1.0,0.0,0.0,132,23
2026-11-13 20:22:20.382141,TXNREGIME_B_CROSS_PROCESS0000463,jai04@okhdfc,1510.32,4,20,utility_bill,upi_p2m,test,0,0,0.0,0,0,0,0,,63.9,0.95,3.0,1912.3999999999999,3331.277,3508.87,9.0,14.961715799722223,0.0,1.0,1.0,9.0,3.0,330,63
2026-11-13 20:49:29.267870,TXNREGIME_B_CROSS_PROCESS0001111,amara13@paytm,359.36,4,20,travel,upi_p2p,test,0,0,0.0,0,0,0,0,,104.0,0.677,10.0,553.101,984.9659999999996,1153.23,6.0,23.057598336944444,0.0,1.0,0.0,6.0,5.0,243,15
2026-11-13 20:59:30.867278,TXNREGIME_B_CROSS_PROCESS0000497,nidradin@paytm,2231.38,4,20,recharge,upi_p2p,test,0,0,0.0,0,0,0,0,,143.9,0.853,3.0,1232.57,2240.572,2407.07,11.0,43.12105209138889,0.0,0.0,1.0,1.0,1.0,261,90
2026-11-13 21:10:11.952530,TXNREGIME_B_CROSS_PROCESS0001139,dugargaurav@paytm,509.39,4,21,food_delivery,upi_p2m,test,0,0,0.0,0,0,0,0,,408.0,0.719,6.0,2730.521666666667,5572.1,5709.06,11.0,17.050849571944443,0.0,1.0,2.0,11.0,5.0,273,23
2026-11-13 21:25:58.577745,TXNREGIME_B_CROSS_PROCESS0000168,ijaya24@okicici,420.63,4,21,e_commerce,upi_p2p,test,0,0,0.0,0,0,0,1,0.8693633830990025,50.4,0.81,2.0,1649.695,2057.4984999999997,2102.81,11.0,32.253510293055555,0.0,0.0,1.0,0.0,0.0,138,39
2026-11-13 22:07:07.898097,TXNREGIME_B_CROSS_PROCESS0000963,divya74@okicici,2660.74,4,22,utility_bill,upi_p2p,test,0,0,0.0,0,0,0,0,,310.6,0.877,5.0,1192.7,2576.3459999999995,2907.97,11.0,37.591561204722225,0.0,0.0,0.0,0.0,0.0,70,159
2026-11-13 23:14:24.203372,TXNREGIME_B_CROSS_PROCESS0000243,hemanidixit@okicici,594.88,4,23,travel,upi_p2m,test,0,0,0.0,0,0,0,0,,70.9,0.895,1.0,330.58,330.58,330.58,4.0,99.0986666575,0.0,0.0,0.0,0.0,0.0,189,126
2026-11-13 23:40:50.377655,TXNREGIME_B_CROSS_PROCESS0001121,yashvibora@paytm,2102.35,4,23,e_commerce,upi_p2p,test,0,0,0.0,0,0,0,0,,73.4,0.972,3.0,1073.8166666666668,2291.411,2505.82,9.0,69.47856388805555,0.0,0.0,0.0,0.0,0.0,236,147
2026-11-13 23:58:33.600000,TXNREGIME_B_CROSS_PROCESS0001248,dbatra@ybl,178.91,4,23,person_to_person,upi_p2m,test,0,0,0.0,0,0,0,0,,511.5,0.62,5.0,841.8380000000001,1621.918,1746.15,8.0,69.91269912277778,0.0,0.0,0.0,7.0,3.0,98,3
2026-11-13 23:58:33.600000,TXNREGIME_B_CROSS_PROCESS0000824,nidradin@paytm,1417.12,4,23,groceries,upi_p2m,test,0,0,0.0,0,0,0,0,,337.4,0.929,2.0,1624.695,1976.9234999999999,2016.06,5.0,124.48809941833333,0.0,0.0,2.0,5.0,2.0,215,90
2026-11-13 23:58:33.600000,TXNREGIME_B_CROSS_PROCESS0000293,lpadmanabhan@ybl,122.82,4,23,other,upi_p2m,test,0,0,0.0,0,0,0,0,,136.9,0.624,2.0,1043.72,1594.988,1656.24,8.0,139.3650419736111,0.0,0.0,2.0,0.0,0.0,294,58
2026-11-13 23:58:33.600000,TXNREGIME_B_CROSS_PROCESS0001171,chaaya60@ybl,2387.97,4,23,recharge,upi_p2m,test,0,0,0.0,0,0,0,0,,33.6,0.833,6.0,695.2283333333334,1426.6375,1542.68,10.0,40.351780777222224,0.0,0.0,2.0,4.0,1.0,304,122
2026-11-13 23:58:33.600000,TXNREGIME_B_CROSS_PROCESS0000364,nidradin@paytm,2834.1,4,23,utility_bill,upi_p2p,test,0,0,0.0,0,0,0,0,,119.6,0.882,8.0,576.08375,1280.6474999999994,1633.36,10.0,10.608375933888889,0.0,1.0,2.0,3.0,4.0,30,90
2026-11-13 23:58:33.600000,TXNREGIME_B_CROSS_PROCESS0000819,ebhatt@ybl,821.23,4,23,travel,upi_p2p,test,0,0,0.0,0,0,0,0,,272.3,0.661,3.0,1240.0066666666667,2012.187,2102.81,11.0,2.5430617375,0.0,1.0,0.0,0.0,0.0,138,69
2026-11-13 23:58:33.600000,TXNREGIME_B_CROSS_PROCESS0001044,desaiqasim@ybl,503.4,4,23,e_commerce,upi_p2p,test,0,0,0.0,0,0,0,0,,68.8,0.915,4.0,1441.255,3516.928999999999,3965.75,10.0,10.649564736111111,0.0,1.0,0.0,0.0,0.0,285,110
2026-11-13 23:58:33.600000,TXNREGIME_B_CROSS_PROCESS0001295,prabhakarmaanas@ybl,573.86,4,23,groceries,upi_p2m,test,0,0,0.0,0,0,0,0,,291.2,0.892,8.0,1377.335,2958.6014999999998,3277.14,11.0,5.679470266388889,0.0,1.0,1.0,11.0,6.0,328,152
2026-11-13 23:58:33.600000,TXNREGIME_B_CROSS_PROCESS0000742,amara13@paytm,1389.68,4,23,e_commerce,upi_p2p,test,0,0,0.0,0,0,0,0,,38.2,0.751,11.0,535.4881818181818,966.27,1153.23,7.0,3.1512033694444446,0.0,1.0,1.0,6.0,6.0,243,15
2026-11-13 23:58:33.600000,TXNREGIME_B_CROSS_PROCESS0000693,usoman@okhdfc,696.19,4,23,food_delivery,upi_p2p,test,1,0,0.0,0,0,0,0,,364.4,0.864,1.0,81.9,81.9,81.9,1.0,31.943534047222222,0.0,0.0,0.0,0.0,0.0,173,41
2026-11-13 23:58:33.600000,TXNREGIME_B_CROSS_PROCESS0001450,balasubramanianhardik@paytm,912.83,4,23,groceries,upi_p2p,test,0,0,0.0,0,0,0,0,,162.0,0.856,5.0,1725.1200000000001,3314.8799999999997,3452.6,9.0,44.820585961666666,0.0,0.0,1.0,0.0,0.0,208,107
2026-11-13 23:58:33.600000,TXNREGIME_B_CROSS_PROCESS0001067,divya74@okicici,434.66,4,23,recharge,upi_p2p,test,0,0,0.0,0,0,0,0,,96.0,0.986,2.0,2139.085,3476.138499999999,3624.7,5.0,59.29979362888889,0.0,0.0,1.0,0.0,0.0,200,159
2026-11-13 23:58:33.600000,TXNREGIME_B_CROSS_PROCESS0000096,amara13@paytm,1556.09,4,23,food_delivery,upi_p2m,test,0,0,0.0,0,0,0,0,,67.8,0.755,2.0,1020.24,1699.308,1774.76,9.0,212.61176137555555,0.0,0.0,1.0,8.0,1.0,40,15
2026-11-13 23:58:33.600000,TXNREGIME_B_CROSS_PROCESS0000583,lallafalguni@paytm,47.7,4,23,groceries,upi_p2p,test,0,0,0.0,0,0,0,0,,447.8,0.857,6.0,1437.3733333333332,2846.1625,2907.97,11.0,1.8571394175,0.0,1.0,0.0,10.0,2.0,70,131
2026-11-13 23:58:33.600000,TXNREGIME_B_CROSS_PROCESS0001376,usoman@okhdfc,2713.38,4,23,e_commerce,upi_p2p,test,0,1,1.8,0,0,0,0,,175.6,0.517,2.0,462.73,581.665,594.88,4.0,0.7359435077777777,1.0,1.0,0.0,0.0,0.0,189,41
2026-11-13 23:58:33.600000,TXNREGIME_B_CROSS_PROCESS0000057,hemanidixit@okicici,818.46,4,23,person_to_person,upi_p2m,test,0,1,1.8,0,0,0,0,,695.4,0.626,5.0,1391.032,2437.064,2528.59,9.0,33.495096265,0.0,0.0,1.0,9.0,1.0,99,126
2026-11-13 23:58:33.600000,TXNREGIME_B_CROSS_PROCESS0000820,balasubramanianhardik@paytm,908.93,4,23,person_to_person,upi_p2p,test,0,0,0.0,0,0,0,0,,890.2,0.671,4.0,1909.54,3347.6604999999995,3559.15,9.0,56.96855662972222,0.0,0.0,1.0,8.0,2.0,63,107
2026-11-13 23:58:33.600000,TXNREGIME_B_CROSS_PROCESS0000778,divya74@okicici,1639.18,4,23,food_delivery,upi_p2p,test,0,0,0.0,0,0,0,0,,425.7,0.764,6.0,2374.9916666666663,6582.1275000000005,7778.34,9.0,50.021163173055555,0.0,0.0,1.0,0.0,0.0,166,159
2026-11-13 23:58:33.600000,TXNREGIME_B_CROSS_PROCESS0000832,gulatireva@okhdfc,769.72,4,23,person_to_person,upi_p2p,test,0,0,0.0,0,0,0,0,,815.4,0.871,4.0,2147.0175,5188.497999999998,5789.2,7.0,38.38851046444445,0.0,0.0,0.0,7.0,3.0,155,72
2026-11-13 23:58:33.600000,TXNREGIME_B_CROSS_PROCESS0001268,ijaya24@okicici,58.55,4,23,e_commerce,upi_p2p,test,0,0,0.0,0,0,0,0,,259.6,0.717,4.0,1139.76,2345.9859999999994,2584.78,5.0,18.383500771111112,0.0,1.0,2.0,0.0,0.0,279,39
